{"ts":"2026-05-07T02:50:41.296Z","level":"INFO","title":"TEMPLATE","message":"compile templates\\tpr_quotation.hbs","templatePath":"C:\\Projcet TPR\\report-server\\templates\\tpr_quotation.hbs"}
{"ts":"2026-05-07T02:50:41.298Z","level":"INFO","title":"TEMPLATE","message":"compile templates\\tpr_credit_note.hbs","templatePath":"C:\\Projcet TPR\\report-server\\templates\\tpr_credit_note.hbs"}
{"ts":"2026-05-07T02:50:41.299Z","level":"INFO","title":"TEMPLATE","message":"compile templates\\tpr_invoice.hbs","templatePath":"C:\\Projcet TPR\\report-server\\templates\\tpr_invoice.hbs"}
{"ts":"2026-05-07T02:50:41.300Z","level":"INFO","title":"TEMPLATE","message":"compile templates\\tpr_purchase_order.hbs","templatePath":"C:\\Projcet TPR\\report-server\\templates\\tpr_purchase_order.hbs"}
{"ts":"2026-05-07T02:50:41.301Z","level":"INFO","title":"TEMPLATE","message":"compile templates\\tpr_receipt.hbs","templatePath":"C:\\Projcet TPR\\report-server\\templates\\tpr_receipt.hbs"}
{"ts":"2026-05-07T02:50:41.302Z","level":"INFO","title":"TEMPLATE","message":"compile templates\\tpr_tax_receipt.hbs","templatePath":"C:\\Projcet TPR\\report-server\\templates\\tpr_tax_receipt.hbs"}
{"ts":"2026-05-07T02:50:41.304Z","level":"INFO","title":"TEMPLATE","message":"compile templates\\tpr_withholding_tax_certificate.hbs","templatePath":"C:\\Projcet TPR\\report-server\\templates\\tpr_withholding_tax_certificate.hbs"}
{"ts":"2026-05-07T02:50:41.305Z","level":"INFO","title":"TEMPLATE","message":"compile templates\\tpr_payment_voucher.hbs","templatePath":"C:\\Projcet TPR\\report-server\\templates\\tpr_payment_voucher.hbs"}
{"ts":"2026-05-07T02:50:41.306Z","level":"INFO","title":"TEMPLATE","message":"compile templates\\tpr_receipt_voucher.hbs","templatePath":"C:\\Projcet TPR\\report-server\\templates\\tpr_receipt_voucher.hbs"}
{"ts":"2026-05-07T02:50:41.307Z","level":"INFO","title":"TEMPLATE","message":"compile templates\\tpr_petty_cash_voucher.hbs","templatePath":"C:\\Projcet TPR\\report-server\\templates\\tpr_petty_cash_voucher.hbs"}
{"ts":"2026-05-07T02:50:41.308Z","level":"INFO","title":"TEMPLATE","message":"compile templates\\tpr_petty_cash_request.hbs","templatePath":"C:\\Projcet TPR\\report-server\\templates\\tpr_petty_cash_request.hbs"}
{"ts":"2026-05-07T02:50:41.309Z","level":"INFO","title":"TEMPLATE","message":"compile templates\\tpr_petty_cash_payment_report.hbs","templatePath":"C:\\Projcet TPR\\report-server\\templates\\tpr_petty_cash_payment_report.hbs"}
{"ts":"2026-05-07T02:50:41.310Z","level":"INFO","title":"TEMPLATE","message":"compile templates\\tpr_receipt_certification.hbs","templatePath":"C:\\Projcet TPR\\report-server\\templates\\tpr_receipt_certification.hbs"}
{"ts":"2026-05-07T02:50:41.311Z","level":"INFO","title":"TEMPLATE","message":"compile templates\\tpr_payroll_slip.hbs","templatePath":"C:\\Projcet TPR\\report-server\\templates\\tpr_payroll_slip.hbs"}
{"ts":"2026-05-07T02:50:41.312Z","level":"WARN","title":"CSS","message":"inline missing: C:\\Projcet TPR\\report-server\\public\\css\\quotation.css (ไม่จำเป็นถ้า CSS อยู่ใน hbs แล้ว)","cssPath":"C:\\Projcet TPR\\report-server\\public\\css\\quotation.css"}
{"ts":"2026-05-07T02:50:41.333Z","level":"OK","title":"READY","message":"PDF server is running","port":4100,"logFile":"C:\\Projcet TPR\\report-server\\logs\\server-2026-05-07.log"}
{"ts":"2026-05-07T02:50:41.334Z","level":"BOOT","message":"PDF server is running","port":4100,"logFile":"C:\\Projcet TPR\\report-server\\logs\\server-2026-05-07.log"}
{"ts":"2026-05-07T02:51:17.609Z","level":"STEP","reqId":"MOUW3E94-7C0BDI","route":"PAYROLL_SLIP","stage":"START","detail":"OPTIONS /tpr-payroll-slip/pdf","method":"OPTIONS","url":"/tpr-payroll-slip/pdf"}
{"ts":"2026-05-07T02:51:17.610Z","level":"REQUEST_START","reqId":"MOUW3E94-7C0BDI","route":"PAYROLL_SLIP","method":"OPTIONS","url":"/tpr-payroll-slip/pdf","ip":"::1","origin":"http://localhost:5174","ua":"Mozilla/5.0 (Windows NT 10.0; Win64; x64) AppleWebKit/537.36 (KHTML, like Gecko) Chrome/147.0.0.0 Safari/537.36","payloadBytes":2}
{"ts":"2026-05-07T02:51:17.613Z","level":"REQUEST_DONE","reqId":"MOUW3E94-7C0BDI","route":"PAYROLL_SLIP","method":"OPTIONS","url":"/tpr-payroll-slip/pdf","status":204,"durationMs":5,"responseSize":"0 B"}
{"ts":"2026-05-07T02:51:17.616Z","level":"STEP","reqId":"MOUW3E9B-N7B56Z","route":"PAYROLL_SLIP","stage":"START","detail":"POST /tpr-payroll-slip/pdf","method":"POST","url":"/tpr-payroll-slip/pdf"}
{"ts":"2026-05-07T02:51:17.616Z","level":"REQUEST_START","reqId":"MOUW3E9B-N7B56Z","route":"PAYROLL_SLIP","method":"POST","url":"/tpr-payroll-slip/pdf","ip":"::1","origin":"http://localhost:5174","ua":"Mozilla/5.0 (Windows NT 10.0; Win64; x64) AppleWebKit/537.36 (KHTML, like Gecko) Chrome/147.0.0.0 Safari/537.36","payloadBytes":2}
{"ts":"2026-05-07T02:51:17.636Z","level":"STEP","reqId":"MOUW3E9B-N7B56Z","route":"PAYROLL_SLIP","stage":"ROUTE","detail":"pdf mode","method":"POST","url":"/tpr-payroll-slip/pdf"}
{"ts":"2026-05-07T02:51:17.637Z","level":"STEP","reqId":"MOUW3E9B-N7B56Z","route":"PAYROLL_SLIP","stage":"NORMALIZE","detail":"payload 1.64 KB","method":"POST","url":"/tpr-payroll-slip/pdf"}
{"ts":"2026-05-07T02:51:17.639Z","level":"STEP","reqId":"MOUW3E9B-N7B56Z","route":"PAYROLL_SLIP","stage":"TEMPLATE","detail":"render html before pdf","method":"POST","url":"/tpr-payroll-slip/pdf"}
{"ts":"2026-05-07T02:51:17.675Z","level":"INFO","title":"PUPPETEER","message":"launch browser..."}
{"ts":"2026-05-07T02:51:18.235Z","level":"OK","title":"PUPPETEER","message":"browser launched"}
{"ts":"2026-05-07T02:51:18.274Z","level":"STEP","reqId":"MOUW3E9B-N7B56Z","route":"PAYROLL_SLIP","stage":"PDF:PAGE_OPEN","detail":"create new page","method":"POST","url":"/tpr-payroll-slip/pdf"}
{"ts":"2026-05-07T02:51:18.281Z","level":"STEP","reqId":"MOUW3E9B-N7B56Z","route":"PAYROLL_SLIP","stage":"PDF:SET_CONTENT","detail":"html size 13.2 KB","method":"POST","url":"/tpr-payroll-slip/pdf"}
{"ts":"2026-05-07T02:51:19.681Z","level":"STEP","reqId":"MOUW3E9B-N7B56Z","route":"PAYROLL_SLIP","stage":"PDF:FONTS_READY","detail":"waiting document.fonts.ready","method":"POST","url":"/tpr-payroll-slip/pdf"}
{"ts":"2026-05-07T02:51:19.684Z","level":"STEP","reqId":"MOUW3E9B-N7B56Z","route":"PAYROLL_SLIP","stage":"PDF:RENDER","detail":"format=A4 media=screen landscape=true","method":"POST","url":"/tpr-payroll-slip/pdf"}
{"ts":"2026-05-07T02:51:19.867Z","level":"STEP","reqId":"MOUW3E9B-N7B56Z","route":"PAYROLL_SLIP","stage":"PDF:BUFFER_READY","detail":"pdf size 374 KB","method":"POST","url":"/tpr-payroll-slip/pdf"}
{"ts":"2026-05-07T02:51:19.867Z","level":"STEP","reqId":"MOUW3E9B-N7B56Z","route":"PAYROLL_SLIP","stage":"PDF:PAGE_CLOSE","detail":"close page","method":"POST","url":"/tpr-payroll-slip/pdf"}
{"ts":"2026-05-07T02:51:19.877Z","level":"STEP","reqId":"MOUW3E9B-N7B56Z","route":"PAYROLL_SLIP","stage":"RESPOND_PDF","detail":"filename=tpr_payroll_slip.pdf","method":"POST","url":"/tpr-payroll-slip/pdf"}
{"ts":"2026-05-07T02:51:19.877Z","level":"PDF_RESPONSE","reqId":"MOUW3E9B-N7B56Z","route":"PAYROLL_SLIP","method":"POST","url":"/tpr-payroll-slip/pdf","filename":"tpr_payroll_slip.pdf","pdfBytes":382998}
{"ts":"2026-05-07T02:51:19.879Z","level":"REQUEST_DONE","reqId":"MOUW3E9B-N7B56Z","route":"PAYROLL_SLIP","method":"POST","url":"/tpr-payroll-slip/pdf","status":200,"durationMs":2264,"responseSize":"374 KB"}
{"ts":"2026-05-07T03:03:24.087Z","level":"STEP","reqId":"MOUWIYT2-LKLTE7","route":"PAYROLL_SLIP","stage":"START","detail":"OPTIONS /tpr-payroll-slip/pdf","method":"OPTIONS","url":"/tpr-payroll-slip/pdf"}
{"ts":"2026-05-07T03:03:24.088Z","level":"REQUEST_START","reqId":"MOUWIYT2-LKLTE7","route":"PAYROLL_SLIP","method":"OPTIONS","url":"/tpr-payroll-slip/pdf","ip":"::1","origin":"http://localhost:5174","ua":"Mozilla/5.0 (Windows NT 10.0; Win64; x64) AppleWebKit/537.36 (KHTML, like Gecko) Chrome/147.0.0.0 Safari/537.36","payloadBytes":2}
{"ts":"2026-05-07T03:03:24.090Z","level":"REQUEST_DONE","reqId":"MOUWIYT2-LKLTE7","route":"PAYROLL_SLIP","method":"OPTIONS","url":"/tpr-payroll-slip/pdf","status":204,"durationMs":4,"responseSize":"0 B"}
{"ts":"2026-05-07T03:03:24.091Z","level":"STEP","reqId":"MOUWIYT7-26QEIX","route":"PAYROLL_SLIP","stage":"START","detail":"POST /tpr-payroll-slip/pdf","method":"POST","url":"/tpr-payroll-slip/pdf"}
{"ts":"2026-05-07T03:03:24.092Z","level":"REQUEST_START","reqId":"MOUWIYT7-26QEIX","route":"PAYROLL_SLIP","method":"POST","url":"/tpr-payroll-slip/pdf","ip":"::1","origin":"http://localhost:5174","ua":"Mozilla/5.0 (Windows NT 10.0; Win64; x64) AppleWebKit/537.36 (KHTML, like Gecko) Chrome/147.0.0.0 Safari/537.36","payloadBytes":2}
{"ts":"2026-05-07T03:03:24.096Z","level":"STEP","reqId":"MOUWIYT7-26QEIX","route":"PAYROLL_SLIP","stage":"ROUTE","detail":"pdf mode","method":"POST","url":"/tpr-payroll-slip/pdf"}
{"ts":"2026-05-07T03:03:24.096Z","level":"STEP","reqId":"MOUWIYT7-26QEIX","route":"PAYROLL_SLIP","stage":"NORMALIZE","detail":"payload 1.64 KB","method":"POST","url":"/tpr-payroll-slip/pdf"}
{"ts":"2026-05-07T03:03:24.097Z","level":"STEP","reqId":"MOUWIYT7-26QEIX","route":"PAYROLL_SLIP","stage":"TEMPLATE","detail":"render html before pdf","method":"POST","url":"/tpr-payroll-slip/pdf"}
{"ts":"2026-05-07T03:03:24.100Z","level":"INFO","title":"PUPPETEER","message":"reuse existing browser instance"}
{"ts":"2026-05-07T03:03:24.139Z","level":"STEP","reqId":"MOUWIYT7-26QEIX","route":"PAYROLL_SLIP","stage":"PDF:PAGE_OPEN","detail":"create new page","method":"POST","url":"/tpr-payroll-slip/pdf"}
{"ts":"2026-05-07T03:03:24.142Z","level":"STEP","reqId":"MOUWIYT7-26QEIX","route":"PAYROLL_SLIP","stage":"PDF:SET_CONTENT","detail":"html size 13.2 KB","method":"POST","url":"/tpr-payroll-slip/pdf"}
{"ts":"2026-05-07T03:03:25.637Z","level":"STEP","reqId":"MOUWIYT7-26QEIX","route":"PAYROLL_SLIP","stage":"PDF:FONTS_READY","detail":"waiting document.fonts.ready","method":"POST","url":"/tpr-payroll-slip/pdf"}
{"ts":"2026-05-07T03:03:25.639Z","level":"STEP","reqId":"MOUWIYT7-26QEIX","route":"PAYROLL_SLIP","stage":"PDF:RENDER","detail":"format=A4 media=screen landscape=true","method":"POST","url":"/tpr-payroll-slip/pdf"}
{"ts":"2026-05-07T03:03:25.833Z","level":"STEP","reqId":"MOUWIYT7-26QEIX","route":"PAYROLL_SLIP","stage":"PDF:BUFFER_READY","detail":"pdf size 374 KB","method":"POST","url":"/tpr-payroll-slip/pdf"}
{"ts":"2026-05-07T03:03:25.833Z","level":"STEP","reqId":"MOUWIYT7-26QEIX","route":"PAYROLL_SLIP","stage":"PDF:PAGE_CLOSE","detail":"close page","method":"POST","url":"/tpr-payroll-slip/pdf"}
{"ts":"2026-05-07T03:03:25.843Z","level":"STEP","reqId":"MOUWIYT7-26QEIX","route":"PAYROLL_SLIP","stage":"RESPOND_PDF","detail":"filename=tpr_payroll_slip.pdf","method":"POST","url":"/tpr-payroll-slip/pdf"}
{"ts":"2026-05-07T03:03:25.844Z","level":"PDF_RESPONSE","reqId":"MOUWIYT7-26QEIX","route":"PAYROLL_SLIP","method":"POST","url":"/tpr-payroll-slip/pdf","filename":"tpr_payroll_slip.pdf","pdfBytes":382998}
{"ts":"2026-05-07T03:03:25.846Z","level":"REQUEST_DONE","reqId":"MOUWIYT7-26QEIX","route":"PAYROLL_SLIP","method":"POST","url":"/tpr-payroll-slip/pdf","status":200,"durationMs":1754,"responseSize":"374 KB"}
{"ts":"2026-05-07T03:33:11.402Z","level":"INFO","title":"TEMPLATE","message":"compile templates\\tpr_quotation.hbs","templatePath":"C:\\Projcet TPR\\report-server\\templates\\tpr_quotation.hbs"}
{"ts":"2026-05-07T03:33:11.403Z","level":"INFO","title":"TEMPLATE","message":"compile templates\\tpr_credit_note.hbs","templatePath":"C:\\Projcet TPR\\report-server\\templates\\tpr_credit_note.hbs"}
{"ts":"2026-05-07T03:33:11.404Z","level":"INFO","title":"TEMPLATE","message":"compile templates\\tpr_invoice.hbs","templatePath":"C:\\Projcet TPR\\report-server\\templates\\tpr_invoice.hbs"}
{"ts":"2026-05-07T03:33:11.405Z","level":"INFO","title":"TEMPLATE","message":"compile templates\\tpr_purchase_order.hbs","templatePath":"C:\\Projcet TPR\\report-server\\templates\\tpr_purchase_order.hbs"}
{"ts":"2026-05-07T03:33:11.405Z","level":"INFO","title":"TEMPLATE","message":"compile templates\\tpr_receipt.hbs","templatePath":"C:\\Projcet TPR\\report-server\\templates\\tpr_receipt.hbs"}
{"ts":"2026-05-07T03:33:11.406Z","level":"INFO","title":"TEMPLATE","message":"compile templates\\tpr_tax_receipt.hbs","templatePath":"C:\\Projcet TPR\\report-server\\templates\\tpr_tax_receipt.hbs"}
{"ts":"2026-05-07T03:33:11.406Z","level":"INFO","title":"TEMPLATE","message":"compile templates\\tpr_withholding_tax_certificate.hbs","templatePath":"C:\\Projcet TPR\\report-server\\templates\\tpr_withholding_tax_certificate.hbs"}
{"ts":"2026-05-07T03:33:11.407Z","level":"INFO","title":"TEMPLATE","message":"compile templates\\tpr_payment_voucher.hbs","templatePath":"C:\\Projcet TPR\\report-server\\templates\\tpr_payment_voucher.hbs"}
{"ts":"2026-05-07T03:33:11.408Z","level":"INFO","title":"TEMPLATE","message":"compile templates\\tpr_receipt_voucher.hbs","templatePath":"C:\\Projcet TPR\\report-server\\templates\\tpr_receipt_voucher.hbs"}
{"ts":"2026-05-07T03:33:11.409Z","level":"INFO","title":"TEMPLATE","message":"compile templates\\tpr_petty_cash_voucher.hbs","templatePath":"C:\\Projcet TPR\\report-server\\templates\\tpr_petty_cash_voucher.hbs"}
{"ts":"2026-05-07T03:33:11.410Z","level":"INFO","title":"TEMPLATE","message":"compile templates\\tpr_petty_cash_request.hbs","templatePath":"C:\\Projcet TPR\\report-server\\templates\\tpr_petty_cash_request.hbs"}
{"ts":"2026-05-07T03:33:11.410Z","level":"INFO","title":"TEMPLATE","message":"compile templates\\tpr_petty_cash_payment_report.hbs","templatePath":"C:\\Projcet TPR\\report-server\\templates\\tpr_petty_cash_payment_report.hbs"}
{"ts":"2026-05-07T03:33:11.411Z","level":"INFO","title":"TEMPLATE","message":"compile templates\\tpr_receipt_certification.hbs","templatePath":"C:\\Projcet TPR\\report-server\\templates\\tpr_receipt_certification.hbs"}
{"ts":"2026-05-07T03:33:11.411Z","level":"INFO","title":"TEMPLATE","message":"compile templates\\tpr_payroll_slip.hbs","templatePath":"C:\\Projcet TPR\\report-server\\templates\\tpr_payroll_slip.hbs"}
{"ts":"2026-05-07T03:33:11.413Z","level":"WARN","title":"CSS","message":"inline missing: C:\\Projcet TPR\\report-server\\public\\css\\quotation.css (ไม่จำเป็นถ้า CSS อยู่ใน hbs แล้ว)","cssPath":"C:\\Projcet TPR\\report-server\\public\\css\\quotation.css"}
{"ts":"2026-05-07T03:33:11.442Z","level":"OK","title":"READY","message":"PDF server is running","port":4100,"logFile":"C:\\Projcet TPR\\report-server\\logs\\server-2026-05-07.log"}
{"ts":"2026-05-07T03:33:11.443Z","level":"BOOT","message":"PDF server is running","port":4100,"logFile":"C:\\Projcet TPR\\report-server\\logs\\server-2026-05-07.log"}
{"ts":"2026-05-07T03:36:11.043Z","level":"WARN","title":"SHUTDOWN","message":"received SIGINT, closing server resources...","signal":"SIGINT"}
{"ts":"2026-05-07T03:36:14.523Z","level":"INFO","title":"TEMPLATE","message":"compile templates\\tpr_quotation.hbs","templatePath":"C:\\Projcet TPR\\report-server\\templates\\tpr_quotation.hbs"}
{"ts":"2026-05-07T03:36:14.524Z","level":"INFO","title":"TEMPLATE","message":"compile templates\\tpr_credit_note.hbs","templatePath":"C:\\Projcet TPR\\report-server\\templates\\tpr_credit_note.hbs"}
{"ts":"2026-05-07T03:36:14.525Z","level":"INFO","title":"TEMPLATE","message":"compile templates\\tpr_invoice.hbs","templatePath":"C:\\Projcet TPR\\report-server\\templates\\tpr_invoice.hbs"}
{"ts":"2026-05-07T03:36:14.525Z","level":"INFO","title":"TEMPLATE","message":"compile templates\\tpr_purchase_order.hbs","templatePath":"C:\\Projcet TPR\\report-server\\templates\\tpr_purchase_order.hbs"}
{"ts":"2026-05-07T03:36:14.526Z","level":"INFO","title":"TEMPLATE","message":"compile templates\\tpr_receipt.hbs","templatePath":"C:\\Projcet TPR\\report-server\\templates\\tpr_receipt.hbs"}
{"ts":"2026-05-07T03:36:14.526Z","level":"INFO","title":"TEMPLATE","message":"compile templates\\tpr_tax_receipt.hbs","templatePath":"C:\\Projcet TPR\\report-server\\templates\\tpr_tax_receipt.hbs"}
{"ts":"2026-05-07T03:36:14.527Z","level":"INFO","title":"TEMPLATE","message":"compile templates\\tpr_withholding_tax_certificate.hbs","templatePath":"C:\\Projcet TPR\\report-server\\templates\\tpr_withholding_tax_certificate.hbs"}
{"ts":"2026-05-07T03:36:14.527Z","level":"INFO","title":"TEMPLATE","message":"compile templates\\tpr_payment_voucher.hbs","templatePath":"C:\\Projcet TPR\\report-server\\templates\\tpr_payment_voucher.hbs"}
{"ts":"2026-05-07T03:36:14.528Z","level":"INFO","title":"TEMPLATE","message":"compile templates\\tpr_receipt_voucher.hbs","templatePath":"C:\\Projcet TPR\\report-server\\templates\\tpr_receipt_voucher.hbs"}
{"ts":"2026-05-07T03:36:14.529Z","level":"INFO","title":"TEMPLATE","message":"compile templates\\tpr_petty_cash_voucher.hbs","templatePath":"C:\\Projcet TPR\\report-server\\templates\\tpr_petty_cash_voucher.hbs"}
{"ts":"2026-05-07T03:36:14.530Z","level":"INFO","title":"TEMPLATE","message":"compile templates\\tpr_petty_cash_request.hbs","templatePath":"C:\\Projcet TPR\\report-server\\templates\\tpr_petty_cash_request.hbs"}
{"ts":"2026-05-07T03:36:14.530Z","level":"INFO","title":"TEMPLATE","message":"compile templates\\tpr_petty_cash_payment_report.hbs","templatePath":"C:\\Projcet TPR\\report-server\\templates\\tpr_petty_cash_payment_report.hbs"}
{"ts":"2026-05-07T03:36:14.531Z","level":"INFO","title":"TEMPLATE","message":"compile templates\\tpr_receipt_certification.hbs","templatePath":"C:\\Projcet TPR\\report-server\\templates\\tpr_receipt_certification.hbs"}
{"ts":"2026-05-07T03:36:14.532Z","level":"INFO","title":"TEMPLATE","message":"compile templates\\tpr_payroll_slip.hbs","templatePath":"C:\\Projcet TPR\\report-server\\templates\\tpr_payroll_slip.hbs"}
{"ts":"2026-05-07T03:36:14.532Z","level":"WARN","title":"CSS","message":"inline missing: C:\\Projcet TPR\\report-server\\public\\css\\quotation.css (ไม่จำเป็นถ้า CSS อยู่ใน hbs แล้ว)","cssPath":"C:\\Projcet TPR\\report-server\\public\\css\\quotation.css"}
{"ts":"2026-05-07T03:36:14.556Z","level":"OK","title":"READY","message":"PDF server is running","port":4100,"logFile":"C:\\Projcet TPR\\report-server\\logs\\server-2026-05-07.log"}
{"ts":"2026-05-07T03:36:14.557Z","level":"BOOT","message":"PDF server is running","port":4100,"logFile":"C:\\Projcet TPR\\report-server\\logs\\server-2026-05-07.log"}
{"ts":"2026-05-07T03:36:22.089Z","level":"STEP","reqId":"MOUXPD1L-O9WQ1W","route":"PAYROLL_SLIP","stage":"START","detail":"OPTIONS /tpr-payroll-slip/pdf","method":"OPTIONS","url":"/tpr-payroll-slip/pdf"}
{"ts":"2026-05-07T03:36:22.090Z","level":"REQUEST_START","reqId":"MOUXPD1L-O9WQ1W","route":"PAYROLL_SLIP","method":"OPTIONS","url":"/tpr-payroll-slip/pdf","ip":"::1","origin":"http://localhost:5174","ua":"Mozilla/5.0 (Windows NT 10.0; Win64; x64) AppleWebKit/537.36 (KHTML, like Gecko) Chrome/147.0.0.0 Safari/537.36","payloadBytes":2}
{"ts":"2026-05-07T03:36:22.094Z","level":"REQUEST_DONE","reqId":"MOUXPD1L-O9WQ1W","route":"PAYROLL_SLIP","method":"OPTIONS","url":"/tpr-payroll-slip/pdf","status":204,"durationMs":5,"responseSize":"0 B"}
{"ts":"2026-05-07T03:36:22.096Z","level":"STEP","reqId":"MOUXPD1S-2K3AIH","route":"PAYROLL_SLIP","stage":"START","detail":"POST /tpr-payroll-slip/pdf","method":"POST","url":"/tpr-payroll-slip/pdf"}
{"ts":"2026-05-07T03:36:22.097Z","level":"REQUEST_START","reqId":"MOUXPD1S-2K3AIH","route":"PAYROLL_SLIP","method":"POST","url":"/tpr-payroll-slip/pdf","ip":"::1","origin":"http://localhost:5174","ua":"Mozilla/5.0 (Windows NT 10.0; Win64; x64) AppleWebKit/537.36 (KHTML, like Gecko) Chrome/147.0.0.0 Safari/537.36","payloadBytes":2}
{"ts":"2026-05-07T03:36:22.112Z","level":"STEP","reqId":"MOUXPD1S-2K3AIH","route":"PAYROLL_SLIP","stage":"ROUTE","detail":"pdf mode","method":"POST","url":"/tpr-payroll-slip/pdf"}
{"ts":"2026-05-07T03:36:22.113Z","level":"STEP","reqId":"MOUXPD1S-2K3AIH","route":"PAYROLL_SLIP","stage":"NORMALIZE","detail":"payload 1.65 KB","method":"POST","url":"/tpr-payroll-slip/pdf"}
{"ts":"2026-05-07T03:36:22.115Z","level":"STEP","reqId":"MOUXPD1S-2K3AIH","route":"PAYROLL_SLIP","stage":"TEMPLATE","detail":"render html before pdf","method":"POST","url":"/tpr-payroll-slip/pdf"}
{"ts":"2026-05-07T03:36:22.143Z","level":"INFO","title":"PUPPETEER","message":"launch browser..."}
{"ts":"2026-05-07T03:36:22.452Z","level":"OK","title":"PUPPETEER","message":"browser launched"}
{"ts":"2026-05-07T03:36:22.493Z","level":"STEP","reqId":"MOUXPD1S-2K3AIH","route":"PAYROLL_SLIP","stage":"PDF:PAGE_OPEN","detail":"create new page","method":"POST","url":"/tpr-payroll-slip/pdf"}
{"ts":"2026-05-07T03:36:22.496Z","level":"STEP","reqId":"MOUXPD1S-2K3AIH","route":"PAYROLL_SLIP","stage":"PDF:SET_CONTENT","detail":"html size 11.6 KB","method":"POST","url":"/tpr-payroll-slip/pdf"}
{"ts":"2026-05-07T03:36:24.209Z","level":"STEP","reqId":"MOUXPD1S-2K3AIH","route":"PAYROLL_SLIP","stage":"PDF:FONTS_READY","detail":"waiting document.fonts.ready","method":"POST","url":"/tpr-payroll-slip/pdf"}
{"ts":"2026-05-07T03:36:24.211Z","level":"STEP","reqId":"MOUXPD1S-2K3AIH","route":"PAYROLL_SLIP","stage":"PDF:RENDER","detail":"format=A4 media=screen landscape=true","method":"POST","url":"/tpr-payroll-slip/pdf"}
{"ts":"2026-05-07T03:36:24.393Z","level":"STEP","reqId":"MOUXPD1S-2K3AIH","route":"PAYROLL_SLIP","stage":"PDF:BUFFER_READY","detail":"pdf size 372 KB","method":"POST","url":"/tpr-payroll-slip/pdf"}
{"ts":"2026-05-07T03:36:24.394Z","level":"STEP","reqId":"MOUXPD1S-2K3AIH","route":"PAYROLL_SLIP","stage":"PDF:PAGE_CLOSE","detail":"close page","method":"POST","url":"/tpr-payroll-slip/pdf"}
{"ts":"2026-05-07T03:36:24.403Z","level":"STEP","reqId":"MOUXPD1S-2K3AIH","route":"PAYROLL_SLIP","stage":"RESPOND_PDF","detail":"filename=tpr_payroll_slip.pdf","method":"POST","url":"/tpr-payroll-slip/pdf"}
{"ts":"2026-05-07T03:36:24.403Z","level":"PDF_RESPONSE","reqId":"MOUXPD1S-2K3AIH","route":"PAYROLL_SLIP","method":"POST","url":"/tpr-payroll-slip/pdf","filename":"tpr_payroll_slip.pdf","pdfBytes":380467}
{"ts":"2026-05-07T03:36:24.406Z","level":"REQUEST_DONE","reqId":"MOUXPD1S-2K3AIH","route":"PAYROLL_SLIP","method":"POST","url":"/tpr-payroll-slip/pdf","status":200,"durationMs":2309,"responseSize":"372 KB"}
{"ts":"2026-05-07T03:48:26.339Z","level":"INFO","title":"TEMPLATE","message":"compile templates\\tpr_quotation.hbs","templatePath":"C:\\Projcet TPR\\report-server\\templates\\tpr_quotation.hbs"}
{"ts":"2026-05-07T03:48:26.341Z","level":"INFO","title":"TEMPLATE","message":"compile templates\\tpr_credit_note.hbs","templatePath":"C:\\Projcet TPR\\report-server\\templates\\tpr_credit_note.hbs"}
{"ts":"2026-05-07T03:48:26.342Z","level":"INFO","title":"TEMPLATE","message":"compile templates\\tpr_invoice.hbs","templatePath":"C:\\Projcet TPR\\report-server\\templates\\tpr_invoice.hbs"}
{"ts":"2026-05-07T03:48:26.342Z","level":"INFO","title":"TEMPLATE","message":"compile templates\\tpr_purchase_order.hbs","templatePath":"C:\\Projcet TPR\\report-server\\templates\\tpr_purchase_order.hbs"}
{"ts":"2026-05-07T03:48:26.343Z","level":"INFO","title":"TEMPLATE","message":"compile templates\\tpr_receipt.hbs","templatePath":"C:\\Projcet TPR\\report-server\\templates\\tpr_receipt.hbs"}
{"ts":"2026-05-07T03:48:26.343Z","level":"INFO","title":"TEMPLATE","message":"compile templates\\tpr_tax_receipt.hbs","templatePath":"C:\\Projcet TPR\\report-server\\templates\\tpr_tax_receipt.hbs"}
{"ts":"2026-05-07T03:48:26.344Z","level":"INFO","title":"TEMPLATE","message":"compile templates\\tpr_withholding_tax_certificate.hbs","templatePath":"C:\\Projcet TPR\\report-server\\templates\\tpr_withholding_tax_certificate.hbs"}
{"ts":"2026-05-07T03:48:26.346Z","level":"INFO","title":"TEMPLATE","message":"compile templates\\tpr_payment_voucher.hbs","templatePath":"C:\\Projcet TPR\\report-server\\templates\\tpr_payment_voucher.hbs"}
{"ts":"2026-05-07T03:48:26.346Z","level":"INFO","title":"TEMPLATE","message":"compile templates\\tpr_receipt_voucher.hbs","templatePath":"C:\\Projcet TPR\\report-server\\templates\\tpr_receipt_voucher.hbs"}
{"ts":"2026-05-07T03:48:26.347Z","level":"INFO","title":"TEMPLATE","message":"compile templates\\tpr_petty_cash_voucher.hbs","templatePath":"C:\\Projcet TPR\\report-server\\templates\\tpr_petty_cash_voucher.hbs"}
{"ts":"2026-05-07T03:48:26.348Z","level":"INFO","title":"TEMPLATE","message":"compile templates\\tpr_petty_cash_request.hbs","templatePath":"C:\\Projcet TPR\\report-server\\templates\\tpr_petty_cash_request.hbs"}
{"ts":"2026-05-07T03:48:26.348Z","level":"INFO","title":"TEMPLATE","message":"compile templates\\tpr_petty_cash_payment_report.hbs","templatePath":"C:\\Projcet TPR\\report-server\\templates\\tpr_petty_cash_payment_report.hbs"}
{"ts":"2026-05-07T03:48:26.348Z","level":"INFO","title":"TEMPLATE","message":"compile templates\\tpr_receipt_certification.hbs","templatePath":"C:\\Projcet TPR\\report-server\\templates\\tpr_receipt_certification.hbs"}
{"ts":"2026-05-07T03:48:26.349Z","level":"INFO","title":"TEMPLATE","message":"compile templates\\tpr_payroll_slip.hbs","templatePath":"C:\\Projcet TPR\\report-server\\templates\\tpr_payroll_slip.hbs"}
{"ts":"2026-05-07T03:48:26.350Z","level":"WARN","title":"CSS","message":"inline missing: C:\\Projcet TPR\\report-server\\public\\css\\quotation.css (ไม่จำเป็นถ้า CSS อยู่ใน hbs แล้ว)","cssPath":"C:\\Projcet TPR\\report-server\\public\\css\\quotation.css"}
{"ts":"2026-05-07T03:48:26.370Z","level":"OK","title":"READY","message":"PDF server is running","port":4100,"logFile":"C:\\Projcet TPR\\report-server\\logs\\server-2026-05-07.log"}
{"ts":"2026-05-07T03:48:26.371Z","level":"BOOT","message":"PDF server is running","port":4100,"logFile":"C:\\Projcet TPR\\report-server\\logs\\server-2026-05-07.log"}
{"ts":"2026-05-07T03:55:20.118Z","level":"WARN","title":"SHUTDOWN","message":"received SIGINT, closing server resources...","signal":"SIGINT"}
{"ts":"2026-05-07T03:55:23.973Z","level":"INFO","title":"TEMPLATE","message":"compile templates\\tpr_quotation.hbs","templatePath":"C:\\Projcet TPR\\report-server\\templates\\tpr_quotation.hbs"}
{"ts":"2026-05-07T03:55:23.975Z","level":"INFO","title":"TEMPLATE","message":"compile templates\\tpr_credit_note.hbs","templatePath":"C:\\Projcet TPR\\report-server\\templates\\tpr_credit_note.hbs"}
{"ts":"2026-05-07T03:55:23.976Z","level":"INFO","title":"TEMPLATE","message":"compile templates\\tpr_invoice.hbs","templatePath":"C:\\Projcet TPR\\report-server\\templates\\tpr_invoice.hbs"}
{"ts":"2026-05-07T03:55:23.976Z","level":"INFO","title":"TEMPLATE","message":"compile templates\\tpr_purchase_order.hbs","templatePath":"C:\\Projcet TPR\\report-server\\templates\\tpr_purchase_order.hbs"}
{"ts":"2026-05-07T03:55:23.977Z","level":"INFO","title":"TEMPLATE","message":"compile templates\\tpr_receipt.hbs","templatePath":"C:\\Projcet TPR\\report-server\\templates\\tpr_receipt.hbs"}
{"ts":"2026-05-07T03:55:23.977Z","level":"INFO","title":"TEMPLATE","message":"compile templates\\tpr_tax_receipt.hbs","templatePath":"C:\\Projcet TPR\\report-server\\templates\\tpr_tax_receipt.hbs"}
{"ts":"2026-05-07T03:55:23.978Z","level":"INFO","title":"TEMPLATE","message":"compile templates\\tpr_withholding_tax_certificate.hbs","templatePath":"C:\\Projcet TPR\\report-server\\templates\\tpr_withholding_tax_certificate.hbs"}
{"ts":"2026-05-07T03:55:23.979Z","level":"INFO","title":"TEMPLATE","message":"compile templates\\tpr_payment_voucher.hbs","templatePath":"C:\\Projcet TPR\\report-server\\templates\\tpr_payment_voucher.hbs"}
{"ts":"2026-05-07T03:55:23.980Z","level":"INFO","title":"TEMPLATE","message":"compile templates\\tpr_receipt_voucher.hbs","templatePath":"C:\\Projcet TPR\\report-server\\templates\\tpr_receipt_voucher.hbs"}
{"ts":"2026-05-07T03:55:23.981Z","level":"INFO","title":"TEMPLATE","message":"compile templates\\tpr_petty_cash_voucher.hbs","templatePath":"C:\\Projcet TPR\\report-server\\templates\\tpr_petty_cash_voucher.hbs"}
{"ts":"2026-05-07T03:55:23.982Z","level":"INFO","title":"TEMPLATE","message":"compile templates\\tpr_petty_cash_request.hbs","templatePath":"C:\\Projcet TPR\\report-server\\templates\\tpr_petty_cash_request.hbs"}
{"ts":"2026-05-07T03:55:23.982Z","level":"INFO","title":"TEMPLATE","message":"compile templates\\tpr_petty_cash_payment_report.hbs","templatePath":"C:\\Projcet TPR\\report-server\\templates\\tpr_petty_cash_payment_report.hbs"}
{"ts":"2026-05-07T03:55:23.983Z","level":"INFO","title":"TEMPLATE","message":"compile templates\\tpr_receipt_certification.hbs","templatePath":"C:\\Projcet TPR\\report-server\\templates\\tpr_receipt_certification.hbs"}
{"ts":"2026-05-07T03:55:23.984Z","level":"INFO","title":"TEMPLATE","message":"compile templates\\tpr_payroll_slip.hbs","templatePath":"C:\\Projcet TPR\\report-server\\templates\\tpr_payroll_slip.hbs"}
{"ts":"2026-05-07T03:55:23.984Z","level":"WARN","title":"CSS","message":"inline missing: C:\\Projcet TPR\\report-server\\public\\css\\quotation.css (ไม่จำเป็นถ้า CSS อยู่ใน hbs แล้ว)","cssPath":"C:\\Projcet TPR\\report-server\\public\\css\\quotation.css"}
{"ts":"2026-05-07T03:55:24.005Z","level":"OK","title":"READY","message":"PDF server is running","port":4100,"logFile":"C:\\Projcet TPR\\report-server\\logs\\server-2026-05-07.log"}
{"ts":"2026-05-07T03:55:24.005Z","level":"BOOT","message":"PDF server is running","port":4100,"logFile":"C:\\Projcet TPR\\report-server\\logs\\server-2026-05-07.log"}
{"ts":"2026-05-07T03:55:26.478Z","level":"STEP","reqId":"MOUYDW26-NI3KRI","route":"PAYROLL_SLIP","stage":"START","detail":"OPTIONS /tpr-payroll-slip/pdf","method":"OPTIONS","url":"/tpr-payroll-slip/pdf"}
{"ts":"2026-05-07T03:55:26.479Z","level":"REQUEST_START","reqId":"MOUYDW26-NI3KRI","route":"PAYROLL_SLIP","method":"OPTIONS","url":"/tpr-payroll-slip/pdf","ip":"::1","origin":"http://localhost:5174","ua":"Mozilla/5.0 (Windows NT 10.0; Win64; x64) AppleWebKit/537.36 (KHTML, like Gecko) Chrome/147.0.0.0 Safari/537.36","payloadBytes":2}
{"ts":"2026-05-07T03:55:26.482Z","level":"REQUEST_DONE","reqId":"MOUYDW26-NI3KRI","route":"PAYROLL_SLIP","method":"OPTIONS","url":"/tpr-payroll-slip/pdf","status":204,"durationMs":4,"responseSize":"0 B"}
{"ts":"2026-05-07T03:55:26.484Z","level":"STEP","reqId":"MOUYDW2B-VOQ4EY","route":"PAYROLL_SLIP","stage":"START","detail":"POST /tpr-payroll-slip/pdf","method":"POST","url":"/tpr-payroll-slip/pdf"}
{"ts":"2026-05-07T03:55:26.484Z","level":"REQUEST_START","reqId":"MOUYDW2B-VOQ4EY","route":"PAYROLL_SLIP","method":"POST","url":"/tpr-payroll-slip/pdf","ip":"::1","origin":"http://localhost:5174","ua":"Mozilla/5.0 (Windows NT 10.0; Win64; x64) AppleWebKit/537.36 (KHTML, like Gecko) Chrome/147.0.0.0 Safari/537.36","payloadBytes":2}
{"ts":"2026-05-07T03:55:26.493Z","level":"STEP","reqId":"MOUYDW2B-VOQ4EY","route":"PAYROLL_SLIP","stage":"ROUTE","detail":"pdf mode","method":"POST","url":"/tpr-payroll-slip/pdf"}
{"ts":"2026-05-07T03:55:26.494Z","level":"STEP","reqId":"MOUYDW2B-VOQ4EY","route":"PAYROLL_SLIP","stage":"NORMALIZE","detail":"payload 1.65 KB","method":"POST","url":"/tpr-payroll-slip/pdf"}
{"ts":"2026-05-07T03:55:26.495Z","level":"STEP","reqId":"MOUYDW2B-VOQ4EY","route":"PAYROLL_SLIP","stage":"TEMPLATE","detail":"render html before pdf","method":"POST","url":"/tpr-payroll-slip/pdf"}
{"ts":"2026-05-07T03:55:26.512Z","level":"INFO","title":"PUPPETEER","message":"launch browser..."}
{"ts":"2026-05-07T03:55:26.802Z","level":"OK","title":"PUPPETEER","message":"browser launched"}
{"ts":"2026-05-07T03:55:26.837Z","level":"STEP","reqId":"MOUYDW2B-VOQ4EY","route":"PAYROLL_SLIP","stage":"PDF:PAGE_OPEN","detail":"create new page","method":"POST","url":"/tpr-payroll-slip/pdf"}
{"ts":"2026-05-07T03:55:26.842Z","level":"STEP","reqId":"MOUYDW2B-VOQ4EY","route":"PAYROLL_SLIP","stage":"PDF:SET_CONTENT","detail":"html size 12.6 KB","method":"POST","url":"/tpr-payroll-slip/pdf"}
{"ts":"2026-05-07T03:55:27.858Z","level":"STEP","reqId":"MOUYDW2B-VOQ4EY","route":"PAYROLL_SLIP","stage":"PDF:FONTS_READY","detail":"waiting document.fonts.ready","method":"POST","url":"/tpr-payroll-slip/pdf"}
{"ts":"2026-05-07T03:55:27.860Z","level":"STEP","reqId":"MOUYDW2B-VOQ4EY","route":"PAYROLL_SLIP","stage":"PDF:RENDER","detail":"format=A4 media=screen landscape=true","method":"POST","url":"/tpr-payroll-slip/pdf"}
{"ts":"2026-05-07T03:55:28.057Z","level":"STEP","reqId":"MOUYDW2B-VOQ4EY","route":"PAYROLL_SLIP","stage":"PDF:BUFFER_READY","detail":"pdf size 388 KB","method":"POST","url":"/tpr-payroll-slip/pdf"}
{"ts":"2026-05-07T03:55:28.057Z","level":"STEP","reqId":"MOUYDW2B-VOQ4EY","route":"PAYROLL_SLIP","stage":"PDF:PAGE_CLOSE","detail":"close page","method":"POST","url":"/tpr-payroll-slip/pdf"}
{"ts":"2026-05-07T03:55:28.065Z","level":"STEP","reqId":"MOUYDW2B-VOQ4EY","route":"PAYROLL_SLIP","stage":"RESPOND_PDF","detail":"filename=tpr_payroll_slip.pdf","method":"POST","url":"/tpr-payroll-slip/pdf"}
{"ts":"2026-05-07T03:55:28.066Z","level":"PDF_RESPONSE","reqId":"MOUYDW2B-VOQ4EY","route":"PAYROLL_SLIP","method":"POST","url":"/tpr-payroll-slip/pdf","filename":"tpr_payroll_slip.pdf","pdfBytes":397059}
{"ts":"2026-05-07T03:55:28.069Z","level":"REQUEST_DONE","reqId":"MOUYDW2B-VOQ4EY","route":"PAYROLL_SLIP","method":"POST","url":"/tpr-payroll-slip/pdf","status":200,"durationMs":1585,"responseSize":"388 KB"}
{"ts":"2026-05-07T04:01:25.881Z","level":"INFO","title":"TEMPLATE","message":"compile templates\\tpr_quotation.hbs","templatePath":"C:\\Projcet TPR\\report-server\\templates\\tpr_quotation.hbs"}
{"ts":"2026-05-07T04:01:25.882Z","level":"INFO","title":"TEMPLATE","message":"compile templates\\tpr_credit_note.hbs","templatePath":"C:\\Projcet TPR\\report-server\\templates\\tpr_credit_note.hbs"}
{"ts":"2026-05-07T04:01:25.883Z","level":"INFO","title":"TEMPLATE","message":"compile templates\\tpr_invoice.hbs","templatePath":"C:\\Projcet TPR\\report-server\\templates\\tpr_invoice.hbs"}
{"ts":"2026-05-07T04:01:25.884Z","level":"INFO","title":"TEMPLATE","message":"compile templates\\tpr_purchase_order.hbs","templatePath":"C:\\Projcet TPR\\report-server\\templates\\tpr_purchase_order.hbs"}
{"ts":"2026-05-07T04:01:25.884Z","level":"INFO","title":"TEMPLATE","message":"compile templates\\tpr_receipt.hbs","templatePath":"C:\\Projcet TPR\\report-server\\templates\\tpr_receipt.hbs"}
{"ts":"2026-05-07T04:01:25.885Z","level":"INFO","title":"TEMPLATE","message":"compile templates\\tpr_tax_receipt.hbs","templatePath":"C:\\Projcet TPR\\report-server\\templates\\tpr_tax_receipt.hbs"}
{"ts":"2026-05-07T04:01:25.885Z","level":"INFO","title":"TEMPLATE","message":"compile templates\\tpr_withholding_tax_certificate.hbs","templatePath":"C:\\Projcet TPR\\report-server\\templates\\tpr_withholding_tax_certificate.hbs"}
{"ts":"2026-05-07T04:01:25.886Z","level":"INFO","title":"TEMPLATE","message":"compile templates\\tpr_payment_voucher.hbs","templatePath":"C:\\Projcet TPR\\report-server\\templates\\tpr_payment_voucher.hbs"}
{"ts":"2026-05-07T04:01:25.886Z","level":"INFO","title":"TEMPLATE","message":"compile templates\\tpr_receipt_voucher.hbs","templatePath":"C:\\Projcet TPR\\report-server\\templates\\tpr_receipt_voucher.hbs"}
{"ts":"2026-05-07T04:01:25.888Z","level":"INFO","title":"TEMPLATE","message":"compile templates\\tpr_petty_cash_voucher.hbs","templatePath":"C:\\Projcet TPR\\report-server\\templates\\tpr_petty_cash_voucher.hbs"}
{"ts":"2026-05-07T04:01:25.889Z","level":"INFO","title":"TEMPLATE","message":"compile templates\\tpr_petty_cash_request.hbs","templatePath":"C:\\Projcet TPR\\report-server\\templates\\tpr_petty_cash_request.hbs"}
{"ts":"2026-05-07T04:01:25.889Z","level":"INFO","title":"TEMPLATE","message":"compile templates\\tpr_petty_cash_payment_report.hbs","templatePath":"C:\\Projcet TPR\\report-server\\templates\\tpr_petty_cash_payment_report.hbs"}
{"ts":"2026-05-07T04:01:25.890Z","level":"INFO","title":"TEMPLATE","message":"compile templates\\tpr_receipt_certification.hbs","templatePath":"C:\\Projcet TPR\\report-server\\templates\\tpr_receipt_certification.hbs"}
{"ts":"2026-05-07T04:01:25.890Z","level":"INFO","title":"TEMPLATE","message":"compile templates\\tpr_payroll_slip.hbs","templatePath":"C:\\Projcet TPR\\report-server\\templates\\tpr_payroll_slip.hbs"}
{"ts":"2026-05-07T04:01:25.891Z","level":"WARN","title":"CSS","message":"inline missing: C:\\Projcet TPR\\report-server\\public\\css\\quotation.css (ไม่จำเป็นถ้า CSS อยู่ใน hbs แล้ว)","cssPath":"C:\\Projcet TPR\\report-server\\public\\css\\quotation.css"}
{"ts":"2026-05-07T04:01:25.910Z","level":"OK","title":"READY","message":"PDF server is running","port":4100,"logFile":"C:\\Projcet TPR\\report-server\\logs\\server-2026-05-07.log"}
{"ts":"2026-05-07T04:01:25.911Z","level":"BOOT","message":"PDF server is running","port":4100,"logFile":"C:\\Projcet TPR\\report-server\\logs\\server-2026-05-07.log"}
{"ts":"2026-05-07T04:09:57.141Z","level":"INFO","title":"TEMPLATE","message":"compile templates\\tpr_quotation.hbs","templatePath":"C:\\Projcet TPR\\report-server\\templates\\tpr_quotation.hbs"}
{"ts":"2026-05-07T04:09:57.142Z","level":"INFO","title":"TEMPLATE","message":"compile templates\\tpr_credit_note.hbs","templatePath":"C:\\Projcet TPR\\report-server\\templates\\tpr_credit_note.hbs"}
{"ts":"2026-05-07T04:09:57.143Z","level":"INFO","title":"TEMPLATE","message":"compile templates\\tpr_invoice.hbs","templatePath":"C:\\Projcet TPR\\report-server\\templates\\tpr_invoice.hbs"}
{"ts":"2026-05-07T04:09:57.143Z","level":"INFO","title":"TEMPLATE","message":"compile templates\\tpr_purchase_order.hbs","templatePath":"C:\\Projcet TPR\\report-server\\templates\\tpr_purchase_order.hbs"}
{"ts":"2026-05-07T04:09:57.144Z","level":"INFO","title":"TEMPLATE","message":"compile templates\\tpr_receipt.hbs","templatePath":"C:\\Projcet TPR\\report-server\\templates\\tpr_receipt.hbs"}
{"ts":"2026-05-07T04:09:57.144Z","level":"INFO","title":"TEMPLATE","message":"compile templates\\tpr_tax_receipt.hbs","templatePath":"C:\\Projcet TPR\\report-server\\templates\\tpr_tax_receipt.hbs"}
{"ts":"2026-05-07T04:09:57.145Z","level":"INFO","title":"TEMPLATE","message":"compile templates\\tpr_withholding_tax_certificate.hbs","templatePath":"C:\\Projcet TPR\\report-server\\templates\\tpr_withholding_tax_certificate.hbs"}
{"ts":"2026-05-07T04:09:57.146Z","level":"INFO","title":"TEMPLATE","message":"compile templates\\tpr_payment_voucher.hbs","templatePath":"C:\\Projcet TPR\\report-server\\templates\\tpr_payment_voucher.hbs"}
{"ts":"2026-05-07T04:09:57.147Z","level":"INFO","title":"TEMPLATE","message":"compile templates\\tpr_receipt_voucher.hbs","templatePath":"C:\\Projcet TPR\\report-server\\templates\\tpr_receipt_voucher.hbs"}
{"ts":"2026-05-07T04:09:57.148Z","level":"INFO","title":"TEMPLATE","message":"compile templates\\tpr_petty_cash_voucher.hbs","templatePath":"C:\\Projcet TPR\\report-server\\templates\\tpr_petty_cash_voucher.hbs"}
{"ts":"2026-05-07T04:09:57.148Z","level":"INFO","title":"TEMPLATE","message":"compile templates\\tpr_petty_cash_request.hbs","templatePath":"C:\\Projcet TPR\\report-server\\templates\\tpr_petty_cash_request.hbs"}
{"ts":"2026-05-07T04:09:57.149Z","level":"INFO","title":"TEMPLATE","message":"compile templates\\tpr_petty_cash_payment_report.hbs","templatePath":"C:\\Projcet TPR\\report-server\\templates\\tpr_petty_cash_payment_report.hbs"}
{"ts":"2026-05-07T04:09:57.149Z","level":"INFO","title":"TEMPLATE","message":"compile templates\\tpr_receipt_certification.hbs","templatePath":"C:\\Projcet TPR\\report-server\\templates\\tpr_receipt_certification.hbs"}
{"ts":"2026-05-07T04:09:57.150Z","level":"INFO","title":"TEMPLATE","message":"compile templates\\tpr_payroll_slip.hbs","templatePath":"C:\\Projcet TPR\\report-server\\templates\\tpr_payroll_slip.hbs"}
{"ts":"2026-05-07T04:09:57.150Z","level":"WARN","title":"CSS","message":"inline missing: C:\\Projcet TPR\\report-server\\public\\css\\quotation.css (ไม่จำเป็นถ้า CSS อยู่ใน hbs แล้ว)","cssPath":"C:\\Projcet TPR\\report-server\\public\\css\\quotation.css"}
{"ts":"2026-05-07T04:09:57.170Z","level":"OK","title":"READY","message":"PDF server is running","port":4100,"logFile":"C:\\Projcet TPR\\report-server\\logs\\server-2026-05-07.log"}
{"ts":"2026-05-07T04:09:57.171Z","level":"BOOT","message":"PDF server is running","port":4100,"logFile":"C:\\Projcet TPR\\report-server\\logs\\server-2026-05-07.log"}
{"ts":"2026-05-07T04:15:09.445Z","level":"WARN","title":"SHUTDOWN","message":"received SIGINT, closing server resources...","signal":"SIGINT"}
{"ts":"2026-05-07T04:15:13.445Z","level":"INFO","title":"TEMPLATE","message":"compile templates\\tpr_quotation.hbs","templatePath":"C:\\Projcet TPR\\report-server\\templates\\tpr_quotation.hbs"}
{"ts":"2026-05-07T04:15:13.447Z","level":"INFO","title":"TEMPLATE","message":"compile templates\\tpr_credit_note.hbs","templatePath":"C:\\Projcet TPR\\report-server\\templates\\tpr_credit_note.hbs"}
{"ts":"2026-05-07T04:15:13.447Z","level":"INFO","title":"TEMPLATE","message":"compile templates\\tpr_invoice.hbs","templatePath":"C:\\Projcet TPR\\report-server\\templates\\tpr_invoice.hbs"}
{"ts":"2026-05-07T04:15:13.448Z","level":"INFO","title":"TEMPLATE","message":"compile templates\\tpr_purchase_order.hbs","templatePath":"C:\\Projcet TPR\\report-server\\templates\\tpr_purchase_order.hbs"}
{"ts":"2026-05-07T04:15:13.448Z","level":"INFO","title":"TEMPLATE","message":"compile templates\\tpr_receipt.hbs","templatePath":"C:\\Projcet TPR\\report-server\\templates\\tpr_receipt.hbs"}
{"ts":"2026-05-07T04:15:13.449Z","level":"INFO","title":"TEMPLATE","message":"compile templates\\tpr_tax_receipt.hbs","templatePath":"C:\\Projcet TPR\\report-server\\templates\\tpr_tax_receipt.hbs"}
{"ts":"2026-05-07T04:15:13.450Z","level":"INFO","title":"TEMPLATE","message":"compile templates\\tpr_withholding_tax_certificate.hbs","templatePath":"C:\\Projcet TPR\\report-server\\templates\\tpr_withholding_tax_certificate.hbs"}
{"ts":"2026-05-07T04:15:13.451Z","level":"INFO","title":"TEMPLATE","message":"compile templates\\tpr_payment_voucher.hbs","templatePath":"C:\\Projcet TPR\\report-server\\templates\\tpr_payment_voucher.hbs"}
{"ts":"2026-05-07T04:15:13.451Z","level":"INFO","title":"TEMPLATE","message":"compile templates\\tpr_receipt_voucher.hbs","templatePath":"C:\\Projcet TPR\\report-server\\templates\\tpr_receipt_voucher.hbs"}
{"ts":"2026-05-07T04:15:13.452Z","level":"INFO","title":"TEMPLATE","message":"compile templates\\tpr_petty_cash_voucher.hbs","templatePath":"C:\\Projcet TPR\\report-server\\templates\\tpr_petty_cash_voucher.hbs"}
{"ts":"2026-05-07T04:15:13.452Z","level":"INFO","title":"TEMPLATE","message":"compile templates\\tpr_petty_cash_request.hbs","templatePath":"C:\\Projcet TPR\\report-server\\templates\\tpr_petty_cash_request.hbs"}
{"ts":"2026-05-07T04:15:13.453Z","level":"INFO","title":"TEMPLATE","message":"compile templates\\tpr_petty_cash_payment_report.hbs","templatePath":"C:\\Projcet TPR\\report-server\\templates\\tpr_petty_cash_payment_report.hbs"}
{"ts":"2026-05-07T04:15:13.453Z","level":"INFO","title":"TEMPLATE","message":"compile templates\\tpr_receipt_certification.hbs","templatePath":"C:\\Projcet TPR\\report-server\\templates\\tpr_receipt_certification.hbs"}
{"ts":"2026-05-07T04:15:13.454Z","level":"INFO","title":"TEMPLATE","message":"compile templates\\tpr_payroll_slip.hbs","templatePath":"C:\\Projcet TPR\\report-server\\templates\\tpr_payroll_slip.hbs"}
{"ts":"2026-05-07T04:15:13.455Z","level":"WARN","title":"CSS","message":"inline missing: C:\\Projcet TPR\\report-server\\public\\css\\quotation.css (ไม่จำเป็นถ้า CSS อยู่ใน hbs แล้ว)","cssPath":"C:\\Projcet TPR\\report-server\\public\\css\\quotation.css"}
{"ts":"2026-05-07T04:15:13.474Z","level":"OK","title":"READY","message":"PDF server is running","port":4100,"logFile":"C:\\Projcet TPR\\report-server\\logs\\server-2026-05-07.log"}
{"ts":"2026-05-07T04:15:13.474Z","level":"BOOT","message":"PDF server is running","port":4100,"logFile":"C:\\Projcet TPR\\report-server\\logs\\server-2026-05-07.log"}
{"ts":"2026-05-07T04:15:17.058Z","level":"STEP","reqId":"MOUZ3EPT-JC1B72","route":"PAYROLL_SLIP","stage":"START","detail":"OPTIONS /tpr-payroll-slip/pdf","method":"OPTIONS","url":"/tpr-payroll-slip/pdf"}
{"ts":"2026-05-07T04:15:17.059Z","level":"REQUEST_START","reqId":"MOUZ3EPT-JC1B72","route":"PAYROLL_SLIP","method":"OPTIONS","url":"/tpr-payroll-slip/pdf","ip":"::1","origin":"http://localhost:5174","ua":"Mozilla/5.0 (Windows NT 10.0; Win64; x64) AppleWebKit/537.36 (KHTML, like Gecko) Chrome/147.0.0.0 Safari/537.36","payloadBytes":2}
{"ts":"2026-05-07T04:15:17.064Z","level":"REQUEST_DONE","reqId":"MOUZ3EPT-JC1B72","route":"PAYROLL_SLIP","method":"OPTIONS","url":"/tpr-payroll-slip/pdf","status":204,"durationMs":6,"responseSize":"0 B"}
{"ts":"2026-05-07T04:15:17.066Z","level":"STEP","reqId":"MOUZ3EQ1-EXU1K8","route":"PAYROLL_SLIP","stage":"START","detail":"POST /tpr-payroll-slip/pdf","method":"POST","url":"/tpr-payroll-slip/pdf"}
{"ts":"2026-05-07T04:15:17.066Z","level":"REQUEST_START","reqId":"MOUZ3EQ1-EXU1K8","route":"PAYROLL_SLIP","method":"POST","url":"/tpr-payroll-slip/pdf","ip":"::1","origin":"http://localhost:5174","ua":"Mozilla/5.0 (Windows NT 10.0; Win64; x64) AppleWebKit/537.36 (KHTML, like Gecko) Chrome/147.0.0.0 Safari/537.36","payloadBytes":2}
{"ts":"2026-05-07T04:15:17.077Z","level":"STEP","reqId":"MOUZ3EQ1-EXU1K8","route":"PAYROLL_SLIP","stage":"ROUTE","detail":"pdf mode","method":"POST","url":"/tpr-payroll-slip/pdf"}
{"ts":"2026-05-07T04:15:17.077Z","level":"STEP","reqId":"MOUZ3EQ1-EXU1K8","route":"PAYROLL_SLIP","stage":"NORMALIZE","detail":"payload 1.65 KB","method":"POST","url":"/tpr-payroll-slip/pdf"}
{"ts":"2026-05-07T04:15:17.079Z","level":"STEP","reqId":"MOUZ3EQ1-EXU1K8","route":"PAYROLL_SLIP","stage":"TEMPLATE","detail":"render html before pdf","method":"POST","url":"/tpr-payroll-slip/pdf"}
{"ts":"2026-05-07T04:15:17.111Z","level":"INFO","title":"PUPPETEER","message":"launch browser..."}
{"ts":"2026-05-07T04:15:17.411Z","level":"OK","title":"PUPPETEER","message":"browser launched"}
{"ts":"2026-05-07T04:15:17.455Z","level":"STEP","reqId":"MOUZ3EQ1-EXU1K8","route":"PAYROLL_SLIP","stage":"PDF:PAGE_OPEN","detail":"create new page","method":"POST","url":"/tpr-payroll-slip/pdf"}
{"ts":"2026-05-07T04:15:17.459Z","level":"STEP","reqId":"MOUZ3EQ1-EXU1K8","route":"PAYROLL_SLIP","stage":"PDF:SET_CONTENT","detail":"html size 11.2 KB","method":"POST","url":"/tpr-payroll-slip/pdf"}
{"ts":"2026-05-07T04:15:18.967Z","level":"STEP","reqId":"MOUZ3EQ1-EXU1K8","route":"PAYROLL_SLIP","stage":"PDF:FONTS_READY","detail":"waiting document.fonts.ready","method":"POST","url":"/tpr-payroll-slip/pdf"}
{"ts":"2026-05-07T04:15:18.970Z","level":"STEP","reqId":"MOUZ3EQ1-EXU1K8","route":"PAYROLL_SLIP","stage":"PDF:RENDER","detail":"format=A4 media=screen landscape=true","method":"POST","url":"/tpr-payroll-slip/pdf"}
{"ts":"2026-05-07T04:15:19.171Z","level":"STEP","reqId":"MOUZ3EQ1-EXU1K8","route":"PAYROLL_SLIP","stage":"PDF:BUFFER_READY","detail":"pdf size 372 KB","method":"POST","url":"/tpr-payroll-slip/pdf"}
{"ts":"2026-05-07T04:15:19.172Z","level":"STEP","reqId":"MOUZ3EQ1-EXU1K8","route":"PAYROLL_SLIP","stage":"PDF:PAGE_CLOSE","detail":"close page","method":"POST","url":"/tpr-payroll-slip/pdf"}
{"ts":"2026-05-07T04:15:19.180Z","level":"STEP","reqId":"MOUZ3EQ1-EXU1K8","route":"PAYROLL_SLIP","stage":"RESPOND_PDF","detail":"filename=tpr_payroll_slip.pdf","method":"POST","url":"/tpr-payroll-slip/pdf"}
{"ts":"2026-05-07T04:15:19.181Z","level":"PDF_RESPONSE","reqId":"MOUZ3EQ1-EXU1K8","route":"PAYROLL_SLIP","method":"POST","url":"/tpr-payroll-slip/pdf","filename":"tpr_payroll_slip.pdf","pdfBytes":380904}
{"ts":"2026-05-07T04:15:19.184Z","level":"REQUEST_DONE","reqId":"MOUZ3EQ1-EXU1K8","route":"PAYROLL_SLIP","method":"POST","url":"/tpr-payroll-slip/pdf","status":200,"durationMs":2118,"responseSize":"372 KB"}
{"ts":"2026-05-07T04:25:05.266Z","level":"INFO","title":"TEMPLATE","message":"compile templates\\tpr_quotation.hbs","templatePath":"C:\\Projcet TPR\\report-server\\templates\\tpr_quotation.hbs"}
{"ts":"2026-05-07T04:25:05.268Z","level":"INFO","title":"TEMPLATE","message":"compile templates\\tpr_credit_note.hbs","templatePath":"C:\\Projcet TPR\\report-server\\templates\\tpr_credit_note.hbs"}
{"ts":"2026-05-07T04:25:05.268Z","level":"INFO","title":"TEMPLATE","message":"compile templates\\tpr_invoice.hbs","templatePath":"C:\\Projcet TPR\\report-server\\templates\\tpr_invoice.hbs"}
{"ts":"2026-05-07T04:25:05.269Z","level":"INFO","title":"TEMPLATE","message":"compile templates\\tpr_purchase_order.hbs","templatePath":"C:\\Projcet TPR\\report-server\\templates\\tpr_purchase_order.hbs"}
{"ts":"2026-05-07T04:25:05.269Z","level":"INFO","title":"TEMPLATE","message":"compile templates\\tpr_receipt.hbs","templatePath":"C:\\Projcet TPR\\report-server\\templates\\tpr_receipt.hbs"}
{"ts":"2026-05-07T04:25:05.270Z","level":"INFO","title":"TEMPLATE","message":"compile templates\\tpr_tax_receipt.hbs","templatePath":"C:\\Projcet TPR\\report-server\\templates\\tpr_tax_receipt.hbs"}
{"ts":"2026-05-07T04:25:05.270Z","level":"INFO","title":"TEMPLATE","message":"compile templates\\tpr_withholding_tax_certificate.hbs","templatePath":"C:\\Projcet TPR\\report-server\\templates\\tpr_withholding_tax_certificate.hbs"}
{"ts":"2026-05-07T04:25:05.272Z","level":"INFO","title":"TEMPLATE","message":"compile templates\\tpr_payment_voucher.hbs","templatePath":"C:\\Projcet TPR\\report-server\\templates\\tpr_payment_voucher.hbs"}
{"ts":"2026-05-07T04:25:05.273Z","level":"INFO","title":"TEMPLATE","message":"compile templates\\tpr_receipt_voucher.hbs","templatePath":"C:\\Projcet TPR\\report-server\\templates\\tpr_receipt_voucher.hbs"}
{"ts":"2026-05-07T04:25:05.274Z","level":"INFO","title":"TEMPLATE","message":"compile templates\\tpr_petty_cash_voucher.hbs","templatePath":"C:\\Projcet TPR\\report-server\\templates\\tpr_petty_cash_voucher.hbs"}
{"ts":"2026-05-07T04:25:05.274Z","level":"INFO","title":"TEMPLATE","message":"compile templates\\tpr_petty_cash_request.hbs","templatePath":"C:\\Projcet TPR\\report-server\\templates\\tpr_petty_cash_request.hbs"}
{"ts":"2026-05-07T04:25:05.275Z","level":"INFO","title":"TEMPLATE","message":"compile templates\\tpr_petty_cash_payment_report.hbs","templatePath":"C:\\Projcet TPR\\report-server\\templates\\tpr_petty_cash_payment_report.hbs"}
{"ts":"2026-05-07T04:25:05.275Z","level":"INFO","title":"TEMPLATE","message":"compile templates\\tpr_receipt_certification.hbs","templatePath":"C:\\Projcet TPR\\report-server\\templates\\tpr_receipt_certification.hbs"}
{"ts":"2026-05-07T04:25:05.275Z","level":"INFO","title":"TEMPLATE","message":"compile templates\\tpr_payroll_slip.hbs","templatePath":"C:\\Projcet TPR\\report-server\\templates\\tpr_payroll_slip.hbs"}
{"ts":"2026-05-07T04:25:05.276Z","level":"WARN","title":"CSS","message":"inline missing: C:\\Projcet TPR\\report-server\\public\\css\\quotation.css (ไม่จำเป็นถ้า CSS อยู่ใน hbs แล้ว)","cssPath":"C:\\Projcet TPR\\report-server\\public\\css\\quotation.css"}
{"ts":"2026-05-07T04:25:05.295Z","level":"OK","title":"READY","message":"PDF server is running","port":4100,"logFile":"C:\\Projcet TPR\\report-server\\logs\\server-2026-05-07.log"}
{"ts":"2026-05-07T04:25:05.295Z","level":"BOOT","message":"PDF server is running","port":4100,"logFile":"C:\\Projcet TPR\\report-server\\logs\\server-2026-05-07.log"}
{"ts":"2026-05-07T04:25:55.316Z","level":"INFO","title":"TEMPLATE","message":"compile templates\\tpr_quotation.hbs","templatePath":"C:\\Projcet TPR\\report-server\\templates\\tpr_quotation.hbs"}
{"ts":"2026-05-07T04:25:55.318Z","level":"INFO","title":"TEMPLATE","message":"compile templates\\tpr_credit_note.hbs","templatePath":"C:\\Projcet TPR\\report-server\\templates\\tpr_credit_note.hbs"}
{"ts":"2026-05-07T04:25:55.319Z","level":"INFO","title":"TEMPLATE","message":"compile templates\\tpr_invoice.hbs","templatePath":"C:\\Projcet TPR\\report-server\\templates\\tpr_invoice.hbs"}
{"ts":"2026-05-07T04:25:55.321Z","level":"INFO","title":"TEMPLATE","message":"compile templates\\tpr_purchase_order.hbs","templatePath":"C:\\Projcet TPR\\report-server\\templates\\tpr_purchase_order.hbs"}
{"ts":"2026-05-07T04:25:55.322Z","level":"INFO","title":"TEMPLATE","message":"compile templates\\tpr_receipt.hbs","templatePath":"C:\\Projcet TPR\\report-server\\templates\\tpr_receipt.hbs"}
{"ts":"2026-05-07T04:25:55.323Z","level":"INFO","title":"TEMPLATE","message":"compile templates\\tpr_tax_receipt.hbs","templatePath":"C:\\Projcet TPR\\report-server\\templates\\tpr_tax_receipt.hbs"}
{"ts":"2026-05-07T04:25:55.325Z","level":"INFO","title":"TEMPLATE","message":"compile templates\\tpr_withholding_tax_certificate.hbs","templatePath":"C:\\Projcet TPR\\report-server\\templates\\tpr_withholding_tax_certificate.hbs"}
{"ts":"2026-05-07T04:25:55.326Z","level":"INFO","title":"TEMPLATE","message":"compile templates\\tpr_payment_voucher.hbs","templatePath":"C:\\Projcet TPR\\report-server\\templates\\tpr_payment_voucher.hbs"}
{"ts":"2026-05-07T04:25:55.326Z","level":"INFO","title":"TEMPLATE","message":"compile templates\\tpr_receipt_voucher.hbs","templatePath":"C:\\Projcet TPR\\report-server\\templates\\tpr_receipt_voucher.hbs"}
{"ts":"2026-05-07T04:25:55.327Z","level":"INFO","title":"TEMPLATE","message":"compile templates\\tpr_petty_cash_voucher.hbs","templatePath":"C:\\Projcet TPR\\report-server\\templates\\tpr_petty_cash_voucher.hbs"}
{"ts":"2026-05-07T04:25:55.328Z","level":"INFO","title":"TEMPLATE","message":"compile templates\\tpr_petty_cash_request.hbs","templatePath":"C:\\Projcet TPR\\report-server\\templates\\tpr_petty_cash_request.hbs"}
{"ts":"2026-05-07T04:25:55.330Z","level":"INFO","title":"TEMPLATE","message":"compile templates\\tpr_petty_cash_payment_report.hbs","templatePath":"C:\\Projcet TPR\\report-server\\templates\\tpr_petty_cash_payment_report.hbs"}
{"ts":"2026-05-07T04:25:55.330Z","level":"INFO","title":"TEMPLATE","message":"compile templates\\tpr_receipt_certification.hbs","templatePath":"C:\\Projcet TPR\\report-server\\templates\\tpr_receipt_certification.hbs"}
{"ts":"2026-05-07T04:25:55.331Z","level":"INFO","title":"TEMPLATE","message":"compile templates\\tpr_payroll_slip.hbs","templatePath":"C:\\Projcet TPR\\report-server\\templates\\tpr_payroll_slip.hbs"}
{"ts":"2026-05-07T04:25:55.332Z","level":"WARN","title":"CSS","message":"inline missing: C:\\Projcet TPR\\report-server\\public\\css\\quotation.css (ไม่จำเป็นถ้า CSS อยู่ใน hbs แล้ว)","cssPath":"C:\\Projcet TPR\\report-server\\public\\css\\quotation.css"}
{"ts":"2026-05-07T04:25:55.353Z","level":"OK","title":"READY","message":"PDF server is running","port":4100,"logFile":"C:\\Projcet TPR\\report-server\\logs\\server-2026-05-07.log"}
{"ts":"2026-05-07T04:25:55.353Z","level":"BOOT","message":"PDF server is running","port":4100,"logFile":"C:\\Projcet TPR\\report-server\\logs\\server-2026-05-07.log"}
{"ts":"2026-05-07T04:26:04.554Z","level":"INFO","title":"TEMPLATE","message":"compile templates\\tpr_quotation.hbs","templatePath":"C:\\Projcet TPR\\report-server\\templates\\tpr_quotation.hbs"}
{"ts":"2026-05-07T04:26:04.555Z","level":"INFO","title":"TEMPLATE","message":"compile templates\\tpr_credit_note.hbs","templatePath":"C:\\Projcet TPR\\report-server\\templates\\tpr_credit_note.hbs"}
{"ts":"2026-05-07T04:26:04.556Z","level":"INFO","title":"TEMPLATE","message":"compile templates\\tpr_invoice.hbs","templatePath":"C:\\Projcet TPR\\report-server\\templates\\tpr_invoice.hbs"}
{"ts":"2026-05-07T04:26:04.556Z","level":"INFO","title":"TEMPLATE","message":"compile templates\\tpr_purchase_order.hbs","templatePath":"C:\\Projcet TPR\\report-server\\templates\\tpr_purchase_order.hbs"}
{"ts":"2026-05-07T04:26:04.557Z","level":"INFO","title":"TEMPLATE","message":"compile templates\\tpr_receipt.hbs","templatePath":"C:\\Projcet TPR\\report-server\\templates\\tpr_receipt.hbs"}
{"ts":"2026-05-07T04:26:04.557Z","level":"INFO","title":"TEMPLATE","message":"compile templates\\tpr_tax_receipt.hbs","templatePath":"C:\\Projcet TPR\\report-server\\templates\\tpr_tax_receipt.hbs"}
{"ts":"2026-05-07T04:26:04.558Z","level":"INFO","title":"TEMPLATE","message":"compile templates\\tpr_withholding_tax_certificate.hbs","templatePath":"C:\\Projcet TPR\\report-server\\templates\\tpr_withholding_tax_certificate.hbs"}
{"ts":"2026-05-07T04:26:04.559Z","level":"INFO","title":"TEMPLATE","message":"compile templates\\tpr_payment_voucher.hbs","templatePath":"C:\\Projcet TPR\\report-server\\templates\\tpr_payment_voucher.hbs"}
{"ts":"2026-05-07T04:26:04.560Z","level":"INFO","title":"TEMPLATE","message":"compile templates\\tpr_receipt_voucher.hbs","templatePath":"C:\\Projcet TPR\\report-server\\templates\\tpr_receipt_voucher.hbs"}
{"ts":"2026-05-07T04:26:04.560Z","level":"INFO","title":"TEMPLATE","message":"compile templates\\tpr_petty_cash_voucher.hbs","templatePath":"C:\\Projcet TPR\\report-server\\templates\\tpr_petty_cash_voucher.hbs"}
{"ts":"2026-05-07T04:26:04.561Z","level":"INFO","title":"TEMPLATE","message":"compile templates\\tpr_petty_cash_request.hbs","templatePath":"C:\\Projcet TPR\\report-server\\templates\\tpr_petty_cash_request.hbs"}
{"ts":"2026-05-07T04:26:04.562Z","level":"INFO","title":"TEMPLATE","message":"compile templates\\tpr_petty_cash_payment_report.hbs","templatePath":"C:\\Projcet TPR\\report-server\\templates\\tpr_petty_cash_payment_report.hbs"}
{"ts":"2026-05-07T04:26:04.562Z","level":"INFO","title":"TEMPLATE","message":"compile templates\\tpr_receipt_certification.hbs","templatePath":"C:\\Projcet TPR\\report-server\\templates\\tpr_receipt_certification.hbs"}
{"ts":"2026-05-07T04:26:04.563Z","level":"INFO","title":"TEMPLATE","message":"compile templates\\tpr_payroll_slip.hbs","templatePath":"C:\\Projcet TPR\\report-server\\templates\\tpr_payroll_slip.hbs"}
{"ts":"2026-05-07T04:26:04.563Z","level":"WARN","title":"CSS","message":"inline missing: C:\\Projcet TPR\\report-server\\public\\css\\quotation.css (ไม่จำเป็นถ้า CSS อยู่ใน hbs แล้ว)","cssPath":"C:\\Projcet TPR\\report-server\\public\\css\\quotation.css"}
{"ts":"2026-05-07T04:26:04.582Z","level":"OK","title":"READY","message":"PDF server is running","port":4100,"logFile":"C:\\Projcet TPR\\report-server\\logs\\server-2026-05-07.log"}
{"ts":"2026-05-07T04:26:04.582Z","level":"BOOT","message":"PDF server is running","port":4100,"logFile":"C:\\Projcet TPR\\report-server\\logs\\server-2026-05-07.log"}
{"ts":"2026-05-07T04:30:12.454Z","level":"WARN","title":"SHUTDOWN","message":"received SIGINT, closing server resources...","signal":"SIGINT"}
{"ts":"2026-05-07T04:30:16.279Z","level":"INFO","title":"TEMPLATE","message":"compile templates\\tpr_quotation.hbs","templatePath":"C:\\Projcet TPR\\report-server\\templates\\tpr_quotation.hbs"}
{"ts":"2026-05-07T04:30:16.280Z","level":"INFO","title":"TEMPLATE","message":"compile templates\\tpr_credit_note.hbs","templatePath":"C:\\Projcet TPR\\report-server\\templates\\tpr_credit_note.hbs"}
{"ts":"2026-05-07T04:30:16.281Z","level":"INFO","title":"TEMPLATE","message":"compile templates\\tpr_invoice.hbs","templatePath":"C:\\Projcet TPR\\report-server\\templates\\tpr_invoice.hbs"}
{"ts":"2026-05-07T04:30:16.282Z","level":"INFO","title":"TEMPLATE","message":"compile templates\\tpr_purchase_order.hbs","templatePath":"C:\\Projcet TPR\\report-server\\templates\\tpr_purchase_order.hbs"}
{"ts":"2026-05-07T04:30:16.282Z","level":"INFO","title":"TEMPLATE","message":"compile templates\\tpr_receipt.hbs","templatePath":"C:\\Projcet TPR\\report-server\\templates\\tpr_receipt.hbs"}
{"ts":"2026-05-07T04:30:16.282Z","level":"INFO","title":"TEMPLATE","message":"compile templates\\tpr_tax_receipt.hbs","templatePath":"C:\\Projcet TPR\\report-server\\templates\\tpr_tax_receipt.hbs"}
{"ts":"2026-05-07T04:30:16.284Z","level":"INFO","title":"TEMPLATE","message":"compile templates\\tpr_withholding_tax_certificate.hbs","templatePath":"C:\\Projcet TPR\\report-server\\templates\\tpr_withholding_tax_certificate.hbs"}
{"ts":"2026-05-07T04:30:16.284Z","level":"INFO","title":"TEMPLATE","message":"compile templates\\tpr_payment_voucher.hbs","templatePath":"C:\\Projcet TPR\\report-server\\templates\\tpr_payment_voucher.hbs"}
{"ts":"2026-05-07T04:30:16.285Z","level":"INFO","title":"TEMPLATE","message":"compile templates\\tpr_receipt_voucher.hbs","templatePath":"C:\\Projcet TPR\\report-server\\templates\\tpr_receipt_voucher.hbs"}
{"ts":"2026-05-07T04:30:16.286Z","level":"INFO","title":"TEMPLATE","message":"compile templates\\tpr_petty_cash_voucher.hbs","templatePath":"C:\\Projcet TPR\\report-server\\templates\\tpr_petty_cash_voucher.hbs"}
{"ts":"2026-05-07T04:30:16.286Z","level":"INFO","title":"TEMPLATE","message":"compile templates\\tpr_petty_cash_request.hbs","templatePath":"C:\\Projcet TPR\\report-server\\templates\\tpr_petty_cash_request.hbs"}
{"ts":"2026-05-07T04:30:16.287Z","level":"INFO","title":"TEMPLATE","message":"compile templates\\tpr_petty_cash_payment_report.hbs","templatePath":"C:\\Projcet TPR\\report-server\\templates\\tpr_petty_cash_payment_report.hbs"}
{"ts":"2026-05-07T04:30:16.288Z","level":"INFO","title":"TEMPLATE","message":"compile templates\\tpr_receipt_certification.hbs","templatePath":"C:\\Projcet TPR\\report-server\\templates\\tpr_receipt_certification.hbs"}
{"ts":"2026-05-07T04:30:16.289Z","level":"INFO","title":"TEMPLATE","message":"compile templates\\tpr_payroll_slip.hbs","templatePath":"C:\\Projcet TPR\\report-server\\templates\\tpr_payroll_slip.hbs"}
{"ts":"2026-05-07T04:30:16.291Z","level":"WARN","title":"CSS","message":"inline missing: C:\\Projcet TPR\\report-server\\public\\css\\quotation.css (ไม่จำเป็นถ้า CSS อยู่ใน hbs แล้ว)","cssPath":"C:\\Projcet TPR\\report-server\\public\\css\\quotation.css"}
{"ts":"2026-05-07T04:30:16.317Z","level":"OK","title":"READY","message":"PDF server is running","port":4100,"logFile":"C:\\Projcet TPR\\report-server\\logs\\server-2026-05-07.log"}
{"ts":"2026-05-07T04:30:16.318Z","level":"BOOT","message":"PDF server is running","port":4100,"logFile":"C:\\Projcet TPR\\report-server\\logs\\server-2026-05-07.log"}
{"ts":"2026-05-07T04:30:19.485Z","level":"STEP","reqId":"MOUZMR19-F3VPJG","route":"PAYROLL_SLIP","stage":"START","detail":"OPTIONS /tpr-payroll-slip/pdf","method":"OPTIONS","url":"/tpr-payroll-slip/pdf"}
{"ts":"2026-05-07T04:30:19.486Z","level":"REQUEST_START","reqId":"MOUZMR19-F3VPJG","route":"PAYROLL_SLIP","method":"OPTIONS","url":"/tpr-payroll-slip/pdf","ip":"::1","origin":"http://localhost:5174","ua":"Mozilla/5.0 (Windows NT 10.0; Win64; x64) AppleWebKit/537.36 (KHTML, like Gecko) Chrome/147.0.0.0 Safari/537.36","payloadBytes":2}
{"ts":"2026-05-07T04:30:19.492Z","level":"REQUEST_DONE","reqId":"MOUZMR19-F3VPJG","route":"PAYROLL_SLIP","method":"OPTIONS","url":"/tpr-payroll-slip/pdf","status":204,"durationMs":6,"responseSize":"0 B"}
{"ts":"2026-05-07T04:30:19.494Z","level":"STEP","reqId":"MOUZMR1H-9E3ZWK","route":"PAYROLL_SLIP","stage":"START","detail":"POST /tpr-payroll-slip/pdf","method":"POST","url":"/tpr-payroll-slip/pdf"}
{"ts":"2026-05-07T04:30:19.494Z","level":"REQUEST_START","reqId":"MOUZMR1H-9E3ZWK","route":"PAYROLL_SLIP","method":"POST","url":"/tpr-payroll-slip/pdf","ip":"::1","origin":"http://localhost:5174","ua":"Mozilla/5.0 (Windows NT 10.0; Win64; x64) AppleWebKit/537.36 (KHTML, like Gecko) Chrome/147.0.0.0 Safari/537.36","payloadBytes":2}
{"ts":"2026-05-07T04:30:19.510Z","level":"STEP","reqId":"MOUZMR1H-9E3ZWK","route":"PAYROLL_SLIP","stage":"ROUTE","detail":"pdf mode","method":"POST","url":"/tpr-payroll-slip/pdf"}
{"ts":"2026-05-07T04:30:19.511Z","level":"STEP","reqId":"MOUZMR1H-9E3ZWK","route":"PAYROLL_SLIP","stage":"NORMALIZE","detail":"payload 1.65 KB","method":"POST","url":"/tpr-payroll-slip/pdf"}
{"ts":"2026-05-07T04:30:19.513Z","level":"STEP","reqId":"MOUZMR1H-9E3ZWK","route":"PAYROLL_SLIP","stage":"TEMPLATE","detail":"render html before pdf","method":"POST","url":"/tpr-payroll-slip/pdf"}
{"ts":"2026-05-07T04:30:19.545Z","level":"INFO","title":"PUPPETEER","message":"launch browser..."}
{"ts":"2026-05-07T04:30:19.855Z","level":"OK","title":"PUPPETEER","message":"browser launched"}
{"ts":"2026-05-07T04:30:19.893Z","level":"STEP","reqId":"MOUZMR1H-9E3ZWK","route":"PAYROLL_SLIP","stage":"PDF:PAGE_OPEN","detail":"create new page","method":"POST","url":"/tpr-payroll-slip/pdf"}
{"ts":"2026-05-07T04:30:19.897Z","level":"STEP","reqId":"MOUZMR1H-9E3ZWK","route":"PAYROLL_SLIP","stage":"PDF:SET_CONTENT","detail":"html size 12.3 KB","method":"POST","url":"/tpr-payroll-slip/pdf"}
{"ts":"2026-05-07T04:30:20.917Z","level":"STEP","reqId":"MOUZMR1H-9E3ZWK","route":"PAYROLL_SLIP","stage":"PDF:FONTS_READY","detail":"waiting document.fonts.ready","method":"POST","url":"/tpr-payroll-slip/pdf"}
{"ts":"2026-05-07T04:30:20.920Z","level":"STEP","reqId":"MOUZMR1H-9E3ZWK","route":"PAYROLL_SLIP","stage":"PDF:RENDER","detail":"format=A4 media=screen landscape=true","method":"POST","url":"/tpr-payroll-slip/pdf"}
{"ts":"2026-05-07T04:30:21.131Z","level":"STEP","reqId":"MOUZMR1H-9E3ZWK","route":"PAYROLL_SLIP","stage":"PDF:BUFFER_READY","detail":"pdf size 425 KB","method":"POST","url":"/tpr-payroll-slip/pdf"}
{"ts":"2026-05-07T04:30:21.132Z","level":"STEP","reqId":"MOUZMR1H-9E3ZWK","route":"PAYROLL_SLIP","stage":"PDF:PAGE_CLOSE","detail":"close page","method":"POST","url":"/tpr-payroll-slip/pdf"}
{"ts":"2026-05-07T04:30:21.141Z","level":"STEP","reqId":"MOUZMR1H-9E3ZWK","route":"PAYROLL_SLIP","stage":"RESPOND_PDF","detail":"filename=tpr_payroll_slip.pdf","method":"POST","url":"/tpr-payroll-slip/pdf"}
{"ts":"2026-05-07T04:30:21.141Z","level":"PDF_RESPONSE","reqId":"MOUZMR1H-9E3ZWK","route":"PAYROLL_SLIP","method":"POST","url":"/tpr-payroll-slip/pdf","filename":"tpr_payroll_slip.pdf","pdfBytes":435243}
{"ts":"2026-05-07T04:30:21.145Z","level":"REQUEST_DONE","reqId":"MOUZMR1H-9E3ZWK","route":"PAYROLL_SLIP","method":"POST","url":"/tpr-payroll-slip/pdf","status":200,"durationMs":1651,"responseSize":"425 KB"}
{"ts":"2026-05-07T04:41:24.719Z","level":"STEP","reqId":"MOV010BY-8X35K6","route":"PAYROLL_SLIP","stage":"START","detail":"OPTIONS /tpr-payroll-slip/pdf","method":"OPTIONS","url":"/tpr-payroll-slip/pdf"}
{"ts":"2026-05-07T04:41:24.720Z","level":"REQUEST_START","reqId":"MOV010BY-8X35K6","route":"PAYROLL_SLIP","method":"OPTIONS","url":"/tpr-payroll-slip/pdf","ip":"::1","origin":"http://localhost:5174","ua":"Mozilla/5.0 (Windows NT 10.0; Win64; x64) AppleWebKit/537.36 (KHTML, like Gecko) Chrome/147.0.0.0 Safari/537.36","payloadBytes":2}
{"ts":"2026-05-07T04:41:24.721Z","level":"REQUEST_DONE","reqId":"MOV010BY-8X35K6","route":"PAYROLL_SLIP","method":"OPTIONS","url":"/tpr-payroll-slip/pdf","status":204,"durationMs":3,"responseSize":"0 B"}
{"ts":"2026-05-07T04:41:24.723Z","level":"STEP","reqId":"MOV010C3-45FTWY","route":"PAYROLL_SLIP","stage":"START","detail":"POST /tpr-payroll-slip/pdf","method":"POST","url":"/tpr-payroll-slip/pdf"}
{"ts":"2026-05-07T04:41:24.723Z","level":"REQUEST_START","reqId":"MOV010C3-45FTWY","route":"PAYROLL_SLIP","method":"POST","url":"/tpr-payroll-slip/pdf","ip":"::1","origin":"http://localhost:5174","ua":"Mozilla/5.0 (Windows NT 10.0; Win64; x64) AppleWebKit/537.36 (KHTML, like Gecko) Chrome/147.0.0.0 Safari/537.36","payloadBytes":2}
{"ts":"2026-05-07T04:41:24.726Z","level":"STEP","reqId":"MOV010C3-45FTWY","route":"PAYROLL_SLIP","stage":"ROUTE","detail":"pdf mode","method":"POST","url":"/tpr-payroll-slip/pdf"}
{"ts":"2026-05-07T04:41:24.727Z","level":"STEP","reqId":"MOV010C3-45FTWY","route":"PAYROLL_SLIP","stage":"NORMALIZE","detail":"payload 1.65 KB","method":"POST","url":"/tpr-payroll-slip/pdf"}
{"ts":"2026-05-07T04:41:24.729Z","level":"STEP","reqId":"MOV010C3-45FTWY","route":"PAYROLL_SLIP","stage":"TEMPLATE","detail":"render html before pdf","method":"POST","url":"/tpr-payroll-slip/pdf"}
{"ts":"2026-05-07T04:41:24.732Z","level":"INFO","title":"PUPPETEER","message":"reuse existing browser instance"}
{"ts":"2026-05-07T04:41:24.772Z","level":"STEP","reqId":"MOV010C3-45FTWY","route":"PAYROLL_SLIP","stage":"PDF:PAGE_OPEN","detail":"create new page","method":"POST","url":"/tpr-payroll-slip/pdf"}
{"ts":"2026-05-07T04:41:24.776Z","level":"STEP","reqId":"MOV010C3-45FTWY","route":"PAYROLL_SLIP","stage":"PDF:SET_CONTENT","detail":"html size 12.3 KB","method":"POST","url":"/tpr-payroll-slip/pdf"}
{"ts":"2026-05-07T04:41:26.283Z","level":"STEP","reqId":"MOV010C3-45FTWY","route":"PAYROLL_SLIP","stage":"PDF:FONTS_READY","detail":"waiting document.fonts.ready","method":"POST","url":"/tpr-payroll-slip/pdf"}
{"ts":"2026-05-07T04:41:26.285Z","level":"STEP","reqId":"MOV010C3-45FTWY","route":"PAYROLL_SLIP","stage":"PDF:RENDER","detail":"format=A4 media=screen landscape=true","method":"POST","url":"/tpr-payroll-slip/pdf"}
{"ts":"2026-05-07T04:41:26.491Z","level":"STEP","reqId":"MOV010C3-45FTWY","route":"PAYROLL_SLIP","stage":"PDF:BUFFER_READY","detail":"pdf size 425 KB","method":"POST","url":"/tpr-payroll-slip/pdf"}
{"ts":"2026-05-07T04:41:26.491Z","level":"STEP","reqId":"MOV010C3-45FTWY","route":"PAYROLL_SLIP","stage":"PDF:PAGE_CLOSE","detail":"close page","method":"POST","url":"/tpr-payroll-slip/pdf"}
{"ts":"2026-05-07T04:41:26.502Z","level":"STEP","reqId":"MOV010C3-45FTWY","route":"PAYROLL_SLIP","stage":"RESPOND_PDF","detail":"filename=tpr_payroll_slip.pdf","method":"POST","url":"/tpr-payroll-slip/pdf"}
{"ts":"2026-05-07T04:41:26.503Z","level":"PDF_RESPONSE","reqId":"MOV010C3-45FTWY","route":"PAYROLL_SLIP","method":"POST","url":"/tpr-payroll-slip/pdf","filename":"tpr_payroll_slip.pdf","pdfBytes":435243}
{"ts":"2026-05-07T04:41:26.505Z","level":"REQUEST_DONE","reqId":"MOV010C3-45FTWY","route":"PAYROLL_SLIP","method":"POST","url":"/tpr-payroll-slip/pdf","status":200,"durationMs":1781,"responseSize":"425 KB"}
{"ts":"2026-05-07T04:41:38.599Z","level":"WARN","title":"SHUTDOWN","message":"received SIGINT, closing server resources...","signal":"SIGINT"}
{"ts":"2026-05-07T04:41:38.599Z","level":"INFO","title":"PUPPETEER","message":"closing browser..."}
{"ts":"2026-05-07T04:41:42.574Z","level":"INFO","title":"TEMPLATE","message":"compile templates\\tpr_quotation.hbs","templatePath":"C:\\Projcet TPR\\report-server\\templates\\tpr_quotation.hbs"}
{"ts":"2026-05-07T04:41:42.575Z","level":"INFO","title":"TEMPLATE","message":"compile templates\\tpr_credit_note.hbs","templatePath":"C:\\Projcet TPR\\report-server\\templates\\tpr_credit_note.hbs"}
{"ts":"2026-05-07T04:41:42.576Z","level":"INFO","title":"TEMPLATE","message":"compile templates\\tpr_invoice.hbs","templatePath":"C:\\Projcet TPR\\report-server\\templates\\tpr_invoice.hbs"}
{"ts":"2026-05-07T04:41:42.576Z","level":"INFO","title":"TEMPLATE","message":"compile templates\\tpr_purchase_order.hbs","templatePath":"C:\\Projcet TPR\\report-server\\templates\\tpr_purchase_order.hbs"}
{"ts":"2026-05-07T04:41:42.577Z","level":"INFO","title":"TEMPLATE","message":"compile templates\\tpr_receipt.hbs","templatePath":"C:\\Projcet TPR\\report-server\\templates\\tpr_receipt.hbs"}
{"ts":"2026-05-07T04:41:42.577Z","level":"INFO","title":"TEMPLATE","message":"compile templates\\tpr_tax_receipt.hbs","templatePath":"C:\\Projcet TPR\\report-server\\templates\\tpr_tax_receipt.hbs"}
{"ts":"2026-05-07T04:41:42.578Z","level":"INFO","title":"TEMPLATE","message":"compile templates\\tpr_withholding_tax_certificate.hbs","templatePath":"C:\\Projcet TPR\\report-server\\templates\\tpr_withholding_tax_certificate.hbs"}
{"ts":"2026-05-07T04:41:42.578Z","level":"INFO","title":"TEMPLATE","message":"compile templates\\tpr_payment_voucher.hbs","templatePath":"C:\\Projcet TPR\\report-server\\templates\\tpr_payment_voucher.hbs"}
{"ts":"2026-05-07T04:41:42.579Z","level":"INFO","title":"TEMPLATE","message":"compile templates\\tpr_receipt_voucher.hbs","templatePath":"C:\\Projcet TPR\\report-server\\templates\\tpr_receipt_voucher.hbs"}
{"ts":"2026-05-07T04:41:42.580Z","level":"INFO","title":"TEMPLATE","message":"compile templates\\tpr_petty_cash_voucher.hbs","templatePath":"C:\\Projcet TPR\\report-server\\templates\\tpr_petty_cash_voucher.hbs"}
{"ts":"2026-05-07T04:41:42.580Z","level":"INFO","title":"TEMPLATE","message":"compile templates\\tpr_petty_cash_request.hbs","templatePath":"C:\\Projcet TPR\\report-server\\templates\\tpr_petty_cash_request.hbs"}
{"ts":"2026-05-07T04:41:42.581Z","level":"INFO","title":"TEMPLATE","message":"compile templates\\tpr_petty_cash_payment_report.hbs","templatePath":"C:\\Projcet TPR\\report-server\\templates\\tpr_petty_cash_payment_report.hbs"}
{"ts":"2026-05-07T04:41:42.581Z","level":"INFO","title":"TEMPLATE","message":"compile templates\\tpr_receipt_certification.hbs","templatePath":"C:\\Projcet TPR\\report-server\\templates\\tpr_receipt_certification.hbs"}
{"ts":"2026-05-07T04:41:42.583Z","level":"INFO","title":"TEMPLATE","message":"compile templates\\tpr_payroll_slip.hbs","templatePath":"C:\\Projcet TPR\\report-server\\templates\\tpr_payroll_slip.hbs"}
{"ts":"2026-05-07T04:41:42.583Z","level":"WARN","title":"CSS","message":"inline missing: C:\\Projcet TPR\\report-server\\public\\css\\quotation.css (ไม่จำเป็นถ้า CSS อยู่ใน hbs แล้ว)","cssPath":"C:\\Projcet TPR\\report-server\\public\\css\\quotation.css"}
{"ts":"2026-05-07T04:41:42.603Z","level":"OK","title":"READY","message":"PDF server is running","port":4100,"logFile":"C:\\Projcet TPR\\report-server\\logs\\server-2026-05-07.log"}
{"ts":"2026-05-07T04:41:42.604Z","level":"BOOT","message":"PDF server is running","port":4100,"logFile":"C:\\Projcet TPR\\report-server\\logs\\server-2026-05-07.log"}
{"ts":"2026-05-07T04:41:44.739Z","level":"STEP","reqId":"MOV01FS3-3HNCH0","route":"PAYROLL_SLIP","stage":"START","detail":"OPTIONS /tpr-payroll-slip/pdf","method":"OPTIONS","url":"/tpr-payroll-slip/pdf"}
{"ts":"2026-05-07T04:41:44.740Z","level":"REQUEST_START","reqId":"MOV01FS3-3HNCH0","route":"PAYROLL_SLIP","method":"OPTIONS","url":"/tpr-payroll-slip/pdf","ip":"::1","origin":"http://localhost:5174","ua":"Mozilla/5.0 (Windows NT 10.0; Win64; x64) AppleWebKit/537.36 (KHTML, like Gecko) Chrome/147.0.0.0 Safari/537.36","payloadBytes":2}
{"ts":"2026-05-07T04:41:44.743Z","level":"REQUEST_DONE","reqId":"MOV01FS3-3HNCH0","route":"PAYROLL_SLIP","method":"OPTIONS","url":"/tpr-payroll-slip/pdf","status":204,"durationMs":3,"responseSize":"0 B"}
{"ts":"2026-05-07T04:41:44.744Z","level":"STEP","reqId":"MOV01FS8-3MULZW","route":"PAYROLL_SLIP","stage":"START","detail":"POST /tpr-payroll-slip/pdf","method":"POST","url":"/tpr-payroll-slip/pdf"}
{"ts":"2026-05-07T04:41:44.744Z","level":"REQUEST_START","reqId":"MOV01FS8-3MULZW","route":"PAYROLL_SLIP","method":"POST","url":"/tpr-payroll-slip/pdf","ip":"::1","origin":"http://localhost:5174","ua":"Mozilla/5.0 (Windows NT 10.0; Win64; x64) AppleWebKit/537.36 (KHTML, like Gecko) Chrome/147.0.0.0 Safari/537.36","payloadBytes":2}
{"ts":"2026-05-07T04:41:44.754Z","level":"STEP","reqId":"MOV01FS8-3MULZW","route":"PAYROLL_SLIP","stage":"ROUTE","detail":"pdf mode","method":"POST","url":"/tpr-payroll-slip/pdf"}
{"ts":"2026-05-07T04:41:44.755Z","level":"STEP","reqId":"MOV01FS8-3MULZW","route":"PAYROLL_SLIP","stage":"NORMALIZE","detail":"payload 1.65 KB","method":"POST","url":"/tpr-payroll-slip/pdf"}
{"ts":"2026-05-07T04:41:44.757Z","level":"STEP","reqId":"MOV01FS8-3MULZW","route":"PAYROLL_SLIP","stage":"TEMPLATE","detail":"render html before pdf","method":"POST","url":"/tpr-payroll-slip/pdf"}
{"ts":"2026-05-07T04:41:44.777Z","level":"INFO","title":"PUPPETEER","message":"launch browser..."}
{"ts":"2026-05-07T04:41:45.041Z","level":"OK","title":"PUPPETEER","message":"browser launched"}
{"ts":"2026-05-07T04:41:45.078Z","level":"STEP","reqId":"MOV01FS8-3MULZW","route":"PAYROLL_SLIP","stage":"PDF:PAGE_OPEN","detail":"create new page","method":"POST","url":"/tpr-payroll-slip/pdf"}
{"ts":"2026-05-07T04:41:45.081Z","level":"STEP","reqId":"MOV01FS8-3MULZW","route":"PAYROLL_SLIP","stage":"PDF:SET_CONTENT","detail":"html size 12.9 KB","method":"POST","url":"/tpr-payroll-slip/pdf"}
{"ts":"2026-05-07T04:41:47.041Z","level":"STEP","reqId":"MOV01FS8-3MULZW","route":"PAYROLL_SLIP","stage":"PDF:FONTS_READY","detail":"waiting document.fonts.ready","method":"POST","url":"/tpr-payroll-slip/pdf"}
{"ts":"2026-05-07T04:41:47.043Z","level":"STEP","reqId":"MOV01FS8-3MULZW","route":"PAYROLL_SLIP","stage":"PDF:RENDER","detail":"format=A4 media=screen landscape=true","method":"POST","url":"/tpr-payroll-slip/pdf"}
{"ts":"2026-05-07T04:41:47.251Z","level":"STEP","reqId":"MOV01FS8-3MULZW","route":"PAYROLL_SLIP","stage":"PDF:BUFFER_READY","detail":"pdf size 426 KB","method":"POST","url":"/tpr-payroll-slip/pdf"}
{"ts":"2026-05-07T04:41:47.252Z","level":"STEP","reqId":"MOV01FS8-3MULZW","route":"PAYROLL_SLIP","stage":"PDF:PAGE_CLOSE","detail":"close page","method":"POST","url":"/tpr-payroll-slip/pdf"}
{"ts":"2026-05-07T04:41:47.263Z","level":"STEP","reqId":"MOV01FS8-3MULZW","route":"PAYROLL_SLIP","stage":"RESPOND_PDF","detail":"filename=tpr_payroll_slip.pdf","method":"POST","url":"/tpr-payroll-slip/pdf"}
{"ts":"2026-05-07T04:41:47.263Z","level":"PDF_RESPONSE","reqId":"MOV01FS8-3MULZW","route":"PAYROLL_SLIP","method":"POST","url":"/tpr-payroll-slip/pdf","filename":"tpr_payroll_slip.pdf","pdfBytes":436186}
{"ts":"2026-05-07T04:41:47.266Z","level":"REQUEST_DONE","reqId":"MOV01FS8-3MULZW","route":"PAYROLL_SLIP","method":"POST","url":"/tpr-payroll-slip/pdf","status":200,"durationMs":2522,"responseSize":"426 KB"}
{"ts":"2026-05-07T04:49:18.505Z","level":"WARN","title":"SHUTDOWN","message":"received SIGINT, closing server resources...","signal":"SIGINT"}
{"ts":"2026-05-07T04:49:18.506Z","level":"INFO","title":"PUPPETEER","message":"closing browser..."}
{"ts":"2026-05-07T04:49:22.016Z","level":"INFO","title":"TEMPLATE","message":"compile templates\\tpr_quotation.hbs","templatePath":"C:\\Projcet TPR\\report-server\\templates\\tpr_quotation.hbs"}
{"ts":"2026-05-07T04:49:22.018Z","level":"INFO","title":"TEMPLATE","message":"compile templates\\tpr_credit_note.hbs","templatePath":"C:\\Projcet TPR\\report-server\\templates\\tpr_credit_note.hbs"}
{"ts":"2026-05-07T04:49:22.019Z","level":"INFO","title":"TEMPLATE","message":"compile templates\\tpr_invoice.hbs","templatePath":"C:\\Projcet TPR\\report-server\\templates\\tpr_invoice.hbs"}
{"ts":"2026-05-07T04:49:22.019Z","level":"INFO","title":"TEMPLATE","message":"compile templates\\tpr_purchase_order.hbs","templatePath":"C:\\Projcet TPR\\report-server\\templates\\tpr_purchase_order.hbs"}
{"ts":"2026-05-07T04:49:22.019Z","level":"INFO","title":"TEMPLATE","message":"compile templates\\tpr_receipt.hbs","templatePath":"C:\\Projcet TPR\\report-server\\templates\\tpr_receipt.hbs"}
{"ts":"2026-05-07T04:49:22.020Z","level":"INFO","title":"TEMPLATE","message":"compile templates\\tpr_tax_receipt.hbs","templatePath":"C:\\Projcet TPR\\report-server\\templates\\tpr_tax_receipt.hbs"}
{"ts":"2026-05-07T04:49:22.021Z","level":"INFO","title":"TEMPLATE","message":"compile templates\\tpr_withholding_tax_certificate.hbs","templatePath":"C:\\Projcet TPR\\report-server\\templates\\tpr_withholding_tax_certificate.hbs"}
{"ts":"2026-05-07T04:49:22.022Z","level":"INFO","title":"TEMPLATE","message":"compile templates\\tpr_payment_voucher.hbs","templatePath":"C:\\Projcet TPR\\report-server\\templates\\tpr_payment_voucher.hbs"}
{"ts":"2026-05-07T04:49:22.023Z","level":"INFO","title":"TEMPLATE","message":"compile templates\\tpr_receipt_voucher.hbs","templatePath":"C:\\Projcet TPR\\report-server\\templates\\tpr_receipt_voucher.hbs"}
{"ts":"2026-05-07T04:49:22.023Z","level":"INFO","title":"TEMPLATE","message":"compile templates\\tpr_petty_cash_voucher.hbs","templatePath":"C:\\Projcet TPR\\report-server\\templates\\tpr_petty_cash_voucher.hbs"}
{"ts":"2026-05-07T04:49:22.024Z","level":"INFO","title":"TEMPLATE","message":"compile templates\\tpr_petty_cash_request.hbs","templatePath":"C:\\Projcet TPR\\report-server\\templates\\tpr_petty_cash_request.hbs"}
{"ts":"2026-05-07T04:49:22.024Z","level":"INFO","title":"TEMPLATE","message":"compile templates\\tpr_petty_cash_payment_report.hbs","templatePath":"C:\\Projcet TPR\\report-server\\templates\\tpr_petty_cash_payment_report.hbs"}
{"ts":"2026-05-07T04:49:22.025Z","level":"INFO","title":"TEMPLATE","message":"compile templates\\tpr_receipt_certification.hbs","templatePath":"C:\\Projcet TPR\\report-server\\templates\\tpr_receipt_certification.hbs"}
{"ts":"2026-05-07T04:49:22.025Z","level":"INFO","title":"TEMPLATE","message":"compile templates\\tpr_payroll_slip.hbs","templatePath":"C:\\Projcet TPR\\report-server\\templates\\tpr_payroll_slip.hbs"}
{"ts":"2026-05-07T04:49:22.026Z","level":"WARN","title":"CSS","message":"inline missing: C:\\Projcet TPR\\report-server\\public\\css\\quotation.css (ไม่จำเป็นถ้า CSS อยู่ใน hbs แล้ว)","cssPath":"C:\\Projcet TPR\\report-server\\public\\css\\quotation.css"}
{"ts":"2026-05-07T04:49:22.045Z","level":"OK","title":"READY","message":"PDF server is running","port":4100,"logFile":"C:\\Projcet TPR\\report-server\\logs\\server-2026-05-07.log"}
{"ts":"2026-05-07T04:49:22.045Z","level":"BOOT","message":"PDF server is running","port":4100,"logFile":"C:\\Projcet TPR\\report-server\\logs\\server-2026-05-07.log"}
{"ts":"2026-05-07T04:49:27.378Z","level":"STEP","reqId":"MOV0BCR6-UI8OJN","route":"PAYROLL_SLIP","stage":"START","detail":"OPTIONS /tpr-payroll-slip/pdf","method":"OPTIONS","url":"/tpr-payroll-slip/pdf"}
{"ts":"2026-05-07T04:49:27.380Z","level":"REQUEST_START","reqId":"MOV0BCR6-UI8OJN","route":"PAYROLL_SLIP","method":"OPTIONS","url":"/tpr-payroll-slip/pdf","ip":"::1","origin":"http://localhost:5174","ua":"Mozilla/5.0 (Windows NT 10.0; Win64; x64) AppleWebKit/537.36 (KHTML, like Gecko) Chrome/147.0.0.0 Safari/537.36","payloadBytes":2}
{"ts":"2026-05-07T04:49:27.385Z","level":"REQUEST_DONE","reqId":"MOV0BCR6-UI8OJN","route":"PAYROLL_SLIP","method":"OPTIONS","url":"/tpr-payroll-slip/pdf","status":204,"durationMs":6,"responseSize":"0 B"}
{"ts":"2026-05-07T04:49:27.386Z","level":"STEP","reqId":"MOV0BCRE-DV6JGD","route":"PAYROLL_SLIP","stage":"START","detail":"POST /tpr-payroll-slip/pdf","method":"POST","url":"/tpr-payroll-slip/pdf"}
{"ts":"2026-05-07T04:49:27.387Z","level":"REQUEST_START","reqId":"MOV0BCRE-DV6JGD","route":"PAYROLL_SLIP","method":"POST","url":"/tpr-payroll-slip/pdf","ip":"::1","origin":"http://localhost:5174","ua":"Mozilla/5.0 (Windows NT 10.0; Win64; x64) AppleWebKit/537.36 (KHTML, like Gecko) Chrome/147.0.0.0 Safari/537.36","payloadBytes":2}
{"ts":"2026-05-07T04:49:27.401Z","level":"STEP","reqId":"MOV0BCRE-DV6JGD","route":"PAYROLL_SLIP","stage":"ROUTE","detail":"pdf mode","method":"POST","url":"/tpr-payroll-slip/pdf"}
{"ts":"2026-05-07T04:49:27.402Z","level":"STEP","reqId":"MOV0BCRE-DV6JGD","route":"PAYROLL_SLIP","stage":"NORMALIZE","detail":"payload 1.65 KB","method":"POST","url":"/tpr-payroll-slip/pdf"}
{"ts":"2026-05-07T04:49:27.404Z","level":"STEP","reqId":"MOV0BCRE-DV6JGD","route":"PAYROLL_SLIP","stage":"TEMPLATE","detail":"render html before pdf","method":"POST","url":"/tpr-payroll-slip/pdf"}
{"ts":"2026-05-07T04:49:27.434Z","level":"INFO","title":"PUPPETEER","message":"launch browser..."}
{"ts":"2026-05-07T04:49:27.708Z","level":"OK","title":"PUPPETEER","message":"browser launched"}
{"ts":"2026-05-07T04:49:27.743Z","level":"STEP","reqId":"MOV0BCRE-DV6JGD","route":"PAYROLL_SLIP","stage":"PDF:PAGE_OPEN","detail":"create new page","method":"POST","url":"/tpr-payroll-slip/pdf"}
{"ts":"2026-05-07T04:49:27.746Z","level":"STEP","reqId":"MOV0BCRE-DV6JGD","route":"PAYROLL_SLIP","stage":"PDF:SET_CONTENT","detail":"html size 13.3 KB","method":"POST","url":"/tpr-payroll-slip/pdf"}
{"ts":"2026-05-07T04:49:28.773Z","level":"STEP","reqId":"MOV0BCRE-DV6JGD","route":"PAYROLL_SLIP","stage":"PDF:FONTS_READY","detail":"waiting document.fonts.ready","method":"POST","url":"/tpr-payroll-slip/pdf"}
{"ts":"2026-05-07T04:49:28.777Z","level":"STEP","reqId":"MOV0BCRE-DV6JGD","route":"PAYROLL_SLIP","stage":"PDF:RENDER","detail":"format=A4 media=screen landscape=true","method":"POST","url":"/tpr-payroll-slip/pdf"}
{"ts":"2026-05-07T04:49:29.003Z","level":"STEP","reqId":"MOV0BCRE-DV6JGD","route":"PAYROLL_SLIP","stage":"PDF:BUFFER_READY","detail":"pdf size 420 KB","method":"POST","url":"/tpr-payroll-slip/pdf"}
{"ts":"2026-05-07T04:49:29.004Z","level":"STEP","reqId":"MOV0BCRE-DV6JGD","route":"PAYROLL_SLIP","stage":"PDF:PAGE_CLOSE","detail":"close page","method":"POST","url":"/tpr-payroll-slip/pdf"}
{"ts":"2026-05-07T04:49:29.013Z","level":"STEP","reqId":"MOV0BCRE-DV6JGD","route":"PAYROLL_SLIP","stage":"RESPOND_PDF","detail":"filename=tpr_payroll_slip.pdf","method":"POST","url":"/tpr-payroll-slip/pdf"}
{"ts":"2026-05-07T04:49:29.014Z","level":"PDF_RESPONSE","reqId":"MOV0BCRE-DV6JGD","route":"PAYROLL_SLIP","method":"POST","url":"/tpr-payroll-slip/pdf","filename":"tpr_payroll_slip.pdf","pdfBytes":430094}
{"ts":"2026-05-07T04:49:29.017Z","level":"REQUEST_DONE","reqId":"MOV0BCRE-DV6JGD","route":"PAYROLL_SLIP","method":"POST","url":"/tpr-payroll-slip/pdf","status":200,"durationMs":1630,"responseSize":"420 KB"}
{"ts":"2026-05-07T05:12:20.177Z","level":"WARN","title":"SHUTDOWN","message":"received SIGINT, closing server resources...","signal":"SIGINT"}
{"ts":"2026-05-07T05:12:23.502Z","level":"INFO","title":"TEMPLATE","message":"compile templates\\tpr_quotation.hbs","templatePath":"C:\\Projcet TPR\\report-server\\templates\\tpr_quotation.hbs"}
{"ts":"2026-05-07T05:12:23.504Z","level":"INFO","title":"TEMPLATE","message":"compile templates\\tpr_credit_note.hbs","templatePath":"C:\\Projcet TPR\\report-server\\templates\\tpr_credit_note.hbs"}
{"ts":"2026-05-07T05:12:23.505Z","level":"INFO","title":"TEMPLATE","message":"compile templates\\tpr_invoice.hbs","templatePath":"C:\\Projcet TPR\\report-server\\templates\\tpr_invoice.hbs"}
{"ts":"2026-05-07T05:12:23.506Z","level":"INFO","title":"TEMPLATE","message":"compile templates\\tpr_purchase_order.hbs","templatePath":"C:\\Projcet TPR\\report-server\\templates\\tpr_purchase_order.hbs"}
{"ts":"2026-05-07T05:12:23.506Z","level":"INFO","title":"TEMPLATE","message":"compile templates\\tpr_receipt.hbs","templatePath":"C:\\Projcet TPR\\report-server\\templates\\tpr_receipt.hbs"}
{"ts":"2026-05-07T05:12:23.507Z","level":"INFO","title":"TEMPLATE","message":"compile templates\\tpr_tax_receipt.hbs","templatePath":"C:\\Projcet TPR\\report-server\\templates\\tpr_tax_receipt.hbs"}
{"ts":"2026-05-07T05:12:23.508Z","level":"INFO","title":"TEMPLATE","message":"compile templates\\tpr_withholding_tax_certificate.hbs","templatePath":"C:\\Projcet TPR\\report-server\\templates\\tpr_withholding_tax_certificate.hbs"}
{"ts":"2026-05-07T05:12:23.509Z","level":"INFO","title":"TEMPLATE","message":"compile templates\\tpr_payment_voucher.hbs","templatePath":"C:\\Projcet TPR\\report-server\\templates\\tpr_payment_voucher.hbs"}
{"ts":"2026-05-07T05:12:23.509Z","level":"INFO","title":"TEMPLATE","message":"compile templates\\tpr_receipt_voucher.hbs","templatePath":"C:\\Projcet TPR\\report-server\\templates\\tpr_receipt_voucher.hbs"}
{"ts":"2026-05-07T05:12:23.510Z","level":"INFO","title":"TEMPLATE","message":"compile templates\\tpr_petty_cash_voucher.hbs","templatePath":"C:\\Projcet TPR\\report-server\\templates\\tpr_petty_cash_voucher.hbs"}
{"ts":"2026-05-07T05:12:23.510Z","level":"INFO","title":"TEMPLATE","message":"compile templates\\tpr_petty_cash_request.hbs","templatePath":"C:\\Projcet TPR\\report-server\\templates\\tpr_petty_cash_request.hbs"}
{"ts":"2026-05-07T05:12:23.511Z","level":"INFO","title":"TEMPLATE","message":"compile templates\\tpr_petty_cash_payment_report.hbs","templatePath":"C:\\Projcet TPR\\report-server\\templates\\tpr_petty_cash_payment_report.hbs"}
{"ts":"2026-05-07T05:12:23.511Z","level":"INFO","title":"TEMPLATE","message":"compile templates\\tpr_receipt_certification.hbs","templatePath":"C:\\Projcet TPR\\report-server\\templates\\tpr_receipt_certification.hbs"}
{"ts":"2026-05-07T05:12:23.512Z","level":"INFO","title":"TEMPLATE","message":"compile templates\\tpr_payroll_slip.hbs","templatePath":"C:\\Projcet TPR\\report-server\\templates\\tpr_payroll_slip.hbs"}
{"ts":"2026-05-07T05:12:23.512Z","level":"WARN","title":"CSS","message":"inline missing: C:\\Projcet TPR\\report-server\\public\\css\\quotation.css (ไม่จำเป็นถ้า CSS อยู่ใน hbs แล้ว)","cssPath":"C:\\Projcet TPR\\report-server\\public\\css\\quotation.css"}
{"ts":"2026-05-07T05:12:23.532Z","level":"OK","title":"READY","message":"PDF server is running","port":4100,"logFile":"C:\\Projcet TPR\\report-server\\logs\\server-2026-05-07.log"}
{"ts":"2026-05-07T05:12:23.532Z","level":"BOOT","message":"PDF server is running","port":4100,"logFile":"C:\\Projcet TPR\\report-server\\logs\\server-2026-05-07.log"}
{"ts":"2026-05-07T05:12:38.953Z","level":"STEP","reqId":"MOV156I1-XMMZS2","route":"PAYROLL_SLIP","stage":"START","detail":"OPTIONS /tpr-payroll-slip/pdf","method":"OPTIONS","url":"/tpr-payroll-slip/pdf"}
{"ts":"2026-05-07T05:12:38.954Z","level":"REQUEST_START","reqId":"MOV156I1-XMMZS2","route":"PAYROLL_SLIP","method":"OPTIONS","url":"/tpr-payroll-slip/pdf","ip":"::1","origin":"http://localhost:5174","ua":"Mozilla/5.0 (Windows NT 10.0; Win64; x64) AppleWebKit/537.36 (KHTML, like Gecko) Chrome/147.0.0.0 Safari/537.36","payloadBytes":2}
{"ts":"2026-05-07T05:12:38.959Z","level":"REQUEST_DONE","reqId":"MOV156I1-XMMZS2","route":"PAYROLL_SLIP","method":"OPTIONS","url":"/tpr-payroll-slip/pdf","status":204,"durationMs":6,"responseSize":"0 B"}
{"ts":"2026-05-07T05:12:38.961Z","level":"STEP","reqId":"MOV156I9-RZUQ2D","route":"PAYROLL_SLIP","stage":"START","detail":"POST /tpr-payroll-slip/pdf","method":"POST","url":"/tpr-payroll-slip/pdf"}
{"ts":"2026-05-07T05:12:38.962Z","level":"REQUEST_START","reqId":"MOV156I9-RZUQ2D","route":"PAYROLL_SLIP","method":"POST","url":"/tpr-payroll-slip/pdf","ip":"::1","origin":"http://localhost:5174","ua":"Mozilla/5.0 (Windows NT 10.0; Win64; x64) AppleWebKit/537.36 (KHTML, like Gecko) Chrome/147.0.0.0 Safari/537.36","payloadBytes":2}
{"ts":"2026-05-07T05:12:38.978Z","level":"STEP","reqId":"MOV156I9-RZUQ2D","route":"PAYROLL_SLIP","stage":"ROUTE","detail":"pdf mode","method":"POST","url":"/tpr-payroll-slip/pdf"}
{"ts":"2026-05-07T05:12:38.979Z","level":"STEP","reqId":"MOV156I9-RZUQ2D","route":"PAYROLL_SLIP","stage":"NORMALIZE","detail":"payload 1.66 KB","method":"POST","url":"/tpr-payroll-slip/pdf"}
{"ts":"2026-05-07T05:12:38.981Z","level":"STEP","reqId":"MOV156I9-RZUQ2D","route":"PAYROLL_SLIP","stage":"TEMPLATE","detail":"render html before pdf","method":"POST","url":"/tpr-payroll-slip/pdf"}
{"ts":"2026-05-07T05:12:39.016Z","level":"INFO","title":"PUPPETEER","message":"launch browser..."}
{"ts":"2026-05-07T05:12:39.291Z","level":"OK","title":"PUPPETEER","message":"browser launched"}
{"ts":"2026-05-07T05:12:39.331Z","level":"STEP","reqId":"MOV156I9-RZUQ2D","route":"PAYROLL_SLIP","stage":"PDF:PAGE_OPEN","detail":"create new page","method":"POST","url":"/tpr-payroll-slip/pdf"}
{"ts":"2026-05-07T05:12:39.335Z","level":"STEP","reqId":"MOV156I9-RZUQ2D","route":"PAYROLL_SLIP","stage":"PDF:SET_CONTENT","detail":"html size 13.1 KB","method":"POST","url":"/tpr-payroll-slip/pdf"}
{"ts":"2026-05-07T05:12:40.281Z","level":"STEP","reqId":"MOV156I9-RZUQ2D","route":"PAYROLL_SLIP","stage":"PDF:FONTS_READY","detail":"waiting document.fonts.ready","method":"POST","url":"/tpr-payroll-slip/pdf"}
{"ts":"2026-05-07T05:12:40.283Z","level":"STEP","reqId":"MOV156I9-RZUQ2D","route":"PAYROLL_SLIP","stage":"PDF:RENDER","detail":"format=A4 media=screen landscape=true","method":"POST","url":"/tpr-payroll-slip/pdf"}
{"ts":"2026-05-07T05:12:40.500Z","level":"STEP","reqId":"MOV156I9-RZUQ2D","route":"PAYROLL_SLIP","stage":"PDF:BUFFER_READY","detail":"pdf size 404 KB","method":"POST","url":"/tpr-payroll-slip/pdf"}
{"ts":"2026-05-07T05:12:40.500Z","level":"STEP","reqId":"MOV156I9-RZUQ2D","route":"PAYROLL_SLIP","stage":"PDF:PAGE_CLOSE","detail":"close page","method":"POST","url":"/tpr-payroll-slip/pdf"}
{"ts":"2026-05-07T05:12:40.509Z","level":"STEP","reqId":"MOV156I9-RZUQ2D","route":"PAYROLL_SLIP","stage":"RESPOND_PDF","detail":"filename=tpr_payroll_slip.pdf","method":"POST","url":"/tpr-payroll-slip/pdf"}
{"ts":"2026-05-07T05:12:40.510Z","level":"PDF_RESPONSE","reqId":"MOV156I9-RZUQ2D","route":"PAYROLL_SLIP","method":"POST","url":"/tpr-payroll-slip/pdf","filename":"tpr_payroll_slip.pdf","pdfBytes":414083}
{"ts":"2026-05-07T05:12:40.514Z","level":"REQUEST_DONE","reqId":"MOV156I9-RZUQ2D","route":"PAYROLL_SLIP","method":"POST","url":"/tpr-payroll-slip/pdf","status":200,"durationMs":1552,"responseSize":"404 KB"}
{"ts":"2026-05-07T05:13:16.565Z","level":"STEP","reqId":"MOV15ZIT-NNW9XW","route":"PAYROLL_SLIP","stage":"START","detail":"OPTIONS /tpr-payroll-slip/pdf","method":"OPTIONS","url":"/tpr-payroll-slip/pdf"}
{"ts":"2026-05-07T05:13:16.566Z","level":"REQUEST_START","reqId":"MOV15ZIT-NNW9XW","route":"PAYROLL_SLIP","method":"OPTIONS","url":"/tpr-payroll-slip/pdf","ip":"::1","origin":"http://localhost:5174","ua":"Mozilla/5.0 (Windows NT 10.0; Win64; x64) AppleWebKit/537.36 (KHTML, like Gecko) Chrome/147.0.0.0 Safari/537.36","payloadBytes":2}
{"ts":"2026-05-07T05:13:16.568Z","level":"REQUEST_DONE","reqId":"MOV15ZIT-NNW9XW","route":"PAYROLL_SLIP","method":"OPTIONS","url":"/tpr-payroll-slip/pdf","status":204,"durationMs":2,"responseSize":"0 B"}
{"ts":"2026-05-07T05:13:16.568Z","level":"STEP","reqId":"MOV15ZIW-BJUWX5","route":"PAYROLL_SLIP","stage":"START","detail":"POST /tpr-payroll-slip/pdf","method":"POST","url":"/tpr-payroll-slip/pdf"}
{"ts":"2026-05-07T05:13:16.570Z","level":"REQUEST_START","reqId":"MOV15ZIW-BJUWX5","route":"PAYROLL_SLIP","method":"POST","url":"/tpr-payroll-slip/pdf","ip":"::1","origin":"http://localhost:5174","ua":"Mozilla/5.0 (Windows NT 10.0; Win64; x64) AppleWebKit/537.36 (KHTML, like Gecko) Chrome/147.0.0.0 Safari/537.36","payloadBytes":2}
{"ts":"2026-05-07T05:13:16.571Z","level":"STEP","reqId":"MOV15ZIW-BJUWX5","route":"PAYROLL_SLIP","stage":"ROUTE","detail":"pdf mode","method":"POST","url":"/tpr-payroll-slip/pdf"}
{"ts":"2026-05-07T05:13:16.572Z","level":"STEP","reqId":"MOV15ZIW-BJUWX5","route":"PAYROLL_SLIP","stage":"NORMALIZE","detail":"payload 1.65 KB","method":"POST","url":"/tpr-payroll-slip/pdf"}
{"ts":"2026-05-07T05:13:16.573Z","level":"STEP","reqId":"MOV15ZIW-BJUWX5","route":"PAYROLL_SLIP","stage":"TEMPLATE","detail":"render html before pdf","method":"POST","url":"/tpr-payroll-slip/pdf"}
{"ts":"2026-05-07T05:13:16.576Z","level":"INFO","title":"PUPPETEER","message":"reuse existing browser instance"}
{"ts":"2026-05-07T05:13:16.613Z","level":"STEP","reqId":"MOV15ZIW-BJUWX5","route":"PAYROLL_SLIP","stage":"PDF:PAGE_OPEN","detail":"create new page","method":"POST","url":"/tpr-payroll-slip/pdf"}
{"ts":"2026-05-07T05:13:16.616Z","level":"STEP","reqId":"MOV15ZIW-BJUWX5","route":"PAYROLL_SLIP","stage":"PDF:SET_CONTENT","detail":"html size 13.4 KB","method":"POST","url":"/tpr-payroll-slip/pdf"}
{"ts":"2026-05-07T05:13:17.609Z","level":"STEP","reqId":"MOV15ZIW-BJUWX5","route":"PAYROLL_SLIP","stage":"PDF:FONTS_READY","detail":"waiting document.fonts.ready","method":"POST","url":"/tpr-payroll-slip/pdf"}
{"ts":"2026-05-07T05:13:17.612Z","level":"STEP","reqId":"MOV15ZIW-BJUWX5","route":"PAYROLL_SLIP","stage":"PDF:RENDER","detail":"format=A4 media=screen landscape=true","method":"POST","url":"/tpr-payroll-slip/pdf"}
{"ts":"2026-05-07T05:13:17.823Z","level":"STEP","reqId":"MOV15ZIW-BJUWX5","route":"PAYROLL_SLIP","stage":"PDF:BUFFER_READY","detail":"pdf size 420 KB","method":"POST","url":"/tpr-payroll-slip/pdf"}
{"ts":"2026-05-07T05:13:17.824Z","level":"STEP","reqId":"MOV15ZIW-BJUWX5","route":"PAYROLL_SLIP","stage":"PDF:PAGE_CLOSE","detail":"close page","method":"POST","url":"/tpr-payroll-slip/pdf"}
{"ts":"2026-05-07T05:13:17.835Z","level":"STEP","reqId":"MOV15ZIW-BJUWX5","route":"PAYROLL_SLIP","stage":"RESPOND_PDF","detail":"filename=tpr_payroll_slip.pdf","method":"POST","url":"/tpr-payroll-slip/pdf"}
{"ts":"2026-05-07T05:13:17.835Z","level":"PDF_RESPONSE","reqId":"MOV15ZIW-BJUWX5","route":"PAYROLL_SLIP","method":"POST","url":"/tpr-payroll-slip/pdf","filename":"tpr_payroll_slip.pdf","pdfBytes":430094}
{"ts":"2026-05-07T05:13:17.837Z","level":"REQUEST_DONE","reqId":"MOV15ZIW-BJUWX5","route":"PAYROLL_SLIP","method":"POST","url":"/tpr-payroll-slip/pdf","status":200,"durationMs":1268,"responseSize":"420 KB"}
{"ts":"2026-05-07T05:32:01.038Z","level":"STEP","reqId":"MOV1U365-P4I26X","route":"PAYROLL_SLIP","stage":"START","detail":"OPTIONS /tpr-payroll-slip/pdf","method":"OPTIONS","url":"/tpr-payroll-slip/pdf"}
{"ts":"2026-05-07T05:32:01.038Z","level":"REQUEST_START","reqId":"MOV1U365-P4I26X","route":"PAYROLL_SLIP","method":"OPTIONS","url":"/tpr-payroll-slip/pdf","ip":"::1","origin":"http://localhost:5174","ua":"Mozilla/5.0 (Windows NT 10.0; Win64; x64) AppleWebKit/537.36 (KHTML, like Gecko) Chrome/147.0.0.0 Safari/537.36","payloadBytes":2}
{"ts":"2026-05-07T05:32:01.040Z","level":"REQUEST_DONE","reqId":"MOV1U365-P4I26X","route":"PAYROLL_SLIP","method":"OPTIONS","url":"/tpr-payroll-slip/pdf","status":204,"durationMs":3,"responseSize":"0 B"}
{"ts":"2026-05-07T05:32:01.041Z","level":"STEP","reqId":"MOV1U369-YVQRKP","route":"PAYROLL_SLIP","stage":"START","detail":"POST /tpr-payroll-slip/pdf","method":"POST","url":"/tpr-payroll-slip/pdf"}
{"ts":"2026-05-07T05:32:01.042Z","level":"REQUEST_START","reqId":"MOV1U369-YVQRKP","route":"PAYROLL_SLIP","method":"POST","url":"/tpr-payroll-slip/pdf","ip":"::1","origin":"http://localhost:5174","ua":"Mozilla/5.0 (Windows NT 10.0; Win64; x64) AppleWebKit/537.36 (KHTML, like Gecko) Chrome/147.0.0.0 Safari/537.36","payloadBytes":2}
{"ts":"2026-05-07T05:32:01.044Z","level":"STEP","reqId":"MOV1U369-YVQRKP","route":"PAYROLL_SLIP","stage":"ROUTE","detail":"pdf mode","method":"POST","url":"/tpr-payroll-slip/pdf"}
{"ts":"2026-05-07T05:32:01.045Z","level":"STEP","reqId":"MOV1U369-YVQRKP","route":"PAYROLL_SLIP","stage":"NORMALIZE","detail":"payload 4.67 KB","method":"POST","url":"/tpr-payroll-slip/pdf"}
{"ts":"2026-05-07T05:32:01.047Z","level":"STEP","reqId":"MOV1U369-YVQRKP","route":"PAYROLL_SLIP","stage":"TEMPLATE","detail":"render html before pdf","method":"POST","url":"/tpr-payroll-slip/pdf"}
{"ts":"2026-05-07T05:32:01.049Z","level":"INFO","title":"PUPPETEER","message":"reuse existing browser instance"}
{"ts":"2026-05-07T05:32:01.089Z","level":"STEP","reqId":"MOV1U369-YVQRKP","route":"PAYROLL_SLIP","stage":"PDF:PAGE_OPEN","detail":"create new page","method":"POST","url":"/tpr-payroll-slip/pdf"}
{"ts":"2026-05-07T05:32:01.092Z","level":"STEP","reqId":"MOV1U369-YVQRKP","route":"PAYROLL_SLIP","stage":"PDF:SET_CONTENT","detail":"html size 13.6 KB","method":"POST","url":"/tpr-payroll-slip/pdf"}
{"ts":"2026-05-07T05:32:03.967Z","level":"STEP","reqId":"MOV1U369-YVQRKP","route":"PAYROLL_SLIP","stage":"PDF:FONTS_READY","detail":"waiting document.fonts.ready","method":"POST","url":"/tpr-payroll-slip/pdf"}
{"ts":"2026-05-07T05:32:03.969Z","level":"STEP","reqId":"MOV1U369-YVQRKP","route":"PAYROLL_SLIP","stage":"PDF:RENDER","detail":"format=A4 media=screen landscape=true","method":"POST","url":"/tpr-payroll-slip/pdf"}
{"ts":"2026-05-07T05:32:04.180Z","level":"STEP","reqId":"MOV1U369-YVQRKP","route":"PAYROLL_SLIP","stage":"PDF:BUFFER_READY","detail":"pdf size 433 KB","method":"POST","url":"/tpr-payroll-slip/pdf"}
{"ts":"2026-05-07T05:32:04.180Z","level":"STEP","reqId":"MOV1U369-YVQRKP","route":"PAYROLL_SLIP","stage":"PDF:PAGE_CLOSE","detail":"close page","method":"POST","url":"/tpr-payroll-slip/pdf"}
{"ts":"2026-05-07T05:32:04.188Z","level":"STEP","reqId":"MOV1U369-YVQRKP","route":"PAYROLL_SLIP","stage":"RESPOND_PDF","detail":"filename=tpr_payroll_slip.pdf","method":"POST","url":"/tpr-payroll-slip/pdf"}
{"ts":"2026-05-07T05:32:04.189Z","level":"PDF_RESPONSE","reqId":"MOV1U369-YVQRKP","route":"PAYROLL_SLIP","method":"POST","url":"/tpr-payroll-slip/pdf","filename":"tpr_payroll_slip.pdf","pdfBytes":443327}
{"ts":"2026-05-07T05:32:04.190Z","level":"REQUEST_DONE","reqId":"MOV1U369-YVQRKP","route":"PAYROLL_SLIP","method":"POST","url":"/tpr-payroll-slip/pdf","status":200,"durationMs":3149,"responseSize":"433 KB"}
{"ts":"2026-05-07T05:33:34.612Z","level":"INFO","title":"TEMPLATE","message":"compile templates\\tpr_quotation.hbs","templatePath":"C:\\Projcet TPR\\report-server\\templates\\tpr_quotation.hbs"}
{"ts":"2026-05-07T05:33:34.613Z","level":"INFO","title":"TEMPLATE","message":"compile templates\\tpr_credit_note.hbs","templatePath":"C:\\Projcet TPR\\report-server\\templates\\tpr_credit_note.hbs"}
{"ts":"2026-05-07T05:33:34.614Z","level":"INFO","title":"TEMPLATE","message":"compile templates\\tpr_invoice.hbs","templatePath":"C:\\Projcet TPR\\report-server\\templates\\tpr_invoice.hbs"}
{"ts":"2026-05-07T05:33:34.614Z","level":"INFO","title":"TEMPLATE","message":"compile templates\\tpr_purchase_order.hbs","templatePath":"C:\\Projcet TPR\\report-server\\templates\\tpr_purchase_order.hbs"}
{"ts":"2026-05-07T05:33:34.615Z","level":"INFO","title":"TEMPLATE","message":"compile templates\\tpr_receipt.hbs","templatePath":"C:\\Projcet TPR\\report-server\\templates\\tpr_receipt.hbs"}
{"ts":"2026-05-07T05:33:34.615Z","level":"INFO","title":"TEMPLATE","message":"compile templates\\tpr_tax_receipt.hbs","templatePath":"C:\\Projcet TPR\\report-server\\templates\\tpr_tax_receipt.hbs"}
{"ts":"2026-05-07T05:33:34.616Z","level":"INFO","title":"TEMPLATE","message":"compile templates\\tpr_withholding_tax_certificate.hbs","templatePath":"C:\\Projcet TPR\\report-server\\templates\\tpr_withholding_tax_certificate.hbs"}
{"ts":"2026-05-07T05:33:34.617Z","level":"INFO","title":"TEMPLATE","message":"compile templates\\tpr_payment_voucher.hbs","templatePath":"C:\\Projcet TPR\\report-server\\templates\\tpr_payment_voucher.hbs"}
{"ts":"2026-05-07T05:33:34.618Z","level":"INFO","title":"TEMPLATE","message":"compile templates\\tpr_receipt_voucher.hbs","templatePath":"C:\\Projcet TPR\\report-server\\templates\\tpr_receipt_voucher.hbs"}
{"ts":"2026-05-07T05:33:34.618Z","level":"INFO","title":"TEMPLATE","message":"compile templates\\tpr_petty_cash_voucher.hbs","templatePath":"C:\\Projcet TPR\\report-server\\templates\\tpr_petty_cash_voucher.hbs"}
{"ts":"2026-05-07T05:33:34.619Z","level":"INFO","title":"TEMPLATE","message":"compile templates\\tpr_petty_cash_request.hbs","templatePath":"C:\\Projcet TPR\\report-server\\templates\\tpr_petty_cash_request.hbs"}
{"ts":"2026-05-07T05:33:34.619Z","level":"INFO","title":"TEMPLATE","message":"compile templates\\tpr_petty_cash_payment_report.hbs","templatePath":"C:\\Projcet TPR\\report-server\\templates\\tpr_petty_cash_payment_report.hbs"}
{"ts":"2026-05-07T05:33:34.620Z","level":"INFO","title":"TEMPLATE","message":"compile templates\\tpr_receipt_certification.hbs","templatePath":"C:\\Projcet TPR\\report-server\\templates\\tpr_receipt_certification.hbs"}
{"ts":"2026-05-07T05:33:34.620Z","level":"INFO","title":"TEMPLATE","message":"compile templates\\tpr_payroll_slip.hbs","templatePath":"C:\\Projcet TPR\\report-server\\templates\\tpr_payroll_slip.hbs"}
{"ts":"2026-05-07T05:33:34.621Z","level":"WARN","title":"CSS","message":"inline missing: C:\\Projcet TPR\\report-server\\public\\css\\quotation.css (ไม่จำเป็นถ้า CSS อยู่ใน hbs แล้ว)","cssPath":"C:\\Projcet TPR\\report-server\\public\\css\\quotation.css"}
{"ts":"2026-05-07T05:33:34.639Z","level":"OK","title":"READY","message":"PDF server is running","port":4100,"logFile":"C:\\Projcet TPR\\report-server\\logs\\server-2026-05-07.log"}
{"ts":"2026-05-07T05:33:34.640Z","level":"BOOT","message":"PDF server is running","port":4100,"logFile":"C:\\Projcet TPR\\report-server\\logs\\server-2026-05-07.log"}
{"ts":"2026-05-07T05:40:58.199Z","level":"STEP","reqId":"MOV25LNB-YC5IAF","route":"PAYROLL_SLIP","stage":"START","detail":"OPTIONS /tpr-payroll-slip/pdf","method":"OPTIONS","url":"/tpr-payroll-slip/pdf"}
{"ts":"2026-05-07T05:40:58.201Z","level":"REQUEST_START","reqId":"MOV25LNB-YC5IAF","route":"PAYROLL_SLIP","method":"OPTIONS","url":"/tpr-payroll-slip/pdf","ip":"::1","origin":"http://localhost:5174","ua":"Mozilla/5.0 (Windows NT 10.0; Win64; x64) AppleWebKit/537.36 (KHTML, like Gecko) Chrome/147.0.0.0 Safari/537.36","payloadBytes":2}
{"ts":"2026-05-07T05:40:58.206Z","level":"REQUEST_DONE","reqId":"MOV25LNB-YC5IAF","route":"PAYROLL_SLIP","method":"OPTIONS","url":"/tpr-payroll-slip/pdf","status":204,"durationMs":6,"responseSize":"0 B"}
{"ts":"2026-05-07T05:40:58.209Z","level":"STEP","reqId":"MOV25LNK-MWE3XN","route":"PAYROLL_SLIP","stage":"START","detail":"POST /tpr-payroll-slip/pdf","method":"POST","url":"/tpr-payroll-slip/pdf"}
{"ts":"2026-05-07T05:40:58.210Z","level":"REQUEST_START","reqId":"MOV25LNK-MWE3XN","route":"PAYROLL_SLIP","method":"POST","url":"/tpr-payroll-slip/pdf","ip":"::1","origin":"http://localhost:5174","ua":"Mozilla/5.0 (Windows NT 10.0; Win64; x64) AppleWebKit/537.36 (KHTML, like Gecko) Chrome/147.0.0.0 Safari/537.36","payloadBytes":2}
{"ts":"2026-05-07T05:40:58.226Z","level":"STEP","reqId":"MOV25LNK-MWE3XN","route":"PAYROLL_SLIP","stage":"ROUTE","detail":"pdf mode","method":"POST","url":"/tpr-payroll-slip/pdf"}
{"ts":"2026-05-07T05:40:58.227Z","level":"STEP","reqId":"MOV25LNK-MWE3XN","route":"PAYROLL_SLIP","stage":"NORMALIZE","detail":"payload 5.21 KB","method":"POST","url":"/tpr-payroll-slip/pdf"}
{"ts":"2026-05-07T05:40:58.230Z","level":"STEP","reqId":"MOV25LNK-MWE3XN","route":"PAYROLL_SLIP","stage":"TEMPLATE","detail":"render html before pdf","method":"POST","url":"/tpr-payroll-slip/pdf"}
{"ts":"2026-05-07T05:40:58.267Z","level":"INFO","title":"PUPPETEER","message":"launch browser..."}
{"ts":"2026-05-07T05:40:58.554Z","level":"OK","title":"PUPPETEER","message":"browser launched"}
{"ts":"2026-05-07T05:40:58.589Z","level":"STEP","reqId":"MOV25LNK-MWE3XN","route":"PAYROLL_SLIP","stage":"PDF:PAGE_OPEN","detail":"create new page","method":"POST","url":"/tpr-payroll-slip/pdf"}
{"ts":"2026-05-07T05:40:58.593Z","level":"STEP","reqId":"MOV25LNK-MWE3XN","route":"PAYROLL_SLIP","stage":"PDF:SET_CONTENT","detail":"html size 13.8 KB","method":"POST","url":"/tpr-payroll-slip/pdf"}
{"ts":"2026-05-07T05:40:59.633Z","level":"STEP","reqId":"MOV25LNK-MWE3XN","route":"PAYROLL_SLIP","stage":"PDF:FONTS_READY","detail":"waiting document.fonts.ready","method":"POST","url":"/tpr-payroll-slip/pdf"}
{"ts":"2026-05-07T05:40:59.636Z","level":"STEP","reqId":"MOV25LNK-MWE3XN","route":"PAYROLL_SLIP","stage":"PDF:RENDER","detail":"format=A4 media=screen landscape=true","method":"POST","url":"/tpr-payroll-slip/pdf"}
{"ts":"2026-05-07T05:40:59.854Z","level":"STEP","reqId":"MOV25LNK-MWE3XN","route":"PAYROLL_SLIP","stage":"PDF:BUFFER_READY","detail":"pdf size 431 KB","method":"POST","url":"/tpr-payroll-slip/pdf"}
{"ts":"2026-05-07T05:40:59.855Z","level":"STEP","reqId":"MOV25LNK-MWE3XN","route":"PAYROLL_SLIP","stage":"PDF:PAGE_CLOSE","detail":"close page","method":"POST","url":"/tpr-payroll-slip/pdf"}
{"ts":"2026-05-07T05:40:59.864Z","level":"STEP","reqId":"MOV25LNK-MWE3XN","route":"PAYROLL_SLIP","stage":"RESPOND_PDF","detail":"filename=tpr_payroll_slip.pdf","method":"POST","url":"/tpr-payroll-slip/pdf"}
{"ts":"2026-05-07T05:40:59.864Z","level":"PDF_RESPONSE","reqId":"MOV25LNK-MWE3XN","route":"PAYROLL_SLIP","method":"POST","url":"/tpr-payroll-slip/pdf","filename":"tpr_payroll_slip.pdf","pdfBytes":441567}
{"ts":"2026-05-07T05:40:59.868Z","level":"REQUEST_DONE","reqId":"MOV25LNK-MWE3XN","route":"PAYROLL_SLIP","method":"POST","url":"/tpr-payroll-slip/pdf","status":200,"durationMs":1659,"responseSize":"431 KB"}
{"ts":"2026-05-07T06:42:16.136Z","level":"INFO","title":"TEMPLATE","message":"compile templates\\tpr_quotation.hbs","templatePath":"C:\\Projcet TPR\\report-server\\templates\\tpr_quotation.hbs"}
{"ts":"2026-05-07T06:42:16.137Z","level":"INFO","title":"TEMPLATE","message":"compile templates\\tpr_credit_note.hbs","templatePath":"C:\\Projcet TPR\\report-server\\templates\\tpr_credit_note.hbs"}
{"ts":"2026-05-07T06:42:16.138Z","level":"INFO","title":"TEMPLATE","message":"compile templates\\tpr_invoice.hbs","templatePath":"C:\\Projcet TPR\\report-server\\templates\\tpr_invoice.hbs"}
{"ts":"2026-05-07T06:42:16.139Z","level":"INFO","title":"TEMPLATE","message":"compile templates\\tpr_purchase_order.hbs","templatePath":"C:\\Projcet TPR\\report-server\\templates\\tpr_purchase_order.hbs"}
{"ts":"2026-05-07T06:42:16.139Z","level":"INFO","title":"TEMPLATE","message":"compile templates\\tpr_receipt.hbs","templatePath":"C:\\Projcet TPR\\report-server\\templates\\tpr_receipt.hbs"}
{"ts":"2026-05-07T06:42:16.140Z","level":"INFO","title":"TEMPLATE","message":"compile templates\\tpr_tax_receipt.hbs","templatePath":"C:\\Projcet TPR\\report-server\\templates\\tpr_tax_receipt.hbs"}
{"ts":"2026-05-07T06:42:16.141Z","level":"INFO","title":"TEMPLATE","message":"compile templates\\tpr_withholding_tax_certificate.hbs","templatePath":"C:\\Projcet TPR\\report-server\\templates\\tpr_withholding_tax_certificate.hbs"}
{"ts":"2026-05-07T06:42:16.142Z","level":"INFO","title":"TEMPLATE","message":"compile templates\\tpr_payment_voucher.hbs","templatePath":"C:\\Projcet TPR\\report-server\\templates\\tpr_payment_voucher.hbs"}
{"ts":"2026-05-07T06:42:16.142Z","level":"INFO","title":"TEMPLATE","message":"compile templates\\tpr_receipt_voucher.hbs","templatePath":"C:\\Projcet TPR\\report-server\\templates\\tpr_receipt_voucher.hbs"}
{"ts":"2026-05-07T06:42:16.143Z","level":"INFO","title":"TEMPLATE","message":"compile templates\\tpr_petty_cash_voucher.hbs","templatePath":"C:\\Projcet TPR\\report-server\\templates\\tpr_petty_cash_voucher.hbs"}
{"ts":"2026-05-07T06:42:16.144Z","level":"INFO","title":"TEMPLATE","message":"compile templates\\tpr_petty_cash_request.hbs","templatePath":"C:\\Projcet TPR\\report-server\\templates\\tpr_petty_cash_request.hbs"}
{"ts":"2026-05-07T06:42:16.144Z","level":"INFO","title":"TEMPLATE","message":"compile templates\\tpr_petty_cash_payment_report.hbs","templatePath":"C:\\Projcet TPR\\report-server\\templates\\tpr_petty_cash_payment_report.hbs"}
{"ts":"2026-05-07T06:42:16.145Z","level":"INFO","title":"TEMPLATE","message":"compile templates\\tpr_receipt_certification.hbs","templatePath":"C:\\Projcet TPR\\report-server\\templates\\tpr_receipt_certification.hbs"}
{"ts":"2026-05-07T06:42:16.145Z","level":"INFO","title":"TEMPLATE","message":"compile templates\\tpr_payroll_slip.hbs","templatePath":"C:\\Projcet TPR\\report-server\\templates\\tpr_payroll_slip.hbs"}
{"ts":"2026-05-07T06:42:16.146Z","level":"WARN","title":"CSS","message":"inline missing: C:\\Projcet TPR\\report-server\\public\\css\\quotation.css (ไม่จำเป็นถ้า CSS อยู่ใน hbs แล้ว)","cssPath":"C:\\Projcet TPR\\report-server\\public\\css\\quotation.css"}
{"ts":"2026-05-07T06:42:16.163Z","level":"OK","title":"READY","message":"PDF server is running","port":4100,"logFile":"C:\\Projcet TPR\\report-server\\logs\\server-2026-05-07.log"}
{"ts":"2026-05-07T06:42:16.164Z","level":"BOOT","message":"PDF server is running","port":4100,"logFile":"C:\\Projcet TPR\\report-server\\logs\\server-2026-05-07.log"}
{"ts":"2026-05-07T06:42:18.938Z","level":"STEP","reqId":"MOV4CHQ2-9JM535","route":"PAYROLL_SLIP","stage":"START","detail":"OPTIONS /tpr-payroll-slip/pdf","method":"OPTIONS","url":"/tpr-payroll-slip/pdf"}
{"ts":"2026-05-07T06:42:18.939Z","level":"REQUEST_START","reqId":"MOV4CHQ2-9JM535","route":"PAYROLL_SLIP","method":"OPTIONS","url":"/tpr-payroll-slip/pdf","ip":"::1","origin":"http://localhost:5174","ua":"Mozilla/5.0 (Windows NT 10.0; Win64; x64) AppleWebKit/537.36 (KHTML, like Gecko) Chrome/147.0.0.0 Safari/537.36","payloadBytes":2}
{"ts":"2026-05-07T06:42:18.945Z","level":"REQUEST_DONE","reqId":"MOV4CHQ2-9JM535","route":"PAYROLL_SLIP","method":"OPTIONS","url":"/tpr-payroll-slip/pdf","status":204,"durationMs":7,"responseSize":"0 B"}
{"ts":"2026-05-07T06:42:18.948Z","level":"STEP","reqId":"MOV4CHQC-3DHFFG","route":"PAYROLL_SLIP","stage":"START","detail":"POST /tpr-payroll-slip/pdf","method":"POST","url":"/tpr-payroll-slip/pdf"}
{"ts":"2026-05-07T06:42:18.949Z","level":"REQUEST_START","reqId":"MOV4CHQC-3DHFFG","route":"PAYROLL_SLIP","method":"POST","url":"/tpr-payroll-slip/pdf","ip":"::1","origin":"http://localhost:5174","ua":"Mozilla/5.0 (Windows NT 10.0; Win64; x64) AppleWebKit/537.36 (KHTML, like Gecko) Chrome/147.0.0.0 Safari/537.36","payloadBytes":2}
{"ts":"2026-05-07T06:42:18.964Z","level":"STEP","reqId":"MOV4CHQC-3DHFFG","route":"PAYROLL_SLIP","stage":"ROUTE","detail":"pdf mode","method":"POST","url":"/tpr-payroll-slip/pdf"}
{"ts":"2026-05-07T06:42:18.965Z","level":"STEP","reqId":"MOV4CHQC-3DHFFG","route":"PAYROLL_SLIP","stage":"NORMALIZE","detail":"payload 5.21 KB","method":"POST","url":"/tpr-payroll-slip/pdf"}
{"ts":"2026-05-07T06:42:18.967Z","level":"STEP","reqId":"MOV4CHQC-3DHFFG","route":"PAYROLL_SLIP","stage":"TEMPLATE","detail":"render html before pdf","method":"POST","url":"/tpr-payroll-slip/pdf"}
{"ts":"2026-05-07T06:42:19.000Z","level":"INFO","title":"PUPPETEER","message":"launch browser..."}
{"ts":"2026-05-07T06:42:19.286Z","level":"OK","title":"PUPPETEER","message":"browser launched"}
{"ts":"2026-05-07T06:42:19.324Z","level":"STEP","reqId":"MOV4CHQC-3DHFFG","route":"PAYROLL_SLIP","stage":"PDF:PAGE_OPEN","detail":"create new page","method":"POST","url":"/tpr-payroll-slip/pdf"}
{"ts":"2026-05-07T06:42:19.327Z","level":"STEP","reqId":"MOV4CHQC-3DHFFG","route":"PAYROLL_SLIP","stage":"PDF:SET_CONTENT","detail":"html size 13.8 KB","method":"POST","url":"/tpr-payroll-slip/pdf"}
{"ts":"2026-05-07T06:42:20.280Z","level":"STEP","reqId":"MOV4CHQC-3DHFFG","route":"PAYROLL_SLIP","stage":"PDF:FONTS_READY","detail":"waiting document.fonts.ready","method":"POST","url":"/tpr-payroll-slip/pdf"}
{"ts":"2026-05-07T06:42:20.282Z","level":"STEP","reqId":"MOV4CHQC-3DHFFG","route":"PAYROLL_SLIP","stage":"PDF:RENDER","detail":"format=A4 media=screen landscape=true","method":"POST","url":"/tpr-payroll-slip/pdf"}
{"ts":"2026-05-07T06:42:20.509Z","level":"STEP","reqId":"MOV4CHQC-3DHFFG","route":"PAYROLL_SLIP","stage":"PDF:BUFFER_READY","detail":"pdf size 431 KB","method":"POST","url":"/tpr-payroll-slip/pdf"}
{"ts":"2026-05-07T06:42:20.510Z","level":"STEP","reqId":"MOV4CHQC-3DHFFG","route":"PAYROLL_SLIP","stage":"PDF:PAGE_CLOSE","detail":"close page","method":"POST","url":"/tpr-payroll-slip/pdf"}
{"ts":"2026-05-07T06:42:20.521Z","level":"STEP","reqId":"MOV4CHQC-3DHFFG","route":"PAYROLL_SLIP","stage":"RESPOND_PDF","detail":"filename=tpr_payroll_slip.pdf","method":"POST","url":"/tpr-payroll-slip/pdf"}
{"ts":"2026-05-07T06:42:20.521Z","level":"PDF_RESPONSE","reqId":"MOV4CHQC-3DHFFG","route":"PAYROLL_SLIP","method":"POST","url":"/tpr-payroll-slip/pdf","filename":"tpr_payroll_slip.pdf","pdfBytes":441567}
{"ts":"2026-05-07T06:42:20.524Z","level":"REQUEST_DONE","reqId":"MOV4CHQC-3DHFFG","route":"PAYROLL_SLIP","method":"POST","url":"/tpr-payroll-slip/pdf","status":200,"durationMs":1576,"responseSize":"431 KB"}
{"ts":"2026-05-07T06:43:32.796Z","level":"STEP","reqId":"MOV4E2PN-0HQBDW","route":"PAYROLL_SLIP","stage":"START","detail":"OPTIONS /tpr-payroll-slip/pdf","method":"OPTIONS","url":"/tpr-payroll-slip/pdf"}
{"ts":"2026-05-07T06:43:32.797Z","level":"REQUEST_START","reqId":"MOV4E2PN-0HQBDW","route":"PAYROLL_SLIP","method":"OPTIONS","url":"/tpr-payroll-slip/pdf","ip":"::1","origin":"http://localhost:5174","ua":"Mozilla/5.0 (Windows NT 10.0; Win64; x64) AppleWebKit/537.36 (KHTML, like Gecko) Chrome/147.0.0.0 Safari/537.36","payloadBytes":2}
{"ts":"2026-05-07T06:43:32.798Z","level":"REQUEST_DONE","reqId":"MOV4E2PN-0HQBDW","route":"PAYROLL_SLIP","method":"OPTIONS","url":"/tpr-payroll-slip/pdf","status":204,"durationMs":2,"responseSize":"0 B"}
{"ts":"2026-05-07T06:43:32.799Z","level":"STEP","reqId":"MOV4E2PQ-18TVR2","route":"PAYROLL_SLIP","stage":"START","detail":"POST /tpr-payroll-slip/pdf","method":"POST","url":"/tpr-payroll-slip/pdf"}
{"ts":"2026-05-07T06:43:32.799Z","level":"REQUEST_START","reqId":"MOV4E2PQ-18TVR2","route":"PAYROLL_SLIP","method":"POST","url":"/tpr-payroll-slip/pdf","ip":"::1","origin":"http://localhost:5174","ua":"Mozilla/5.0 (Windows NT 10.0; Win64; x64) AppleWebKit/537.36 (KHTML, like Gecko) Chrome/147.0.0.0 Safari/537.36","payloadBytes":2}
{"ts":"2026-05-07T06:43:32.802Z","level":"STEP","reqId":"MOV4E2PQ-18TVR2","route":"PAYROLL_SLIP","stage":"ROUTE","detail":"pdf mode","method":"POST","url":"/tpr-payroll-slip/pdf"}
{"ts":"2026-05-07T06:43:32.803Z","level":"STEP","reqId":"MOV4E2PQ-18TVR2","route":"PAYROLL_SLIP","stage":"NORMALIZE","detail":"payload 5.21 KB","method":"POST","url":"/tpr-payroll-slip/pdf"}
{"ts":"2026-05-07T06:43:32.805Z","level":"STEP","reqId":"MOV4E2PQ-18TVR2","route":"PAYROLL_SLIP","stage":"TEMPLATE","detail":"render html before pdf","method":"POST","url":"/tpr-payroll-slip/pdf"}
{"ts":"2026-05-07T06:43:32.809Z","level":"INFO","title":"PUPPETEER","message":"reuse existing browser instance"}
{"ts":"2026-05-07T06:43:32.848Z","level":"STEP","reqId":"MOV4E2PQ-18TVR2","route":"PAYROLL_SLIP","stage":"PDF:PAGE_OPEN","detail":"create new page","method":"POST","url":"/tpr-payroll-slip/pdf"}
{"ts":"2026-05-07T06:43:32.853Z","level":"STEP","reqId":"MOV4E2PQ-18TVR2","route":"PAYROLL_SLIP","stage":"PDF:SET_CONTENT","detail":"html size 13.8 KB","method":"POST","url":"/tpr-payroll-slip/pdf"}
{"ts":"2026-05-07T06:43:33.838Z","level":"STEP","reqId":"MOV4E2PQ-18TVR2","route":"PAYROLL_SLIP","stage":"PDF:FONTS_READY","detail":"waiting document.fonts.ready","method":"POST","url":"/tpr-payroll-slip/pdf"}
{"ts":"2026-05-07T06:43:33.840Z","level":"STEP","reqId":"MOV4E2PQ-18TVR2","route":"PAYROLL_SLIP","stage":"PDF:RENDER","detail":"format=A4 media=screen landscape=true","method":"POST","url":"/tpr-payroll-slip/pdf"}
{"ts":"2026-05-07T06:43:34.057Z","level":"STEP","reqId":"MOV4E2PQ-18TVR2","route":"PAYROLL_SLIP","stage":"PDF:BUFFER_READY","detail":"pdf size 431 KB","method":"POST","url":"/tpr-payroll-slip/pdf"}
{"ts":"2026-05-07T06:43:34.058Z","level":"STEP","reqId":"MOV4E2PQ-18TVR2","route":"PAYROLL_SLIP","stage":"PDF:PAGE_CLOSE","detail":"close page","method":"POST","url":"/tpr-payroll-slip/pdf"}
{"ts":"2026-05-07T06:43:34.067Z","level":"STEP","reqId":"MOV4E2PQ-18TVR2","route":"PAYROLL_SLIP","stage":"RESPOND_PDF","detail":"filename=tpr_payroll_slip.pdf","method":"POST","url":"/tpr-payroll-slip/pdf"}
{"ts":"2026-05-07T06:43:34.067Z","level":"PDF_RESPONSE","reqId":"MOV4E2PQ-18TVR2","route":"PAYROLL_SLIP","method":"POST","url":"/tpr-payroll-slip/pdf","filename":"tpr_payroll_slip.pdf","pdfBytes":441567}
{"ts":"2026-05-07T06:43:34.069Z","level":"REQUEST_DONE","reqId":"MOV4E2PQ-18TVR2","route":"PAYROLL_SLIP","method":"POST","url":"/tpr-payroll-slip/pdf","status":200,"durationMs":1271,"responseSize":"431 KB"}
{"ts":"2026-05-07T07:32:14.463Z","level":"STEP","reqId":"MOV64P32-S6U867","route":"PAYROLL_SLIP","stage":"START","detail":"OPTIONS /tpr-payroll-slip/pdf","method":"OPTIONS","url":"/tpr-payroll-slip/pdf"}
{"ts":"2026-05-07T07:32:14.465Z","level":"REQUEST_START","reqId":"MOV64P32-S6U867","route":"PAYROLL_SLIP","method":"OPTIONS","url":"/tpr-payroll-slip/pdf","ip":"::1","origin":"http://localhost:5174","ua":"Mozilla/5.0 (Windows NT 10.0; Win64; x64) AppleWebKit/537.36 (KHTML, like Gecko) Chrome/147.0.0.0 Safari/537.36","payloadBytes":2}
{"ts":"2026-05-07T07:32:14.466Z","level":"REQUEST_DONE","reqId":"MOV64P32-S6U867","route":"PAYROLL_SLIP","method":"OPTIONS","url":"/tpr-payroll-slip/pdf","status":204,"durationMs":4,"responseSize":"0 B"}
{"ts":"2026-05-07T07:32:14.468Z","level":"STEP","reqId":"MOV64P37-XVEMVN","route":"PAYROLL_SLIP","stage":"START","detail":"POST /tpr-payroll-slip/pdf","method":"POST","url":"/tpr-payroll-slip/pdf"}
{"ts":"2026-05-07T07:32:14.468Z","level":"REQUEST_START","reqId":"MOV64P37-XVEMVN","route":"PAYROLL_SLIP","method":"POST","url":"/tpr-payroll-slip/pdf","ip":"::1","origin":"http://localhost:5174","ua":"Mozilla/5.0 (Windows NT 10.0; Win64; x64) AppleWebKit/537.36 (KHTML, like Gecko) Chrome/147.0.0.0 Safari/537.36","payloadBytes":2}
{"ts":"2026-05-07T07:32:14.470Z","level":"STEP","reqId":"MOV64P37-XVEMVN","route":"PAYROLL_SLIP","stage":"ROUTE","detail":"pdf mode","method":"POST","url":"/tpr-payroll-slip/pdf"}
{"ts":"2026-05-07T07:32:14.471Z","level":"STEP","reqId":"MOV64P37-XVEMVN","route":"PAYROLL_SLIP","stage":"NORMALIZE","detail":"payload 5.21 KB","method":"POST","url":"/tpr-payroll-slip/pdf"}
{"ts":"2026-05-07T07:32:14.473Z","level":"STEP","reqId":"MOV64P37-XVEMVN","route":"PAYROLL_SLIP","stage":"TEMPLATE","detail":"render html before pdf","method":"POST","url":"/tpr-payroll-slip/pdf"}
{"ts":"2026-05-07T07:32:14.476Z","level":"INFO","title":"PUPPETEER","message":"reuse existing browser instance"}
{"ts":"2026-05-07T07:32:14.520Z","level":"STEP","reqId":"MOV64P37-XVEMVN","route":"PAYROLL_SLIP","stage":"PDF:PAGE_OPEN","detail":"create new page","method":"POST","url":"/tpr-payroll-slip/pdf"}
{"ts":"2026-05-07T07:32:14.524Z","level":"STEP","reqId":"MOV64P37-XVEMVN","route":"PAYROLL_SLIP","stage":"PDF:SET_CONTENT","detail":"html size 13.8 KB","method":"POST","url":"/tpr-payroll-slip/pdf"}
{"ts":"2026-05-07T07:32:16.024Z","level":"STEP","reqId":"MOV64P37-XVEMVN","route":"PAYROLL_SLIP","stage":"PDF:FONTS_READY","detail":"waiting document.fonts.ready","method":"POST","url":"/tpr-payroll-slip/pdf"}
{"ts":"2026-05-07T07:32:16.027Z","level":"STEP","reqId":"MOV64P37-XVEMVN","route":"PAYROLL_SLIP","stage":"PDF:RENDER","detail":"format=A4 media=screen landscape=true","method":"POST","url":"/tpr-payroll-slip/pdf"}
{"ts":"2026-05-07T07:32:16.244Z","level":"STEP","reqId":"MOV64P37-XVEMVN","route":"PAYROLL_SLIP","stage":"PDF:BUFFER_READY","detail":"pdf size 430 KB","method":"POST","url":"/tpr-payroll-slip/pdf"}
{"ts":"2026-05-07T07:32:16.245Z","level":"STEP","reqId":"MOV64P37-XVEMVN","route":"PAYROLL_SLIP","stage":"PDF:PAGE_CLOSE","detail":"close page","method":"POST","url":"/tpr-payroll-slip/pdf"}
{"ts":"2026-05-07T07:32:16.254Z","level":"STEP","reqId":"MOV64P37-XVEMVN","route":"PAYROLL_SLIP","stage":"RESPOND_PDF","detail":"filename=tpr_payroll_slip.pdf","method":"POST","url":"/tpr-payroll-slip/pdf"}
{"ts":"2026-05-07T07:32:16.255Z","level":"PDF_RESPONSE","reqId":"MOV64P37-XVEMVN","route":"PAYROLL_SLIP","method":"POST","url":"/tpr-payroll-slip/pdf","filename":"tpr_payroll_slip.pdf","pdfBytes":440756}
{"ts":"2026-05-07T07:32:16.257Z","level":"REQUEST_DONE","reqId":"MOV64P37-XVEMVN","route":"PAYROLL_SLIP","method":"POST","url":"/tpr-payroll-slip/pdf","status":200,"durationMs":1789,"responseSize":"430 KB"}
{"ts":"2026-05-07T07:33:59.808Z","level":"WARN","title":"SHUTDOWN","message":"received SIGINT, closing server resources...","signal":"SIGINT"}
{"ts":"2026-05-07T07:33:59.809Z","level":"INFO","title":"PUPPETEER","message":"closing browser..."}
