{"ts":"2026-05-24T08:24:59.042Z","level":"INFO","title":"TEMPLATE","message":"compile templates\\tpr_quotation.hbs","templatePath":"C:\\Projcet TPR\\report-server\\templates\\tpr_quotation.hbs"}
{"ts":"2026-05-24T08:24:59.044Z","level":"INFO","title":"TEMPLATE","message":"compile templates\\tpr_credit_note.hbs","templatePath":"C:\\Projcet TPR\\report-server\\templates\\tpr_credit_note.hbs"}
{"ts":"2026-05-24T08:24:59.045Z","level":"INFO","title":"TEMPLATE","message":"compile templates\\tpr_invoice.hbs","templatePath":"C:\\Projcet TPR\\report-server\\templates\\tpr_invoice.hbs"}
{"ts":"2026-05-24T08:24:59.046Z","level":"INFO","title":"TEMPLATE","message":"compile templates\\tpr_purchase_order.hbs","templatePath":"C:\\Projcet TPR\\report-server\\templates\\tpr_purchase_order.hbs"}
{"ts":"2026-05-24T08:24:59.047Z","level":"INFO","title":"TEMPLATE","message":"compile templates\\tpr_receipt.hbs","templatePath":"C:\\Projcet TPR\\report-server\\templates\\tpr_receipt.hbs"}
{"ts":"2026-05-24T08:24:59.048Z","level":"INFO","title":"TEMPLATE","message":"compile templates\\tpr_tax_receipt.hbs","templatePath":"C:\\Projcet TPR\\report-server\\templates\\tpr_tax_receipt.hbs"}
{"ts":"2026-05-24T08:24:59.049Z","level":"INFO","title":"TEMPLATE","message":"compile templates\\tpr_withholding_tax_certificate.hbs","templatePath":"C:\\Projcet TPR\\report-server\\templates\\tpr_withholding_tax_certificate.hbs"}
{"ts":"2026-05-24T08:24:59.051Z","level":"INFO","title":"TEMPLATE","message":"compile templates\\tpr_payment_voucher.hbs","templatePath":"C:\\Projcet TPR\\report-server\\templates\\tpr_payment_voucher.hbs"}
{"ts":"2026-05-24T08:24:59.052Z","level":"INFO","title":"TEMPLATE","message":"compile templates\\tpr_receipt_voucher.hbs","templatePath":"C:\\Projcet TPR\\report-server\\templates\\tpr_receipt_voucher.hbs"}
{"ts":"2026-05-24T08:24:59.053Z","level":"INFO","title":"TEMPLATE","message":"compile templates\\tpr_petty_cash_voucher.hbs","templatePath":"C:\\Projcet TPR\\report-server\\templates\\tpr_petty_cash_voucher.hbs"}
{"ts":"2026-05-24T08:24:59.054Z","level":"INFO","title":"TEMPLATE","message":"compile templates\\tpr_petty_cash_request.hbs","templatePath":"C:\\Projcet TPR\\report-server\\templates\\tpr_petty_cash_request.hbs"}
{"ts":"2026-05-24T08:24:59.055Z","level":"INFO","title":"TEMPLATE","message":"compile templates\\tpr_petty_cash_payment_report.hbs","templatePath":"C:\\Projcet TPR\\report-server\\templates\\tpr_petty_cash_payment_report.hbs"}
{"ts":"2026-05-24T08:24:59.056Z","level":"INFO","title":"TEMPLATE","message":"compile templates\\tpr_receipt_certification.hbs","templatePath":"C:\\Projcet TPR\\report-server\\templates\\tpr_receipt_certification.hbs"}
{"ts":"2026-05-24T08:24:59.057Z","level":"INFO","title":"TEMPLATE","message":"compile templates\\tpr_payroll_slip.hbs","templatePath":"C:\\Projcet TPR\\report-server\\templates\\tpr_payroll_slip.hbs"}
{"ts":"2026-05-24T08:24:59.058Z","level":"WARN","title":"CSS","message":"inline missing: C:\\Projcet TPR\\report-server\\public\\css\\quotation.css (ไม่จำเป็นถ้า CSS อยู่ใน hbs แล้ว)","cssPath":"C:\\Projcet TPR\\report-server\\public\\css\\quotation.css"}
{"ts":"2026-05-24T08:24:59.112Z","level":"OK","title":"READY","message":"PDF server is running","port":4100,"logFile":"C:\\Projcet TPR\\report-server\\logs\\server-2026-05-24.log"}
{"ts":"2026-05-24T08:24:59.113Z","level":"BOOT","message":"PDF server is running","port":4100,"logFile":"C:\\Projcet TPR\\report-server\\logs\\server-2026-05-24.log"}
{"ts":"2026-05-24T08:25:06.995Z","level":"STEP","reqId":"MPJII6CY-K08U5V","route":"QUOTATION","stage":"START","detail":"OPTIONS /tpr-quotation/pdf","method":"OPTIONS","url":"/tpr-quotation/pdf"}
{"ts":"2026-05-24T08:25:06.995Z","level":"REQUEST_START","reqId":"MPJII6CY-K08U5V","route":"QUOTATION","method":"OPTIONS","url":"/tpr-quotation/pdf","ip":"::1","origin":"http://localhost:5174","ua":"Mozilla/5.0 (Windows NT 10.0; Win64; x64) AppleWebKit/537.36 (KHTML, like Gecko) Chrome/148.0.0.0 Safari/537.36","payloadBytes":2}
{"ts":"2026-05-24T08:25:06.999Z","level":"REQUEST_DONE","reqId":"MPJII6CY-K08U5V","route":"QUOTATION","method":"OPTIONS","url":"/tpr-quotation/pdf","status":204,"durationMs":4,"responseSize":"0 B"}
{"ts":"2026-05-24T08:25:07.000Z","level":"STEP","reqId":"MPJII6D4-T6DPF5","route":"QUOTATION","stage":"START","detail":"POST /tpr-quotation/pdf","method":"POST","url":"/tpr-quotation/pdf"}
{"ts":"2026-05-24T08:25:07.000Z","level":"REQUEST_START","reqId":"MPJII6D4-T6DPF5","route":"QUOTATION","method":"POST","url":"/tpr-quotation/pdf","ip":"::1","origin":"http://localhost:5174","ua":"Mozilla/5.0 (Windows NT 10.0; Win64; x64) AppleWebKit/537.36 (KHTML, like Gecko) Chrome/148.0.0.0 Safari/537.36","payloadBytes":2}
{"ts":"2026-05-24T08:25:07.024Z","level":"STEP","reqId":"MPJII6D4-T6DPF5","route":"QUOTATION","stage":"ROUTE","detail":"pdf mode","method":"POST","url":"/tpr-quotation/pdf"}
{"ts":"2026-05-24T08:25:07.025Z","level":"STEP","reqId":"MPJII6D4-T6DPF5","route":"QUOTATION","stage":"NORMALIZE","detail":"payload 1.68 KB","method":"POST","url":"/tpr-quotation/pdf"}
{"ts":"2026-05-24T08:25:07.026Z","level":"STEP","reqId":"MPJII6D4-T6DPF5","route":"QUOTATION","stage":"TEMPLATE","detail":"render html before pdf","method":"POST","url":"/tpr-quotation/pdf"}
{"ts":"2026-05-24T08:25:07.061Z","level":"INFO","title":"PUPPETEER","message":"launch browser..."}
{"ts":"2026-05-24T08:25:07.676Z","level":"OK","title":"PUPPETEER","message":"browser launched"}
{"ts":"2026-05-24T08:25:07.722Z","level":"STEP","reqId":"MPJII6D4-T6DPF5","route":"QUOTATION","stage":"PDF:PAGE_OPEN","detail":"create new page","method":"POST","url":"/tpr-quotation/pdf"}
{"ts":"2026-05-24T08:25:07.727Z","level":"STEP","reqId":"MPJII6D4-T6DPF5","route":"QUOTATION","stage":"PDF:SET_CONTENT","detail":"html size 9.22 KB","method":"POST","url":"/tpr-quotation/pdf"}
{"ts":"2026-05-24T08:25:09.286Z","level":"STEP","reqId":"MPJII6D4-T6DPF5","route":"QUOTATION","stage":"PDF:FONTS_READY","detail":"waiting document.fonts.ready","method":"POST","url":"/tpr-quotation/pdf"}
{"ts":"2026-05-24T08:25:09.289Z","level":"STEP","reqId":"MPJII6D4-T6DPF5","route":"QUOTATION","stage":"PDF:RENDER","detail":"format=A4 media=screen landscape=false","method":"POST","url":"/tpr-quotation/pdf"}
{"ts":"2026-05-24T08:25:09.453Z","level":"STEP","reqId":"MPJII6D4-T6DPF5","route":"QUOTATION","stage":"PDF:BUFFER_READY","detail":"pdf size 209 KB","method":"POST","url":"/tpr-quotation/pdf"}
{"ts":"2026-05-24T08:25:09.454Z","level":"STEP","reqId":"MPJII6D4-T6DPF5","route":"QUOTATION","stage":"PDF:PAGE_CLOSE","detail":"close page","method":"POST","url":"/tpr-quotation/pdf"}
{"ts":"2026-05-24T08:25:09.464Z","level":"STEP","reqId":"MPJII6D4-T6DPF5","route":"QUOTATION","stage":"RESPOND_PDF","detail":"filename=tpr_quotation.pdf","method":"POST","url":"/tpr-quotation/pdf"}
{"ts":"2026-05-24T08:25:09.465Z","level":"PDF_RESPONSE","reqId":"MPJII6D4-T6DPF5","route":"QUOTATION","method":"POST","url":"/tpr-quotation/pdf","filename":"tpr_quotation.pdf","pdfBytes":214364}
{"ts":"2026-05-24T08:25:09.468Z","level":"REQUEST_DONE","reqId":"MPJII6D4-T6DPF5","route":"QUOTATION","method":"POST","url":"/tpr-quotation/pdf","status":200,"durationMs":2468,"responseSize":"209 KB"}
{"ts":"2026-05-24T08:28:05.066Z","level":"STEP","reqId":"MPJILZRD-8NI6MS","route":"INVOICE","stage":"START","detail":"OPTIONS /tpr-invoice/pdf","method":"OPTIONS","url":"/tpr-invoice/pdf"}
{"ts":"2026-05-24T08:28:05.067Z","level":"REQUEST_START","reqId":"MPJILZRD-8NI6MS","route":"INVOICE","method":"OPTIONS","url":"/tpr-invoice/pdf","ip":"::1","origin":"http://localhost:5174","ua":"Mozilla/5.0 (Windows NT 10.0; Win64; x64) AppleWebKit/537.36 (KHTML, like Gecko) Chrome/148.0.0.0 Safari/537.36","payloadBytes":2}
{"ts":"2026-05-24T08:28:05.069Z","level":"REQUEST_DONE","reqId":"MPJILZRD-8NI6MS","route":"INVOICE","method":"OPTIONS","url":"/tpr-invoice/pdf","status":204,"durationMs":3,"responseSize":"0 B"}
{"ts":"2026-05-24T08:28:05.070Z","level":"STEP","reqId":"MPJILZRI-98XGLB","route":"INVOICE","stage":"START","detail":"POST /tpr-invoice/pdf","method":"POST","url":"/tpr-invoice/pdf"}
{"ts":"2026-05-24T08:28:05.070Z","level":"REQUEST_START","reqId":"MPJILZRI-98XGLB","route":"INVOICE","method":"POST","url":"/tpr-invoice/pdf","ip":"::1","origin":"http://localhost:5174","ua":"Mozilla/5.0 (Windows NT 10.0; Win64; x64) AppleWebKit/537.36 (KHTML, like Gecko) Chrome/148.0.0.0 Safari/537.36","payloadBytes":2}
{"ts":"2026-05-24T08:28:05.072Z","level":"STEP","reqId":"MPJILZRI-98XGLB","route":"INVOICE","stage":"ROUTE","detail":"pdf mode","method":"POST","url":"/tpr-invoice/pdf"}
{"ts":"2026-05-24T08:28:05.072Z","level":"STEP","reqId":"MPJILZRI-98XGLB","route":"INVOICE","stage":"NORMALIZE","detail":"payload 1.11 KB","method":"POST","url":"/tpr-invoice/pdf"}
{"ts":"2026-05-24T08:28:05.073Z","level":"STEP","reqId":"MPJILZRI-98XGLB","route":"INVOICE","stage":"TEMPLATE","detail":"render html before pdf","method":"POST","url":"/tpr-invoice/pdf"}
{"ts":"2026-05-24T08:28:05.086Z","level":"INFO","title":"PUPPETEER","message":"reuse existing browser instance"}
{"ts":"2026-05-24T08:28:05.162Z","level":"STEP","reqId":"MPJILZRI-98XGLB","route":"INVOICE","stage":"PDF:PAGE_OPEN","detail":"create new page","method":"POST","url":"/tpr-invoice/pdf"}
{"ts":"2026-05-24T08:28:05.166Z","level":"STEP","reqId":"MPJILZRI-98XGLB","route":"INVOICE","stage":"PDF:SET_CONTENT","detail":"html size 10.3 KB","method":"POST","url":"/tpr-invoice/pdf"}
{"ts":"2026-05-24T08:28:06.658Z","level":"STEP","reqId":"MPJILZRI-98XGLB","route":"INVOICE","stage":"PDF:FONTS_READY","detail":"waiting document.fonts.ready","method":"POST","url":"/tpr-invoice/pdf"}
{"ts":"2026-05-24T08:28:06.660Z","level":"STEP","reqId":"MPJILZRI-98XGLB","route":"INVOICE","stage":"PDF:RENDER","detail":"format=A4 media=screen landscape=false","method":"POST","url":"/tpr-invoice/pdf"}
{"ts":"2026-05-24T08:28:06.830Z","level":"STEP","reqId":"MPJILZRI-98XGLB","route":"INVOICE","stage":"PDF:BUFFER_READY","detail":"pdf size 206 KB","method":"POST","url":"/tpr-invoice/pdf"}
{"ts":"2026-05-24T08:28:06.831Z","level":"STEP","reqId":"MPJILZRI-98XGLB","route":"INVOICE","stage":"PDF:PAGE_CLOSE","detail":"close page","method":"POST","url":"/tpr-invoice/pdf"}
{"ts":"2026-05-24T08:28:06.842Z","level":"STEP","reqId":"MPJILZRI-98XGLB","route":"INVOICE","stage":"RESPOND_PDF","detail":"filename=tpr_invoice.pdf","method":"POST","url":"/tpr-invoice/pdf"}
{"ts":"2026-05-24T08:28:06.843Z","level":"PDF_RESPONSE","reqId":"MPJILZRI-98XGLB","route":"INVOICE","method":"POST","url":"/tpr-invoice/pdf","filename":"tpr_invoice.pdf","pdfBytes":210913}
{"ts":"2026-05-24T08:28:06.845Z","level":"REQUEST_DONE","reqId":"MPJILZRI-98XGLB","route":"INVOICE","method":"POST","url":"/tpr-invoice/pdf","status":200,"durationMs":1775,"responseSize":"206 KB"}
{"ts":"2026-05-24T08:42:59.592Z","level":"INFO","title":"TEMPLATE","message":"compile templates\\tpr_quotation.hbs","templatePath":"C:\\Projcet TPR\\report-server\\templates\\tpr_quotation.hbs"}
{"ts":"2026-05-24T08:42:59.594Z","level":"INFO","title":"TEMPLATE","message":"compile templates\\tpr_credit_note.hbs","templatePath":"C:\\Projcet TPR\\report-server\\templates\\tpr_credit_note.hbs"}
{"ts":"2026-05-24T08:42:59.595Z","level":"INFO","title":"TEMPLATE","message":"compile templates\\tpr_invoice.hbs","templatePath":"C:\\Projcet TPR\\report-server\\templates\\tpr_invoice.hbs"}
{"ts":"2026-05-24T08:42:59.596Z","level":"INFO","title":"TEMPLATE","message":"compile templates\\tpr_purchase_order.hbs","templatePath":"C:\\Projcet TPR\\report-server\\templates\\tpr_purchase_order.hbs"}
{"ts":"2026-05-24T08:42:59.597Z","level":"INFO","title":"TEMPLATE","message":"compile templates\\tpr_receipt.hbs","templatePath":"C:\\Projcet TPR\\report-server\\templates\\tpr_receipt.hbs"}
{"ts":"2026-05-24T08:42:59.597Z","level":"INFO","title":"TEMPLATE","message":"compile templates\\tpr_tax_receipt.hbs","templatePath":"C:\\Projcet TPR\\report-server\\templates\\tpr_tax_receipt.hbs"}
{"ts":"2026-05-24T08:42:59.600Z","level":"INFO","title":"TEMPLATE","message":"compile templates\\tpr_withholding_tax_certificate.hbs","templatePath":"C:\\Projcet TPR\\report-server\\templates\\tpr_withholding_tax_certificate.hbs"}
{"ts":"2026-05-24T08:42:59.601Z","level":"INFO","title":"TEMPLATE","message":"compile templates\\tpr_payment_voucher.hbs","templatePath":"C:\\Projcet TPR\\report-server\\templates\\tpr_payment_voucher.hbs"}
{"ts":"2026-05-24T08:42:59.602Z","level":"INFO","title":"TEMPLATE","message":"compile templates\\tpr_receipt_voucher.hbs","templatePath":"C:\\Projcet TPR\\report-server\\templates\\tpr_receipt_voucher.hbs"}
{"ts":"2026-05-24T08:42:59.603Z","level":"INFO","title":"TEMPLATE","message":"compile templates\\tpr_petty_cash_voucher.hbs","templatePath":"C:\\Projcet TPR\\report-server\\templates\\tpr_petty_cash_voucher.hbs"}
{"ts":"2026-05-24T08:42:59.604Z","level":"INFO","title":"TEMPLATE","message":"compile templates\\tpr_petty_cash_request.hbs","templatePath":"C:\\Projcet TPR\\report-server\\templates\\tpr_petty_cash_request.hbs"}
{"ts":"2026-05-24T08:42:59.605Z","level":"INFO","title":"TEMPLATE","message":"compile templates\\tpr_petty_cash_payment_report.hbs","templatePath":"C:\\Projcet TPR\\report-server\\templates\\tpr_petty_cash_payment_report.hbs"}
{"ts":"2026-05-24T08:42:59.605Z","level":"INFO","title":"TEMPLATE","message":"compile templates\\tpr_receipt_certification.hbs","templatePath":"C:\\Projcet TPR\\report-server\\templates\\tpr_receipt_certification.hbs"}
{"ts":"2026-05-24T08:42:59.606Z","level":"INFO","title":"TEMPLATE","message":"compile templates\\tpr_payroll_slip.hbs","templatePath":"C:\\Projcet TPR\\report-server\\templates\\tpr_payroll_slip.hbs"}
{"ts":"2026-05-24T08:42:59.607Z","level":"WARN","title":"CSS","message":"inline missing: C:\\Projcet TPR\\report-server\\public\\css\\quotation.css (ไม่จำเป็นถ้า CSS อยู่ใน hbs แล้ว)","cssPath":"C:\\Projcet TPR\\report-server\\public\\css\\quotation.css"}
{"ts":"2026-05-24T08:42:59.630Z","level":"OK","title":"READY","message":"PDF server is running","port":4100,"logFile":"C:\\Projcet TPR\\report-server\\logs\\server-2026-05-24.log"}
{"ts":"2026-05-24T08:42:59.631Z","level":"BOOT","message":"PDF server is running","port":4100,"logFile":"C:\\Projcet TPR\\report-server\\logs\\server-2026-05-24.log"}
{"ts":"2026-05-24T08:43:09.266Z","level":"INFO","title":"TEMPLATE","message":"compile templates\\tpr_quotation.hbs","templatePath":"C:\\Projcet TPR\\report-server\\templates\\tpr_quotation.hbs"}
{"ts":"2026-05-24T08:43:09.267Z","level":"INFO","title":"TEMPLATE","message":"compile templates\\tpr_credit_note.hbs","templatePath":"C:\\Projcet TPR\\report-server\\templates\\tpr_credit_note.hbs"}
{"ts":"2026-05-24T08:43:09.268Z","level":"INFO","title":"TEMPLATE","message":"compile templates\\tpr_invoice.hbs","templatePath":"C:\\Projcet TPR\\report-server\\templates\\tpr_invoice.hbs"}
{"ts":"2026-05-24T08:43:09.269Z","level":"INFO","title":"TEMPLATE","message":"compile templates\\tpr_purchase_order.hbs","templatePath":"C:\\Projcet TPR\\report-server\\templates\\tpr_purchase_order.hbs"}
{"ts":"2026-05-24T08:43:09.269Z","level":"INFO","title":"TEMPLATE","message":"compile templates\\tpr_receipt.hbs","templatePath":"C:\\Projcet TPR\\report-server\\templates\\tpr_receipt.hbs"}
{"ts":"2026-05-24T08:43:09.269Z","level":"INFO","title":"TEMPLATE","message":"compile templates\\tpr_tax_receipt.hbs","templatePath":"C:\\Projcet TPR\\report-server\\templates\\tpr_tax_receipt.hbs"}
{"ts":"2026-05-24T08:43:09.270Z","level":"INFO","title":"TEMPLATE","message":"compile templates\\tpr_withholding_tax_certificate.hbs","templatePath":"C:\\Projcet TPR\\report-server\\templates\\tpr_withholding_tax_certificate.hbs"}
{"ts":"2026-05-24T08:43:09.270Z","level":"INFO","title":"TEMPLATE","message":"compile templates\\tpr_payment_voucher.hbs","templatePath":"C:\\Projcet TPR\\report-server\\templates\\tpr_payment_voucher.hbs"}
{"ts":"2026-05-24T08:43:09.272Z","level":"INFO","title":"TEMPLATE","message":"compile templates\\tpr_receipt_voucher.hbs","templatePath":"C:\\Projcet TPR\\report-server\\templates\\tpr_receipt_voucher.hbs"}
{"ts":"2026-05-24T08:43:09.273Z","level":"INFO","title":"TEMPLATE","message":"compile templates\\tpr_petty_cash_voucher.hbs","templatePath":"C:\\Projcet TPR\\report-server\\templates\\tpr_petty_cash_voucher.hbs"}
{"ts":"2026-05-24T08:43:09.274Z","level":"INFO","title":"TEMPLATE","message":"compile templates\\tpr_petty_cash_request.hbs","templatePath":"C:\\Projcet TPR\\report-server\\templates\\tpr_petty_cash_request.hbs"}
{"ts":"2026-05-24T08:43:09.274Z","level":"INFO","title":"TEMPLATE","message":"compile templates\\tpr_petty_cash_payment_report.hbs","templatePath":"C:\\Projcet TPR\\report-server\\templates\\tpr_petty_cash_payment_report.hbs"}
{"ts":"2026-05-24T08:43:09.275Z","level":"INFO","title":"TEMPLATE","message":"compile templates\\tpr_receipt_certification.hbs","templatePath":"C:\\Projcet TPR\\report-server\\templates\\tpr_receipt_certification.hbs"}
{"ts":"2026-05-24T08:43:09.275Z","level":"INFO","title":"TEMPLATE","message":"compile templates\\tpr_payroll_slip.hbs","templatePath":"C:\\Projcet TPR\\report-server\\templates\\tpr_payroll_slip.hbs"}
{"ts":"2026-05-24T08:43:09.276Z","level":"WARN","title":"CSS","message":"inline missing: C:\\Projcet TPR\\report-server\\public\\css\\quotation.css (ไม่จำเป็นถ้า CSS อยู่ใน hbs แล้ว)","cssPath":"C:\\Projcet TPR\\report-server\\public\\css\\quotation.css"}
{"ts":"2026-05-24T08:43:09.294Z","level":"OK","title":"READY","message":"PDF server is running","port":4100,"logFile":"C:\\Projcet TPR\\report-server\\logs\\server-2026-05-24.log"}
{"ts":"2026-05-24T08:43:09.295Z","level":"BOOT","message":"PDF server is running","port":4100,"logFile":"C:\\Projcet TPR\\report-server\\logs\\server-2026-05-24.log"}
{"ts":"2026-05-24T09:24:02.043Z","level":"INFO","title":"TEMPLATE","message":"compile templates\\tpr_quotation.hbs","templatePath":"C:\\Projcet TPR\\report-server\\templates\\tpr_quotation.hbs"}
{"ts":"2026-05-24T09:24:02.046Z","level":"INFO","title":"TEMPLATE","message":"compile templates\\tpr_credit_note.hbs","templatePath":"C:\\Projcet TPR\\report-server\\templates\\tpr_credit_note.hbs"}
{"ts":"2026-05-24T09:24:02.047Z","level":"INFO","title":"TEMPLATE","message":"compile templates\\tpr_invoice.hbs","templatePath":"C:\\Projcet TPR\\report-server\\templates\\tpr_invoice.hbs"}
{"ts":"2026-05-24T09:24:02.047Z","level":"INFO","title":"TEMPLATE","message":"compile templates\\tpr_purchase_order.hbs","templatePath":"C:\\Projcet TPR\\report-server\\templates\\tpr_purchase_order.hbs"}
{"ts":"2026-05-24T09:24:02.048Z","level":"INFO","title":"TEMPLATE","message":"compile templates\\tpr_receipt.hbs","templatePath":"C:\\Projcet TPR\\report-server\\templates\\tpr_receipt.hbs"}
{"ts":"2026-05-24T09:24:02.049Z","level":"INFO","title":"TEMPLATE","message":"compile templates\\tpr_tax_receipt.hbs","templatePath":"C:\\Projcet TPR\\report-server\\templates\\tpr_tax_receipt.hbs"}
{"ts":"2026-05-24T09:24:02.051Z","level":"INFO","title":"TEMPLATE","message":"compile templates\\tpr_withholding_tax_certificate.hbs","templatePath":"C:\\Projcet TPR\\report-server\\templates\\tpr_withholding_tax_certificate.hbs"}
{"ts":"2026-05-24T09:24:02.052Z","level":"INFO","title":"TEMPLATE","message":"compile templates\\tpr_payment_voucher.hbs","templatePath":"C:\\Projcet TPR\\report-server\\templates\\tpr_payment_voucher.hbs"}
{"ts":"2026-05-24T09:24:02.053Z","level":"INFO","title":"TEMPLATE","message":"compile templates\\tpr_receipt_voucher.hbs","templatePath":"C:\\Projcet TPR\\report-server\\templates\\tpr_receipt_voucher.hbs"}
{"ts":"2026-05-24T09:24:02.054Z","level":"INFO","title":"TEMPLATE","message":"compile templates\\tpr_petty_cash_voucher.hbs","templatePath":"C:\\Projcet TPR\\report-server\\templates\\tpr_petty_cash_voucher.hbs"}
{"ts":"2026-05-24T09:24:02.055Z","level":"INFO","title":"TEMPLATE","message":"compile templates\\tpr_petty_cash_request.hbs","templatePath":"C:\\Projcet TPR\\report-server\\templates\\tpr_petty_cash_request.hbs"}
{"ts":"2026-05-24T09:24:02.056Z","level":"INFO","title":"TEMPLATE","message":"compile templates\\tpr_petty_cash_payment_report.hbs","templatePath":"C:\\Projcet TPR\\report-server\\templates\\tpr_petty_cash_payment_report.hbs"}
{"ts":"2026-05-24T09:24:02.057Z","level":"INFO","title":"TEMPLATE","message":"compile templates\\tpr_receipt_certification.hbs","templatePath":"C:\\Projcet TPR\\report-server\\templates\\tpr_receipt_certification.hbs"}
{"ts":"2026-05-24T09:24:02.057Z","level":"INFO","title":"TEMPLATE","message":"compile templates\\tpr_payroll_slip.hbs","templatePath":"C:\\Projcet TPR\\report-server\\templates\\tpr_payroll_slip.hbs"}
{"ts":"2026-05-24T09:24:02.059Z","level":"WARN","title":"CSS","message":"inline missing: C:\\Projcet TPR\\report-server\\public\\css\\quotation.css (ไม่จำเป็นถ้า CSS อยู่ใน hbs แล้ว)","cssPath":"C:\\Projcet TPR\\report-server\\public\\css\\quotation.css"}
{"ts":"2026-05-24T09:24:02.079Z","level":"OK","title":"READY","message":"PDF server is running","port":4100,"logFile":"C:\\Projcet TPR\\report-server\\logs\\server-2026-05-24.log"}
{"ts":"2026-05-24T09:24:02.080Z","level":"BOOT","message":"PDF server is running","port":4100,"logFile":"C:\\Projcet TPR\\report-server\\logs\\server-2026-05-24.log"}
{"ts":"2026-05-24T09:24:20.904Z","level":"INFO","title":"TEMPLATE","message":"compile templates\\tpr_quotation.hbs","templatePath":"C:\\Projcet TPR\\report-server\\templates\\tpr_quotation.hbs"}
{"ts":"2026-05-24T09:24:20.905Z","level":"INFO","title":"TEMPLATE","message":"compile templates\\tpr_credit_note.hbs","templatePath":"C:\\Projcet TPR\\report-server\\templates\\tpr_credit_note.hbs"}
{"ts":"2026-05-24T09:24:20.906Z","level":"INFO","title":"TEMPLATE","message":"compile templates\\tpr_invoice.hbs","templatePath":"C:\\Projcet TPR\\report-server\\templates\\tpr_invoice.hbs"}
{"ts":"2026-05-24T09:24:20.907Z","level":"INFO","title":"TEMPLATE","message":"compile templates\\tpr_purchase_order.hbs","templatePath":"C:\\Projcet TPR\\report-server\\templates\\tpr_purchase_order.hbs"}
{"ts":"2026-05-24T09:24:20.907Z","level":"INFO","title":"TEMPLATE","message":"compile templates\\tpr_receipt.hbs","templatePath":"C:\\Projcet TPR\\report-server\\templates\\tpr_receipt.hbs"}
{"ts":"2026-05-24T09:24:20.907Z","level":"INFO","title":"TEMPLATE","message":"compile templates\\tpr_tax_receipt.hbs","templatePath":"C:\\Projcet TPR\\report-server\\templates\\tpr_tax_receipt.hbs"}
{"ts":"2026-05-24T09:24:20.908Z","level":"INFO","title":"TEMPLATE","message":"compile templates\\tpr_withholding_tax_certificate.hbs","templatePath":"C:\\Projcet TPR\\report-server\\templates\\tpr_withholding_tax_certificate.hbs"}
{"ts":"2026-05-24T09:24:20.908Z","level":"INFO","title":"TEMPLATE","message":"compile templates\\tpr_payment_voucher.hbs","templatePath":"C:\\Projcet TPR\\report-server\\templates\\tpr_payment_voucher.hbs"}
{"ts":"2026-05-24T09:24:20.909Z","level":"INFO","title":"TEMPLATE","message":"compile templates\\tpr_receipt_voucher.hbs","templatePath":"C:\\Projcet TPR\\report-server\\templates\\tpr_receipt_voucher.hbs"}
{"ts":"2026-05-24T09:24:20.910Z","level":"INFO","title":"TEMPLATE","message":"compile templates\\tpr_petty_cash_voucher.hbs","templatePath":"C:\\Projcet TPR\\report-server\\templates\\tpr_petty_cash_voucher.hbs"}
{"ts":"2026-05-24T09:24:20.911Z","level":"INFO","title":"TEMPLATE","message":"compile templates\\tpr_petty_cash_request.hbs","templatePath":"C:\\Projcet TPR\\report-server\\templates\\tpr_petty_cash_request.hbs"}
{"ts":"2026-05-24T09:24:20.912Z","level":"INFO","title":"TEMPLATE","message":"compile templates\\tpr_petty_cash_payment_report.hbs","templatePath":"C:\\Projcet TPR\\report-server\\templates\\tpr_petty_cash_payment_report.hbs"}
{"ts":"2026-05-24T09:24:20.912Z","level":"INFO","title":"TEMPLATE","message":"compile templates\\tpr_receipt_certification.hbs","templatePath":"C:\\Projcet TPR\\report-server\\templates\\tpr_receipt_certification.hbs"}
{"ts":"2026-05-24T09:24:20.912Z","level":"INFO","title":"TEMPLATE","message":"compile templates\\tpr_payroll_slip.hbs","templatePath":"C:\\Projcet TPR\\report-server\\templates\\tpr_payroll_slip.hbs"}
{"ts":"2026-05-24T09:24:20.913Z","level":"WARN","title":"CSS","message":"inline missing: C:\\Projcet TPR\\report-server\\public\\css\\quotation.css (ไม่จำเป็นถ้า CSS อยู่ใน hbs แล้ว)","cssPath":"C:\\Projcet TPR\\report-server\\public\\css\\quotation.css"}
{"ts":"2026-05-24T09:24:20.933Z","level":"OK","title":"READY","message":"PDF server is running","port":4100,"logFile":"C:\\Projcet TPR\\report-server\\logs\\server-2026-05-24.log"}
{"ts":"2026-05-24T09:24:20.934Z","level":"BOOT","message":"PDF server is running","port":4100,"logFile":"C:\\Projcet TPR\\report-server\\logs\\server-2026-05-24.log"}
{"ts":"2026-05-24T10:33:05.261Z","level":"STEP","reqId":"MPJN2QY5-OFAO27","route":"INVOICE","stage":"START","detail":"OPTIONS /tpr-invoice/pdf","method":"OPTIONS","url":"/tpr-invoice/pdf"}
{"ts":"2026-05-24T10:33:05.264Z","level":"REQUEST_START","reqId":"MPJN2QY5-OFAO27","route":"INVOICE","method":"OPTIONS","url":"/tpr-invoice/pdf","ip":"::1","origin":"http://localhost:5174","ua":"Mozilla/5.0 (Windows NT 10.0; Win64; x64) AppleWebKit/537.36 (KHTML, like Gecko) Chrome/148.0.0.0 Safari/537.36","payloadBytes":2}
{"ts":"2026-05-24T10:33:05.268Z","level":"REQUEST_DONE","reqId":"MPJN2QY5-OFAO27","route":"INVOICE","method":"OPTIONS","url":"/tpr-invoice/pdf","status":204,"durationMs":7,"responseSize":"0 B"}
{"ts":"2026-05-24T10:33:05.270Z","level":"STEP","reqId":"MPJN2QYE-55WA6F","route":"INVOICE","stage":"START","detail":"POST /tpr-invoice/pdf","method":"POST","url":"/tpr-invoice/pdf"}
{"ts":"2026-05-24T10:33:05.271Z","level":"REQUEST_START","reqId":"MPJN2QYE-55WA6F","route":"INVOICE","method":"POST","url":"/tpr-invoice/pdf","ip":"::1","origin":"http://localhost:5174","ua":"Mozilla/5.0 (Windows NT 10.0; Win64; x64) AppleWebKit/537.36 (KHTML, like Gecko) Chrome/148.0.0.0 Safari/537.36","payloadBytes":2}
{"ts":"2026-05-24T10:33:05.294Z","level":"STEP","reqId":"MPJN2QYE-55WA6F","route":"INVOICE","stage":"ROUTE","detail":"pdf mode","method":"POST","url":"/tpr-invoice/pdf"}
{"ts":"2026-05-24T10:33:05.295Z","level":"STEP","reqId":"MPJN2QYE-55WA6F","route":"INVOICE","stage":"NORMALIZE","detail":"payload 1.21 KB","method":"POST","url":"/tpr-invoice/pdf"}
{"ts":"2026-05-24T10:33:05.299Z","level":"STEP","reqId":"MPJN2QYE-55WA6F","route":"INVOICE","stage":"TEMPLATE","detail":"render html before pdf","method":"POST","url":"/tpr-invoice/pdf"}
{"ts":"2026-05-24T10:33:05.319Z","level":"INFO","title":"PUPPETEER","message":"launch browser..."}
{"ts":"2026-05-24T10:33:05.940Z","level":"OK","title":"PUPPETEER","message":"browser launched"}
{"ts":"2026-05-24T10:33:05.986Z","level":"STEP","reqId":"MPJN2QYE-55WA6F","route":"INVOICE","stage":"PDF:PAGE_OPEN","detail":"create new page","method":"POST","url":"/tpr-invoice/pdf"}
{"ts":"2026-05-24T10:33:05.989Z","level":"STEP","reqId":"MPJN2QYE-55WA6F","route":"INVOICE","stage":"PDF:SET_CONTENT","detail":"html size 9.64 KB","method":"POST","url":"/tpr-invoice/pdf"}
{"ts":"2026-05-24T10:33:07.568Z","level":"STEP","reqId":"MPJN2QYE-55WA6F","route":"INVOICE","stage":"PDF:FONTS_READY","detail":"waiting document.fonts.ready","method":"POST","url":"/tpr-invoice/pdf"}
{"ts":"2026-05-24T10:33:07.570Z","level":"STEP","reqId":"MPJN2QYE-55WA6F","route":"INVOICE","stage":"PDF:RENDER","detail":"format=A4 media=screen landscape=false","method":"POST","url":"/tpr-invoice/pdf"}
{"ts":"2026-05-24T10:33:07.755Z","level":"STEP","reqId":"MPJN2QYE-55WA6F","route":"INVOICE","stage":"PDF:BUFFER_READY","detail":"pdf size 206 KB","method":"POST","url":"/tpr-invoice/pdf"}
{"ts":"2026-05-24T10:33:07.756Z","level":"STEP","reqId":"MPJN2QYE-55WA6F","route":"INVOICE","stage":"PDF:PAGE_CLOSE","detail":"close page","method":"POST","url":"/tpr-invoice/pdf"}
{"ts":"2026-05-24T10:33:07.768Z","level":"STEP","reqId":"MPJN2QYE-55WA6F","route":"INVOICE","stage":"RESPOND_PDF","detail":"filename=tpr_invoice.pdf","method":"POST","url":"/tpr-invoice/pdf"}
{"ts":"2026-05-24T10:33:07.768Z","level":"PDF_RESPONSE","reqId":"MPJN2QYE-55WA6F","route":"INVOICE","method":"POST","url":"/tpr-invoice/pdf","filename":"tpr_invoice.pdf","pdfBytes":210690}
{"ts":"2026-05-24T10:33:07.771Z","level":"REQUEST_DONE","reqId":"MPJN2QYE-55WA6F","route":"INVOICE","method":"POST","url":"/tpr-invoice/pdf","status":200,"durationMs":2501,"responseSize":"206 KB"}
{"ts":"2026-05-24T10:43:01.366Z","level":"INFO","title":"TEMPLATE","message":"compile templates\\tpr_quotation.hbs","templatePath":"C:\\Projcet TPR\\report-server\\templates\\tpr_quotation.hbs"}
{"ts":"2026-05-24T10:43:01.368Z","level":"INFO","title":"TEMPLATE","message":"compile templates\\tpr_credit_note.hbs","templatePath":"C:\\Projcet TPR\\report-server\\templates\\tpr_credit_note.hbs"}
{"ts":"2026-05-24T10:43:01.369Z","level":"INFO","title":"TEMPLATE","message":"compile templates\\tpr_invoice.hbs","templatePath":"C:\\Projcet TPR\\report-server\\templates\\tpr_invoice.hbs"}
{"ts":"2026-05-24T10:43:01.370Z","level":"INFO","title":"TEMPLATE","message":"compile templates\\tpr_purchase_order.hbs","templatePath":"C:\\Projcet TPR\\report-server\\templates\\tpr_purchase_order.hbs"}
{"ts":"2026-05-24T10:43:01.371Z","level":"INFO","title":"TEMPLATE","message":"compile templates\\tpr_receipt.hbs","templatePath":"C:\\Projcet TPR\\report-server\\templates\\tpr_receipt.hbs"}
{"ts":"2026-05-24T10:43:01.373Z","level":"INFO","title":"TEMPLATE","message":"compile templates\\tpr_tax_receipt.hbs","templatePath":"C:\\Projcet TPR\\report-server\\templates\\tpr_tax_receipt.hbs"}
{"ts":"2026-05-24T10:43:01.374Z","level":"INFO","title":"TEMPLATE","message":"compile templates\\tpr_withholding_tax_certificate.hbs","templatePath":"C:\\Projcet TPR\\report-server\\templates\\tpr_withholding_tax_certificate.hbs"}
{"ts":"2026-05-24T10:43:01.375Z","level":"INFO","title":"TEMPLATE","message":"compile templates\\tpr_payment_voucher.hbs","templatePath":"C:\\Projcet TPR\\report-server\\templates\\tpr_payment_voucher.hbs"}
{"ts":"2026-05-24T10:43:01.377Z","level":"INFO","title":"TEMPLATE","message":"compile templates\\tpr_receipt_voucher.hbs","templatePath":"C:\\Projcet TPR\\report-server\\templates\\tpr_receipt_voucher.hbs"}
{"ts":"2026-05-24T10:43:01.379Z","level":"INFO","title":"TEMPLATE","message":"compile templates\\tpr_petty_cash_voucher.hbs","templatePath":"C:\\Projcet TPR\\report-server\\templates\\tpr_petty_cash_voucher.hbs"}
{"ts":"2026-05-24T10:43:01.380Z","level":"INFO","title":"TEMPLATE","message":"compile templates\\tpr_petty_cash_request.hbs","templatePath":"C:\\Projcet TPR\\report-server\\templates\\tpr_petty_cash_request.hbs"}
{"ts":"2026-05-24T10:43:01.381Z","level":"INFO","title":"TEMPLATE","message":"compile templates\\tpr_petty_cash_payment_report.hbs","templatePath":"C:\\Projcet TPR\\report-server\\templates\\tpr_petty_cash_payment_report.hbs"}
{"ts":"2026-05-24T10:43:01.382Z","level":"INFO","title":"TEMPLATE","message":"compile templates\\tpr_receipt_certification.hbs","templatePath":"C:\\Projcet TPR\\report-server\\templates\\tpr_receipt_certification.hbs"}
{"ts":"2026-05-24T10:43:01.382Z","level":"INFO","title":"TEMPLATE","message":"compile templates\\tpr_payroll_slip.hbs","templatePath":"C:\\Projcet TPR\\report-server\\templates\\tpr_payroll_slip.hbs"}
{"ts":"2026-05-24T10:43:01.383Z","level":"WARN","title":"CSS","message":"inline missing: C:\\Projcet TPR\\report-server\\public\\css\\quotation.css (ไม่จำเป็นถ้า CSS อยู่ใน hbs แล้ว)","cssPath":"C:\\Projcet TPR\\report-server\\public\\css\\quotation.css"}
{"ts":"2026-05-24T10:43:01.416Z","level":"OK","title":"READY","message":"PDF server is running","port":4100,"logFile":"C:\\Projcet TPR\\report-server\\logs\\server-2026-05-24.log"}
{"ts":"2026-05-24T10:43:01.416Z","level":"BOOT","message":"PDF server is running","port":4100,"logFile":"C:\\Projcet TPR\\report-server\\logs\\server-2026-05-24.log"}
{"ts":"2026-05-24T10:54:09.400Z","level":"STEP","reqId":"MPJNTUD3-VU11N4","route":"INVOICE","stage":"START","detail":"OPTIONS /tpr-invoice/pdf","method":"OPTIONS","url":"/tpr-invoice/pdf"}
{"ts":"2026-05-24T10:54:09.401Z","level":"REQUEST_START","reqId":"MPJNTUD3-VU11N4","route":"INVOICE","method":"OPTIONS","url":"/tpr-invoice/pdf","ip":"::1","origin":"http://localhost:5174","ua":"Mozilla/5.0 (Windows NT 10.0; Win64; x64) AppleWebKit/537.36 (KHTML, like Gecko) Chrome/148.0.0.0 Safari/537.36","payloadBytes":2}
{"ts":"2026-05-24T10:54:09.406Z","level":"REQUEST_DONE","reqId":"MPJNTUD3-VU11N4","route":"INVOICE","method":"OPTIONS","url":"/tpr-invoice/pdf","status":204,"durationMs":7,"responseSize":"0 B"}
{"ts":"2026-05-24T10:54:09.408Z","level":"STEP","reqId":"MPJNTUDC-SAYC2I","route":"INVOICE","stage":"START","detail":"POST /tpr-invoice/pdf","method":"POST","url":"/tpr-invoice/pdf"}
{"ts":"2026-05-24T10:54:09.408Z","level":"REQUEST_START","reqId":"MPJNTUDC-SAYC2I","route":"INVOICE","method":"POST","url":"/tpr-invoice/pdf","ip":"::1","origin":"http://localhost:5174","ua":"Mozilla/5.0 (Windows NT 10.0; Win64; x64) AppleWebKit/537.36 (KHTML, like Gecko) Chrome/148.0.0.0 Safari/537.36","payloadBytes":2}
{"ts":"2026-05-24T10:54:09.420Z","level":"STEP","reqId":"MPJNTUDC-SAYC2I","route":"INVOICE","stage":"ROUTE","detail":"pdf mode","method":"POST","url":"/tpr-invoice/pdf"}
{"ts":"2026-05-24T10:54:09.420Z","level":"STEP","reqId":"MPJNTUDC-SAYC2I","route":"INVOICE","stage":"NORMALIZE","detail":"payload 1.22 KB","method":"POST","url":"/tpr-invoice/pdf"}
{"ts":"2026-05-24T10:54:09.421Z","level":"STEP","reqId":"MPJNTUDC-SAYC2I","route":"INVOICE","stage":"TEMPLATE","detail":"render html before pdf","method":"POST","url":"/tpr-invoice/pdf"}
{"ts":"2026-05-24T10:54:09.445Z","level":"INFO","title":"PUPPETEER","message":"launch browser..."}
{"ts":"2026-05-24T10:54:09.823Z","level":"OK","title":"PUPPETEER","message":"browser launched"}
{"ts":"2026-05-24T10:54:09.880Z","level":"STEP","reqId":"MPJNTUDC-SAYC2I","route":"INVOICE","stage":"PDF:PAGE_OPEN","detail":"create new page","method":"POST","url":"/tpr-invoice/pdf"}
{"ts":"2026-05-24T10:54:09.885Z","level":"STEP","reqId":"MPJNTUDC-SAYC2I","route":"INVOICE","stage":"PDF:SET_CONTENT","detail":"html size 9.76 KB","method":"POST","url":"/tpr-invoice/pdf"}
{"ts":"2026-05-24T10:54:11.466Z","level":"STEP","reqId":"MPJNTUDC-SAYC2I","route":"INVOICE","stage":"PDF:FONTS_READY","detail":"waiting document.fonts.ready","method":"POST","url":"/tpr-invoice/pdf"}
{"ts":"2026-05-24T10:54:11.469Z","level":"STEP","reqId":"MPJNTUDC-SAYC2I","route":"INVOICE","stage":"PDF:RENDER","detail":"format=A4 media=screen landscape=false","method":"POST","url":"/tpr-invoice/pdf"}
{"ts":"2026-05-24T10:54:11.628Z","level":"STEP","reqId":"MPJNTUDC-SAYC2I","route":"INVOICE","stage":"PDF:BUFFER_READY","detail":"pdf size 204 KB","method":"POST","url":"/tpr-invoice/pdf"}
{"ts":"2026-05-24T10:54:11.629Z","level":"STEP","reqId":"MPJNTUDC-SAYC2I","route":"INVOICE","stage":"PDF:PAGE_CLOSE","detail":"close page","method":"POST","url":"/tpr-invoice/pdf"}
{"ts":"2026-05-24T10:54:11.642Z","level":"STEP","reqId":"MPJNTUDC-SAYC2I","route":"INVOICE","stage":"RESPOND_PDF","detail":"filename=tpr_invoice.pdf","method":"POST","url":"/tpr-invoice/pdf"}
{"ts":"2026-05-24T10:54:11.643Z","level":"PDF_RESPONSE","reqId":"MPJNTUDC-SAYC2I","route":"INVOICE","method":"POST","url":"/tpr-invoice/pdf","filename":"tpr_invoice.pdf","pdfBytes":209200}
{"ts":"2026-05-24T10:54:11.645Z","level":"REQUEST_DONE","reqId":"MPJNTUDC-SAYC2I","route":"INVOICE","method":"POST","url":"/tpr-invoice/pdf","status":200,"durationMs":2237,"responseSize":"204 KB"}
{"ts":"2026-05-24T10:57:16.695Z","level":"STEP","reqId":"MPJNXUVQ-7ELJ49","route":"INVOICE","stage":"START","detail":"OPTIONS /tpr-invoice/pdf","method":"OPTIONS","url":"/tpr-invoice/pdf"}
{"ts":"2026-05-24T10:57:16.695Z","level":"REQUEST_START","reqId":"MPJNXUVQ-7ELJ49","route":"INVOICE","method":"OPTIONS","url":"/tpr-invoice/pdf","ip":"::1","origin":"http://localhost:5174","ua":"Mozilla/5.0 (Windows NT 10.0; Win64; x64) AppleWebKit/537.36 (KHTML, like Gecko) Chrome/148.0.0.0 Safari/537.36","payloadBytes":2}
{"ts":"2026-05-24T10:57:16.697Z","level":"REQUEST_DONE","reqId":"MPJNXUVQ-7ELJ49","route":"INVOICE","method":"OPTIONS","url":"/tpr-invoice/pdf","status":204,"durationMs":2,"responseSize":"0 B"}
{"ts":"2026-05-24T10:57:16.699Z","level":"STEP","reqId":"MPJNXUVV-2P4AY5","route":"INVOICE","stage":"START","detail":"POST /tpr-invoice/pdf","method":"POST","url":"/tpr-invoice/pdf"}
{"ts":"2026-05-24T10:57:16.700Z","level":"REQUEST_START","reqId":"MPJNXUVV-2P4AY5","route":"INVOICE","method":"POST","url":"/tpr-invoice/pdf","ip":"::1","origin":"http://localhost:5174","ua":"Mozilla/5.0 (Windows NT 10.0; Win64; x64) AppleWebKit/537.36 (KHTML, like Gecko) Chrome/148.0.0.0 Safari/537.36","payloadBytes":2}
{"ts":"2026-05-24T10:57:16.702Z","level":"STEP","reqId":"MPJNXUVV-2P4AY5","route":"INVOICE","stage":"ROUTE","detail":"pdf mode","method":"POST","url":"/tpr-invoice/pdf"}
{"ts":"2026-05-24T10:57:16.703Z","level":"STEP","reqId":"MPJNXUVV-2P4AY5","route":"INVOICE","stage":"NORMALIZE","detail":"payload 1.22 KB","method":"POST","url":"/tpr-invoice/pdf"}
{"ts":"2026-05-24T10:57:16.704Z","level":"STEP","reqId":"MPJNXUVV-2P4AY5","route":"INVOICE","stage":"TEMPLATE","detail":"render html before pdf","method":"POST","url":"/tpr-invoice/pdf"}
{"ts":"2026-05-24T10:57:16.705Z","level":"INFO","title":"PUPPETEER","message":"reuse existing browser instance"}
{"ts":"2026-05-24T10:57:16.767Z","level":"STEP","reqId":"MPJNXUVV-2P4AY5","route":"INVOICE","stage":"PDF:PAGE_OPEN","detail":"create new page","method":"POST","url":"/tpr-invoice/pdf"}
{"ts":"2026-05-24T10:57:16.772Z","level":"STEP","reqId":"MPJNXUVV-2P4AY5","route":"INVOICE","stage":"PDF:SET_CONTENT","detail":"html size 9.76 KB","method":"POST","url":"/tpr-invoice/pdf"}
{"ts":"2026-05-24T10:57:18.304Z","level":"STEP","reqId":"MPJNXUVV-2P4AY5","route":"INVOICE","stage":"PDF:FONTS_READY","detail":"waiting document.fonts.ready","method":"POST","url":"/tpr-invoice/pdf"}
{"ts":"2026-05-24T10:57:18.306Z","level":"STEP","reqId":"MPJNXUVV-2P4AY5","route":"INVOICE","stage":"PDF:RENDER","detail":"format=A4 media=screen landscape=false","method":"POST","url":"/tpr-invoice/pdf"}
{"ts":"2026-05-24T10:57:18.488Z","level":"STEP","reqId":"MPJNXUVV-2P4AY5","route":"INVOICE","stage":"PDF:BUFFER_READY","detail":"pdf size 204 KB","method":"POST","url":"/tpr-invoice/pdf"}
{"ts":"2026-05-24T10:57:18.488Z","level":"STEP","reqId":"MPJNXUVV-2P4AY5","route":"INVOICE","stage":"PDF:PAGE_CLOSE","detail":"close page","method":"POST","url":"/tpr-invoice/pdf"}
{"ts":"2026-05-24T10:57:18.499Z","level":"STEP","reqId":"MPJNXUVV-2P4AY5","route":"INVOICE","stage":"RESPOND_PDF","detail":"filename=tpr_invoice.pdf","method":"POST","url":"/tpr-invoice/pdf"}
{"ts":"2026-05-24T10:57:18.500Z","level":"PDF_RESPONSE","reqId":"MPJNXUVV-2P4AY5","route":"INVOICE","method":"POST","url":"/tpr-invoice/pdf","filename":"tpr_invoice.pdf","pdfBytes":209200}
{"ts":"2026-05-24T10:57:18.502Z","level":"REQUEST_DONE","reqId":"MPJNXUVV-2P4AY5","route":"INVOICE","method":"POST","url":"/tpr-invoice/pdf","status":200,"durationMs":1803,"responseSize":"204 KB"}
{"ts":"2026-05-24T10:57:27.453Z","level":"WARN","title":"SHUTDOWN","message":"received SIGINT, closing server resources...","signal":"SIGINT"}
{"ts":"2026-05-24T10:57:27.454Z","level":"INFO","title":"PUPPETEER","message":"closing browser..."}
{"ts":"2026-05-24T10:57:33.247Z","level":"INFO","title":"TEMPLATE","message":"compile templates\\tpr_quotation.hbs","templatePath":"C:\\Projcet TPR\\report-server\\templates\\tpr_quotation.hbs"}
{"ts":"2026-05-24T10:57:33.248Z","level":"INFO","title":"TEMPLATE","message":"compile templates\\tpr_credit_note.hbs","templatePath":"C:\\Projcet TPR\\report-server\\templates\\tpr_credit_note.hbs"}
{"ts":"2026-05-24T10:57:33.249Z","level":"INFO","title":"TEMPLATE","message":"compile templates\\tpr_invoice.hbs","templatePath":"C:\\Projcet TPR\\report-server\\templates\\tpr_invoice.hbs"}
{"ts":"2026-05-24T10:57:33.249Z","level":"INFO","title":"TEMPLATE","message":"compile templates\\tpr_purchase_order.hbs","templatePath":"C:\\Projcet TPR\\report-server\\templates\\tpr_purchase_order.hbs"}
{"ts":"2026-05-24T10:57:33.250Z","level":"INFO","title":"TEMPLATE","message":"compile templates\\tpr_receipt.hbs","templatePath":"C:\\Projcet TPR\\report-server\\templates\\tpr_receipt.hbs"}
{"ts":"2026-05-24T10:57:33.250Z","level":"INFO","title":"TEMPLATE","message":"compile templates\\tpr_tax_receipt.hbs","templatePath":"C:\\Projcet TPR\\report-server\\templates\\tpr_tax_receipt.hbs"}
{"ts":"2026-05-24T10:57:33.250Z","level":"INFO","title":"TEMPLATE","message":"compile templates\\tpr_withholding_tax_certificate.hbs","templatePath":"C:\\Projcet TPR\\report-server\\templates\\tpr_withholding_tax_certificate.hbs"}
{"ts":"2026-05-24T10:57:33.252Z","level":"INFO","title":"TEMPLATE","message":"compile templates\\tpr_payment_voucher.hbs","templatePath":"C:\\Projcet TPR\\report-server\\templates\\tpr_payment_voucher.hbs"}
{"ts":"2026-05-24T10:57:33.253Z","level":"INFO","title":"TEMPLATE","message":"compile templates\\tpr_receipt_voucher.hbs","templatePath":"C:\\Projcet TPR\\report-server\\templates\\tpr_receipt_voucher.hbs"}
{"ts":"2026-05-24T10:57:33.254Z","level":"INFO","title":"TEMPLATE","message":"compile templates\\tpr_petty_cash_voucher.hbs","templatePath":"C:\\Projcet TPR\\report-server\\templates\\tpr_petty_cash_voucher.hbs"}
{"ts":"2026-05-24T10:57:33.255Z","level":"INFO","title":"TEMPLATE","message":"compile templates\\tpr_petty_cash_request.hbs","templatePath":"C:\\Projcet TPR\\report-server\\templates\\tpr_petty_cash_request.hbs"}
{"ts":"2026-05-24T10:57:33.255Z","level":"INFO","title":"TEMPLATE","message":"compile templates\\tpr_petty_cash_payment_report.hbs","templatePath":"C:\\Projcet TPR\\report-server\\templates\\tpr_petty_cash_payment_report.hbs"}
{"ts":"2026-05-24T10:57:33.256Z","level":"INFO","title":"TEMPLATE","message":"compile templates\\tpr_receipt_certification.hbs","templatePath":"C:\\Projcet TPR\\report-server\\templates\\tpr_receipt_certification.hbs"}
{"ts":"2026-05-24T10:57:33.257Z","level":"INFO","title":"TEMPLATE","message":"compile templates\\tpr_payroll_slip.hbs","templatePath":"C:\\Projcet TPR\\report-server\\templates\\tpr_payroll_slip.hbs"}
{"ts":"2026-05-24T10:57:33.257Z","level":"WARN","title":"CSS","message":"inline missing: C:\\Projcet TPR\\report-server\\public\\css\\quotation.css (ไม่จำเป็นถ้า CSS อยู่ใน hbs แล้ว)","cssPath":"C:\\Projcet TPR\\report-server\\public\\css\\quotation.css"}
{"ts":"2026-05-24T10:57:33.282Z","level":"OK","title":"READY","message":"PDF server is running","port":4100,"logFile":"C:\\Projcet TPR\\report-server\\logs\\server-2026-05-24.log"}
{"ts":"2026-05-24T10:57:33.282Z","level":"BOOT","message":"PDF server is running","port":4100,"logFile":"C:\\Projcet TPR\\report-server\\logs\\server-2026-05-24.log"}
{"ts":"2026-05-24T10:57:38.744Z","level":"STEP","reqId":"MPJNYBW8-DAUDQX","route":"INVOICE","stage":"START","detail":"OPTIONS /tpr-invoice/pdf","method":"OPTIONS","url":"/tpr-invoice/pdf"}
{"ts":"2026-05-24T10:57:38.745Z","level":"REQUEST_START","reqId":"MPJNYBW8-DAUDQX","route":"INVOICE","method":"OPTIONS","url":"/tpr-invoice/pdf","ip":"::1","origin":"http://localhost:5174","ua":"Mozilla/5.0 (Windows NT 10.0; Win64; x64) AppleWebKit/537.36 (KHTML, like Gecko) Chrome/148.0.0.0 Safari/537.36","payloadBytes":2}
{"ts":"2026-05-24T10:57:38.749Z","level":"REQUEST_DONE","reqId":"MPJNYBW8-DAUDQX","route":"INVOICE","method":"OPTIONS","url":"/tpr-invoice/pdf","status":204,"durationMs":5,"responseSize":"0 B"}
{"ts":"2026-05-24T10:57:38.751Z","level":"STEP","reqId":"MPJNYBWF-G86483","route":"INVOICE","stage":"START","detail":"POST /tpr-invoice/pdf","method":"POST","url":"/tpr-invoice/pdf"}
{"ts":"2026-05-24T10:57:38.752Z","level":"REQUEST_START","reqId":"MPJNYBWF-G86483","route":"INVOICE","method":"POST","url":"/tpr-invoice/pdf","ip":"::1","origin":"http://localhost:5174","ua":"Mozilla/5.0 (Windows NT 10.0; Win64; x64) AppleWebKit/537.36 (KHTML, like Gecko) Chrome/148.0.0.0 Safari/537.36","payloadBytes":2}
{"ts":"2026-05-24T10:57:38.762Z","level":"STEP","reqId":"MPJNYBWF-G86483","route":"INVOICE","stage":"ROUTE","detail":"pdf mode","method":"POST","url":"/tpr-invoice/pdf"}
{"ts":"2026-05-24T10:57:38.762Z","level":"STEP","reqId":"MPJNYBWF-G86483","route":"INVOICE","stage":"NORMALIZE","detail":"payload 1.22 KB","method":"POST","url":"/tpr-invoice/pdf"}
{"ts":"2026-05-24T10:57:38.764Z","level":"STEP","reqId":"MPJNYBWF-G86483","route":"INVOICE","stage":"TEMPLATE","detail":"render html before pdf","method":"POST","url":"/tpr-invoice/pdf"}
{"ts":"2026-05-24T10:57:38.783Z","level":"INFO","title":"PUPPETEER","message":"launch browser..."}
{"ts":"2026-05-24T10:57:39.122Z","level":"OK","title":"PUPPETEER","message":"browser launched"}
{"ts":"2026-05-24T10:57:39.175Z","level":"STEP","reqId":"MPJNYBWF-G86483","route":"INVOICE","stage":"PDF:PAGE_OPEN","detail":"create new page","method":"POST","url":"/tpr-invoice/pdf"}
{"ts":"2026-05-24T10:57:39.179Z","level":"STEP","reqId":"MPJNYBWF-G86483","route":"INVOICE","stage":"PDF:SET_CONTENT","detail":"html size 9.92 KB","method":"POST","url":"/tpr-invoice/pdf"}
{"ts":"2026-05-24T10:57:40.261Z","level":"STEP","reqId":"MPJNYBWF-G86483","route":"INVOICE","stage":"PDF:FONTS_READY","detail":"waiting document.fonts.ready","method":"POST","url":"/tpr-invoice/pdf"}
{"ts":"2026-05-24T10:57:40.264Z","level":"STEP","reqId":"MPJNYBWF-G86483","route":"INVOICE","stage":"PDF:RENDER","detail":"format=A4 media=screen landscape=false","method":"POST","url":"/tpr-invoice/pdf"}
{"ts":"2026-05-24T10:57:40.427Z","level":"STEP","reqId":"MPJNYBWF-G86483","route":"INVOICE","stage":"PDF:BUFFER_READY","detail":"pdf size 205 KB","method":"POST","url":"/tpr-invoice/pdf"}
{"ts":"2026-05-24T10:57:40.428Z","level":"STEP","reqId":"MPJNYBWF-G86483","route":"INVOICE","stage":"PDF:PAGE_CLOSE","detail":"close page","method":"POST","url":"/tpr-invoice/pdf"}
{"ts":"2026-05-24T10:57:40.441Z","level":"STEP","reqId":"MPJNYBWF-G86483","route":"INVOICE","stage":"RESPOND_PDF","detail":"filename=tpr_invoice.pdf","method":"POST","url":"/tpr-invoice/pdf"}
{"ts":"2026-05-24T10:57:40.441Z","level":"PDF_RESPONSE","reqId":"MPJNYBWF-G86483","route":"INVOICE","method":"POST","url":"/tpr-invoice/pdf","filename":"tpr_invoice.pdf","pdfBytes":209513}
{"ts":"2026-05-24T10:57:40.444Z","level":"REQUEST_DONE","reqId":"MPJNYBWF-G86483","route":"INVOICE","method":"POST","url":"/tpr-invoice/pdf","status":200,"durationMs":1693,"responseSize":"205 KB"}
{"ts":"2026-05-24T11:22:20.207Z","level":"INFO","title":"TEMPLATE","message":"compile templates\\tpr_quotation.hbs","templatePath":"C:\\Projcet TPR\\report-server\\templates\\tpr_quotation.hbs"}
{"ts":"2026-05-24T11:22:20.208Z","level":"INFO","title":"TEMPLATE","message":"compile templates\\tpr_credit_note.hbs","templatePath":"C:\\Projcet TPR\\report-server\\templates\\tpr_credit_note.hbs"}
{"ts":"2026-05-24T11:22:20.209Z","level":"INFO","title":"TEMPLATE","message":"compile templates\\tpr_invoice.hbs","templatePath":"C:\\Projcet TPR\\report-server\\templates\\tpr_invoice.hbs"}
{"ts":"2026-05-24T11:22:20.210Z","level":"INFO","title":"TEMPLATE","message":"compile templates\\tpr_purchase_order.hbs","templatePath":"C:\\Projcet TPR\\report-server\\templates\\tpr_purchase_order.hbs"}
{"ts":"2026-05-24T11:22:20.210Z","level":"INFO","title":"TEMPLATE","message":"compile templates\\tpr_receipt.hbs","templatePath":"C:\\Projcet TPR\\report-server\\templates\\tpr_receipt.hbs"}
{"ts":"2026-05-24T11:22:20.211Z","level":"INFO","title":"TEMPLATE","message":"compile templates\\tpr_tax_receipt.hbs","templatePath":"C:\\Projcet TPR\\report-server\\templates\\tpr_tax_receipt.hbs"}
{"ts":"2026-05-24T11:22:20.212Z","level":"INFO","title":"TEMPLATE","message":"compile templates\\tpr_withholding_tax_certificate.hbs","templatePath":"C:\\Projcet TPR\\report-server\\templates\\tpr_withholding_tax_certificate.hbs"}
{"ts":"2026-05-24T11:22:20.213Z","level":"INFO","title":"TEMPLATE","message":"compile templates\\tpr_payment_voucher.hbs","templatePath":"C:\\Projcet TPR\\report-server\\templates\\tpr_payment_voucher.hbs"}
{"ts":"2026-05-24T11:22:20.214Z","level":"INFO","title":"TEMPLATE","message":"compile templates\\tpr_receipt_voucher.hbs","templatePath":"C:\\Projcet TPR\\report-server\\templates\\tpr_receipt_voucher.hbs"}
{"ts":"2026-05-24T11:22:20.215Z","level":"INFO","title":"TEMPLATE","message":"compile templates\\tpr_petty_cash_voucher.hbs","templatePath":"C:\\Projcet TPR\\report-server\\templates\\tpr_petty_cash_voucher.hbs"}
{"ts":"2026-05-24T11:22:20.216Z","level":"INFO","title":"TEMPLATE","message":"compile templates\\tpr_petty_cash_request.hbs","templatePath":"C:\\Projcet TPR\\report-server\\templates\\tpr_petty_cash_request.hbs"}
{"ts":"2026-05-24T11:22:20.216Z","level":"INFO","title":"TEMPLATE","message":"compile templates\\tpr_petty_cash_payment_report.hbs","templatePath":"C:\\Projcet TPR\\report-server\\templates\\tpr_petty_cash_payment_report.hbs"}
{"ts":"2026-05-24T11:22:20.217Z","level":"INFO","title":"TEMPLATE","message":"compile templates\\tpr_receipt_certification.hbs","templatePath":"C:\\Projcet TPR\\report-server\\templates\\tpr_receipt_certification.hbs"}
{"ts":"2026-05-24T11:22:20.217Z","level":"INFO","title":"TEMPLATE","message":"compile templates\\tpr_payroll_slip.hbs","templatePath":"C:\\Projcet TPR\\report-server\\templates\\tpr_payroll_slip.hbs"}
{"ts":"2026-05-24T11:22:20.218Z","level":"WARN","title":"CSS","message":"inline missing: C:\\Projcet TPR\\report-server\\public\\css\\quotation.css (ไม่จำเป็นถ้า CSS อยู่ใน hbs แล้ว)","cssPath":"C:\\Projcet TPR\\report-server\\public\\css\\quotation.css"}
{"ts":"2026-05-24T11:22:20.243Z","level":"OK","title":"READY","message":"PDF server is running","port":4100,"logFile":"C:\\Projcet TPR\\report-server\\logs\\server-2026-05-24.log"}
{"ts":"2026-05-24T11:22:20.243Z","level":"BOOT","message":"PDF server is running","port":4100,"logFile":"C:\\Projcet TPR\\report-server\\logs\\server-2026-05-24.log"}
{"ts":"2026-05-24T11:22:28.895Z","level":"INFO","title":"TEMPLATE","message":"compile templates\\tpr_quotation.hbs","templatePath":"C:\\Projcet TPR\\report-server\\templates\\tpr_quotation.hbs"}
{"ts":"2026-05-24T11:22:28.897Z","level":"INFO","title":"TEMPLATE","message":"compile templates\\tpr_credit_note.hbs","templatePath":"C:\\Projcet TPR\\report-server\\templates\\tpr_credit_note.hbs"}
{"ts":"2026-05-24T11:22:28.897Z","level":"INFO","title":"TEMPLATE","message":"compile templates\\tpr_invoice.hbs","templatePath":"C:\\Projcet TPR\\report-server\\templates\\tpr_invoice.hbs"}
{"ts":"2026-05-24T11:22:28.898Z","level":"INFO","title":"TEMPLATE","message":"compile templates\\tpr_purchase_order.hbs","templatePath":"C:\\Projcet TPR\\report-server\\templates\\tpr_purchase_order.hbs"}
{"ts":"2026-05-24T11:22:28.898Z","level":"INFO","title":"TEMPLATE","message":"compile templates\\tpr_receipt.hbs","templatePath":"C:\\Projcet TPR\\report-server\\templates\\tpr_receipt.hbs"}
{"ts":"2026-05-24T11:22:28.899Z","level":"INFO","title":"TEMPLATE","message":"compile templates\\tpr_tax_receipt.hbs","templatePath":"C:\\Projcet TPR\\report-server\\templates\\tpr_tax_receipt.hbs"}
{"ts":"2026-05-24T11:22:28.899Z","level":"INFO","title":"TEMPLATE","message":"compile templates\\tpr_withholding_tax_certificate.hbs","templatePath":"C:\\Projcet TPR\\report-server\\templates\\tpr_withholding_tax_certificate.hbs"}
{"ts":"2026-05-24T11:22:28.900Z","level":"INFO","title":"TEMPLATE","message":"compile templates\\tpr_payment_voucher.hbs","templatePath":"C:\\Projcet TPR\\report-server\\templates\\tpr_payment_voucher.hbs"}
{"ts":"2026-05-24T11:22:28.901Z","level":"INFO","title":"TEMPLATE","message":"compile templates\\tpr_receipt_voucher.hbs","templatePath":"C:\\Projcet TPR\\report-server\\templates\\tpr_receipt_voucher.hbs"}
{"ts":"2026-05-24T11:22:28.901Z","level":"INFO","title":"TEMPLATE","message":"compile templates\\tpr_petty_cash_voucher.hbs","templatePath":"C:\\Projcet TPR\\report-server\\templates\\tpr_petty_cash_voucher.hbs"}
{"ts":"2026-05-24T11:22:28.903Z","level":"INFO","title":"TEMPLATE","message":"compile templates\\tpr_petty_cash_request.hbs","templatePath":"C:\\Projcet TPR\\report-server\\templates\\tpr_petty_cash_request.hbs"}
{"ts":"2026-05-24T11:22:28.904Z","level":"INFO","title":"TEMPLATE","message":"compile templates\\tpr_petty_cash_payment_report.hbs","templatePath":"C:\\Projcet TPR\\report-server\\templates\\tpr_petty_cash_payment_report.hbs"}
{"ts":"2026-05-24T11:22:28.904Z","level":"INFO","title":"TEMPLATE","message":"compile templates\\tpr_receipt_certification.hbs","templatePath":"C:\\Projcet TPR\\report-server\\templates\\tpr_receipt_certification.hbs"}
{"ts":"2026-05-24T11:22:28.905Z","level":"INFO","title":"TEMPLATE","message":"compile templates\\tpr_payroll_slip.hbs","templatePath":"C:\\Projcet TPR\\report-server\\templates\\tpr_payroll_slip.hbs"}
{"ts":"2026-05-24T11:22:28.905Z","level":"WARN","title":"CSS","message":"inline missing: C:\\Projcet TPR\\report-server\\public\\css\\quotation.css (ไม่จำเป็นถ้า CSS อยู่ใน hbs แล้ว)","cssPath":"C:\\Projcet TPR\\report-server\\public\\css\\quotation.css"}
{"ts":"2026-05-24T11:22:28.926Z","level":"OK","title":"READY","message":"PDF server is running","port":4100,"logFile":"C:\\Projcet TPR\\report-server\\logs\\server-2026-05-24.log"}
{"ts":"2026-05-24T11:22:28.926Z","level":"BOOT","message":"PDF server is running","port":4100,"logFile":"C:\\Projcet TPR\\report-server\\logs\\server-2026-05-24.log"}
{"ts":"2026-05-24T14:58:23.029Z","level":"STEP","reqId":"MPJWJX6C-LBAEX7","route":"QUOTATION","stage":"START","detail":"OPTIONS /tpr-quotation/pdf","method":"OPTIONS","url":"/tpr-quotation/pdf"}
{"ts":"2026-05-24T14:58:23.033Z","level":"REQUEST_START","reqId":"MPJWJX6C-LBAEX7","route":"QUOTATION","method":"OPTIONS","url":"/tpr-quotation/pdf","ip":"::1","origin":"http://localhost:5174","ua":"Mozilla/5.0 (Windows NT 10.0; Win64; x64) AppleWebKit/537.36 (KHTML, like Gecko) Chrome/148.0.0.0 Safari/537.36","payloadBytes":2}
{"ts":"2026-05-24T14:58:23.042Z","level":"REQUEST_DONE","reqId":"MPJWJX6C-LBAEX7","route":"QUOTATION","method":"OPTIONS","url":"/tpr-quotation/pdf","status":204,"durationMs":13,"responseSize":"0 B"}
{"ts":"2026-05-24T14:58:23.048Z","level":"STEP","reqId":"MPJWJX6W-8HTQJ6","route":"QUOTATION","stage":"START","detail":"POST /tpr-quotation/pdf","method":"POST","url":"/tpr-quotation/pdf"}
{"ts":"2026-05-24T14:58:23.060Z","level":"REQUEST_START","reqId":"MPJWJX6W-8HTQJ6","route":"QUOTATION","method":"POST","url":"/tpr-quotation/pdf","ip":"::1","origin":"http://localhost:5174","ua":"Mozilla/5.0 (Windows NT 10.0; Win64; x64) AppleWebKit/537.36 (KHTML, like Gecko) Chrome/148.0.0.0 Safari/537.36","payloadBytes":2}
{"ts":"2026-05-24T14:58:23.097Z","level":"STEP","reqId":"MPJWJX6W-8HTQJ6","route":"QUOTATION","stage":"ROUTE","detail":"pdf mode","method":"POST","url":"/tpr-quotation/pdf"}
{"ts":"2026-05-24T14:58:23.099Z","level":"STEP","reqId":"MPJWJX6W-8HTQJ6","route":"QUOTATION","stage":"NORMALIZE","detail":"payload 1.68 KB","method":"POST","url":"/tpr-quotation/pdf"}
{"ts":"2026-05-24T14:58:23.100Z","level":"STEP","reqId":"MPJWJX6W-8HTQJ6","route":"QUOTATION","stage":"TEMPLATE","detail":"render html before pdf","method":"POST","url":"/tpr-quotation/pdf"}
{"ts":"2026-05-24T14:58:23.132Z","level":"INFO","title":"PUPPETEER","message":"launch browser..."}
{"ts":"2026-05-24T14:58:23.822Z","level":"OK","title":"PUPPETEER","message":"browser launched"}
{"ts":"2026-05-24T14:58:23.885Z","level":"STEP","reqId":"MPJWJX6W-8HTQJ6","route":"QUOTATION","stage":"PDF:PAGE_OPEN","detail":"create new page","method":"POST","url":"/tpr-quotation/pdf"}
{"ts":"2026-05-24T14:58:23.891Z","level":"STEP","reqId":"MPJWJX6W-8HTQJ6","route":"QUOTATION","stage":"PDF:SET_CONTENT","detail":"html size 9.22 KB","method":"POST","url":"/tpr-quotation/pdf"}
{"ts":"2026-05-24T14:58:25.479Z","level":"STEP","reqId":"MPJWJX6W-8HTQJ6","route":"QUOTATION","stage":"PDF:FONTS_READY","detail":"waiting document.fonts.ready","method":"POST","url":"/tpr-quotation/pdf"}
{"ts":"2026-05-24T14:58:25.481Z","level":"STEP","reqId":"MPJWJX6W-8HTQJ6","route":"QUOTATION","stage":"PDF:RENDER","detail":"format=A4 media=screen landscape=false","method":"POST","url":"/tpr-quotation/pdf"}
{"ts":"2026-05-24T14:58:25.693Z","level":"STEP","reqId":"MPJWJX6W-8HTQJ6","route":"QUOTATION","stage":"PDF:BUFFER_READY","detail":"pdf size 209 KB","method":"POST","url":"/tpr-quotation/pdf"}
{"ts":"2026-05-24T14:58:25.694Z","level":"STEP","reqId":"MPJWJX6W-8HTQJ6","route":"QUOTATION","stage":"PDF:PAGE_CLOSE","detail":"close page","method":"POST","url":"/tpr-quotation/pdf"}
{"ts":"2026-05-24T14:58:25.708Z","level":"STEP","reqId":"MPJWJX6W-8HTQJ6","route":"QUOTATION","stage":"RESPOND_PDF","detail":"filename=tpr_quotation.pdf","method":"POST","url":"/tpr-quotation/pdf"}
{"ts":"2026-05-24T14:58:25.708Z","level":"PDF_RESPONSE","reqId":"MPJWJX6W-8HTQJ6","route":"QUOTATION","method":"POST","url":"/tpr-quotation/pdf","filename":"tpr_quotation.pdf","pdfBytes":214364}
{"ts":"2026-05-24T14:58:25.712Z","level":"REQUEST_DONE","reqId":"MPJWJX6W-8HTQJ6","route":"QUOTATION","method":"POST","url":"/tpr-quotation/pdf","status":200,"durationMs":2663,"responseSize":"209 KB"}
{"ts":"2026-05-24T14:58:38.281Z","level":"STEP","reqId":"MPJWK8Y1-VJU8CJ","route":"INVOICE","stage":"START","detail":"OPTIONS /tpr-invoice/pdf","method":"OPTIONS","url":"/tpr-invoice/pdf"}
{"ts":"2026-05-24T14:58:38.282Z","level":"REQUEST_START","reqId":"MPJWK8Y1-VJU8CJ","route":"INVOICE","method":"OPTIONS","url":"/tpr-invoice/pdf","ip":"::1","origin":"http://localhost:5174","ua":"Mozilla/5.0 (Windows NT 10.0; Win64; x64) AppleWebKit/537.36 (KHTML, like Gecko) Chrome/148.0.0.0 Safari/537.36","payloadBytes":2}
{"ts":"2026-05-24T14:58:38.283Z","level":"REQUEST_DONE","reqId":"MPJWK8Y1-VJU8CJ","route":"INVOICE","method":"OPTIONS","url":"/tpr-invoice/pdf","status":204,"durationMs":1,"responseSize":"0 B"}
{"ts":"2026-05-24T14:58:38.284Z","level":"STEP","reqId":"MPJWK8Y4-ZY0HBN","route":"INVOICE","stage":"START","detail":"POST /tpr-invoice/pdf","method":"POST","url":"/tpr-invoice/pdf"}
{"ts":"2026-05-24T14:58:38.284Z","level":"REQUEST_START","reqId":"MPJWK8Y4-ZY0HBN","route":"INVOICE","method":"POST","url":"/tpr-invoice/pdf","ip":"::1","origin":"http://localhost:5174","ua":"Mozilla/5.0 (Windows NT 10.0; Win64; x64) AppleWebKit/537.36 (KHTML, like Gecko) Chrome/148.0.0.0 Safari/537.36","payloadBytes":2}
{"ts":"2026-05-24T14:58:38.286Z","level":"STEP","reqId":"MPJWK8Y4-ZY0HBN","route":"INVOICE","stage":"ROUTE","detail":"pdf mode","method":"POST","url":"/tpr-invoice/pdf"}
{"ts":"2026-05-24T14:58:38.287Z","level":"STEP","reqId":"MPJWK8Y4-ZY0HBN","route":"INVOICE","stage":"NORMALIZE","detail":"payload 1.22 KB","method":"POST","url":"/tpr-invoice/pdf"}
{"ts":"2026-05-24T14:58:38.288Z","level":"STEP","reqId":"MPJWK8Y4-ZY0HBN","route":"INVOICE","stage":"TEMPLATE","detail":"render html before pdf","method":"POST","url":"/tpr-invoice/pdf"}
{"ts":"2026-05-24T14:58:38.302Z","level":"INFO","title":"PUPPETEER","message":"reuse existing browser instance"}
{"ts":"2026-05-24T14:58:38.392Z","level":"STEP","reqId":"MPJWK8Y4-ZY0HBN","route":"INVOICE","stage":"PDF:PAGE_OPEN","detail":"create new page","method":"POST","url":"/tpr-invoice/pdf"}
{"ts":"2026-05-24T14:58:38.398Z","level":"STEP","reqId":"MPJWK8Y4-ZY0HBN","route":"INVOICE","stage":"PDF:SET_CONTENT","detail":"html size 9.92 KB","method":"POST","url":"/tpr-invoice/pdf"}
{"ts":"2026-05-24T14:58:39.384Z","level":"STEP","reqId":"MPJWK8Y4-ZY0HBN","route":"INVOICE","stage":"PDF:FONTS_READY","detail":"waiting document.fonts.ready","method":"POST","url":"/tpr-invoice/pdf"}
{"ts":"2026-05-24T14:58:39.386Z","level":"STEP","reqId":"MPJWK8Y4-ZY0HBN","route":"INVOICE","stage":"PDF:RENDER","detail":"format=A4 media=screen landscape=false","method":"POST","url":"/tpr-invoice/pdf"}
{"ts":"2026-05-24T14:58:39.589Z","level":"STEP","reqId":"MPJWK8Y4-ZY0HBN","route":"INVOICE","stage":"PDF:BUFFER_READY","detail":"pdf size 205 KB","method":"POST","url":"/tpr-invoice/pdf"}
{"ts":"2026-05-24T14:58:39.590Z","level":"STEP","reqId":"MPJWK8Y4-ZY0HBN","route":"INVOICE","stage":"PDF:PAGE_CLOSE","detail":"close page","method":"POST","url":"/tpr-invoice/pdf"}
{"ts":"2026-05-24T14:58:39.605Z","level":"STEP","reqId":"MPJWK8Y4-ZY0HBN","route":"INVOICE","stage":"RESPOND_PDF","detail":"filename=tpr_invoice.pdf","method":"POST","url":"/tpr-invoice/pdf"}
{"ts":"2026-05-24T14:58:39.605Z","level":"PDF_RESPONSE","reqId":"MPJWK8Y4-ZY0HBN","route":"INVOICE","method":"POST","url":"/tpr-invoice/pdf","filename":"tpr_invoice.pdf","pdfBytes":209513}
{"ts":"2026-05-24T14:58:39.608Z","level":"REQUEST_DONE","reqId":"MPJWK8Y4-ZY0HBN","route":"INVOICE","method":"POST","url":"/tpr-invoice/pdf","status":200,"durationMs":1323,"responseSize":"205 KB"}
{"ts":"2026-05-24T15:08:05.564Z","level":"STEP","reqId":"MPJWWENW-N8E7Q7","route":"INVOICE","stage":"START","detail":"OPTIONS /tpr-invoice/pdf","method":"OPTIONS","url":"/tpr-invoice/pdf"}
{"ts":"2026-05-24T15:08:05.565Z","level":"REQUEST_START","reqId":"MPJWWENW-N8E7Q7","route":"INVOICE","method":"OPTIONS","url":"/tpr-invoice/pdf","ip":"::1","origin":"http://localhost:5174","ua":"Mozilla/5.0 (Windows NT 10.0; Win64; x64) AppleWebKit/537.36 (KHTML, like Gecko) Chrome/148.0.0.0 Safari/537.36","payloadBytes":2}
{"ts":"2026-05-24T15:08:05.569Z","level":"REQUEST_DONE","reqId":"MPJWWENW-N8E7Q7","route":"INVOICE","method":"OPTIONS","url":"/tpr-invoice/pdf","status":204,"durationMs":4,"responseSize":"0 B"}
{"ts":"2026-05-24T15:08:05.570Z","level":"STEP","reqId":"MPJWWEO1-DFE6LF","route":"INVOICE","stage":"START","detail":"POST /tpr-invoice/pdf","method":"POST","url":"/tpr-invoice/pdf"}
{"ts":"2026-05-24T15:08:05.570Z","level":"REQUEST_START","reqId":"MPJWWEO1-DFE6LF","route":"INVOICE","method":"POST","url":"/tpr-invoice/pdf","ip":"::1","origin":"http://localhost:5174","ua":"Mozilla/5.0 (Windows NT 10.0; Win64; x64) AppleWebKit/537.36 (KHTML, like Gecko) Chrome/148.0.0.0 Safari/537.36","payloadBytes":2}
{"ts":"2026-05-24T15:08:05.572Z","level":"STEP","reqId":"MPJWWEO1-DFE6LF","route":"INVOICE","stage":"ROUTE","detail":"pdf mode","method":"POST","url":"/tpr-invoice/pdf"}
{"ts":"2026-05-24T15:08:05.574Z","level":"STEP","reqId":"MPJWWEO1-DFE6LF","route":"INVOICE","stage":"NORMALIZE","detail":"payload 1.15 KB","method":"POST","url":"/tpr-invoice/pdf"}
{"ts":"2026-05-24T15:08:05.575Z","level":"STEP","reqId":"MPJWWEO1-DFE6LF","route":"INVOICE","stage":"TEMPLATE","detail":"render html before pdf","method":"POST","url":"/tpr-invoice/pdf"}
{"ts":"2026-05-24T15:08:05.576Z","level":"INFO","title":"PUPPETEER","message":"reuse existing browser instance"}
{"ts":"2026-05-24T15:08:05.629Z","level":"STEP","reqId":"MPJWWEO1-DFE6LF","route":"INVOICE","stage":"PDF:PAGE_OPEN","detail":"create new page","method":"POST","url":"/tpr-invoice/pdf"}
{"ts":"2026-05-24T15:08:05.636Z","level":"STEP","reqId":"MPJWWEO1-DFE6LF","route":"INVOICE","stage":"PDF:SET_CONTENT","detail":"html size 9.75 KB","method":"POST","url":"/tpr-invoice/pdf"}
{"ts":"2026-05-24T15:08:07.223Z","level":"STEP","reqId":"MPJWWEO1-DFE6LF","route":"INVOICE","stage":"PDF:FONTS_READY","detail":"waiting document.fonts.ready","method":"POST","url":"/tpr-invoice/pdf"}
{"ts":"2026-05-24T15:08:07.226Z","level":"STEP","reqId":"MPJWWEO1-DFE6LF","route":"INVOICE","stage":"PDF:RENDER","detail":"format=A4 media=screen landscape=false","method":"POST","url":"/tpr-invoice/pdf"}
{"ts":"2026-05-24T15:08:07.467Z","level":"STEP","reqId":"MPJWWEO1-DFE6LF","route":"INVOICE","stage":"PDF:BUFFER_READY","detail":"pdf size 204 KB","method":"POST","url":"/tpr-invoice/pdf"}
{"ts":"2026-05-24T15:08:07.468Z","level":"STEP","reqId":"MPJWWEO1-DFE6LF","route":"INVOICE","stage":"PDF:PAGE_CLOSE","detail":"close page","method":"POST","url":"/tpr-invoice/pdf"}
{"ts":"2026-05-24T15:08:07.483Z","level":"STEP","reqId":"MPJWWEO1-DFE6LF","route":"INVOICE","stage":"RESPOND_PDF","detail":"filename=tpr_invoice.pdf","method":"POST","url":"/tpr-invoice/pdf"}
{"ts":"2026-05-24T15:08:07.484Z","level":"PDF_RESPONSE","reqId":"MPJWWEO1-DFE6LF","route":"INVOICE","method":"POST","url":"/tpr-invoice/pdf","filename":"tpr_invoice.pdf","pdfBytes":208426}
{"ts":"2026-05-24T15:08:07.486Z","level":"REQUEST_DONE","reqId":"MPJWWEO1-DFE6LF","route":"INVOICE","method":"POST","url":"/tpr-invoice/pdf","status":200,"durationMs":1917,"responseSize":"204 KB"}
{"ts":"2026-05-24T15:08:26.200Z","level":"STEP","reqId":"MPJWWUL4-VD1GS2","route":"INVOICE","stage":"START","detail":"OPTIONS /tpr-invoice/pdf","method":"OPTIONS","url":"/tpr-invoice/pdf"}
{"ts":"2026-05-24T15:08:26.202Z","level":"REQUEST_START","reqId":"MPJWWUL4-VD1GS2","route":"INVOICE","method":"OPTIONS","url":"/tpr-invoice/pdf","ip":"::1","origin":"http://localhost:5174","ua":"Mozilla/5.0 (Windows NT 10.0; Win64; x64) AppleWebKit/537.36 (KHTML, like Gecko) Chrome/148.0.0.0 Safari/537.36","payloadBytes":2}
{"ts":"2026-05-24T15:08:26.203Z","level":"REQUEST_DONE","reqId":"MPJWWUL4-VD1GS2","route":"INVOICE","method":"OPTIONS","url":"/tpr-invoice/pdf","status":204,"durationMs":3,"responseSize":"0 B"}
{"ts":"2026-05-24T15:08:26.204Z","level":"STEP","reqId":"MPJWWUL8-AFSKGS","route":"INVOICE","stage":"START","detail":"POST /tpr-invoice/pdf","method":"POST","url":"/tpr-invoice/pdf"}
{"ts":"2026-05-24T15:08:26.205Z","level":"REQUEST_START","reqId":"MPJWWUL8-AFSKGS","route":"INVOICE","method":"POST","url":"/tpr-invoice/pdf","ip":"::1","origin":"http://localhost:5174","ua":"Mozilla/5.0 (Windows NT 10.0; Win64; x64) AppleWebKit/537.36 (KHTML, like Gecko) Chrome/148.0.0.0 Safari/537.36","payloadBytes":2}
{"ts":"2026-05-24T15:08:26.206Z","level":"STEP","reqId":"MPJWWUL8-AFSKGS","route":"INVOICE","stage":"ROUTE","detail":"pdf mode","method":"POST","url":"/tpr-invoice/pdf"}
{"ts":"2026-05-24T15:08:26.207Z","level":"STEP","reqId":"MPJWWUL8-AFSKGS","route":"INVOICE","stage":"NORMALIZE","detail":"payload 1.16 KB","method":"POST","url":"/tpr-invoice/pdf"}
{"ts":"2026-05-24T15:08:26.207Z","level":"STEP","reqId":"MPJWWUL8-AFSKGS","route":"INVOICE","stage":"TEMPLATE","detail":"render html before pdf","method":"POST","url":"/tpr-invoice/pdf"}
{"ts":"2026-05-24T15:08:26.209Z","level":"INFO","title":"PUPPETEER","message":"reuse existing browser instance"}
{"ts":"2026-05-24T15:08:26.256Z","level":"STEP","reqId":"MPJWWUL8-AFSKGS","route":"INVOICE","stage":"PDF:PAGE_OPEN","detail":"create new page","method":"POST","url":"/tpr-invoice/pdf"}
{"ts":"2026-05-24T15:08:26.260Z","level":"STEP","reqId":"MPJWWUL8-AFSKGS","route":"INVOICE","stage":"PDF:SET_CONTENT","detail":"html size 9.75 KB","method":"POST","url":"/tpr-invoice/pdf"}
{"ts":"2026-05-24T15:08:27.244Z","level":"STEP","reqId":"MPJWWUL8-AFSKGS","route":"INVOICE","stage":"PDF:FONTS_READY","detail":"waiting document.fonts.ready","method":"POST","url":"/tpr-invoice/pdf"}
{"ts":"2026-05-24T15:08:27.246Z","level":"STEP","reqId":"MPJWWUL8-AFSKGS","route":"INVOICE","stage":"PDF:RENDER","detail":"format=A4 media=screen landscape=false","method":"POST","url":"/tpr-invoice/pdf"}
{"ts":"2026-05-24T15:08:27.466Z","level":"STEP","reqId":"MPJWWUL8-AFSKGS","route":"INVOICE","stage":"PDF:BUFFER_READY","detail":"pdf size 204 KB","method":"POST","url":"/tpr-invoice/pdf"}
{"ts":"2026-05-24T15:08:27.466Z","level":"STEP","reqId":"MPJWWUL8-AFSKGS","route":"INVOICE","stage":"PDF:PAGE_CLOSE","detail":"close page","method":"POST","url":"/tpr-invoice/pdf"}
{"ts":"2026-05-24T15:08:27.487Z","level":"STEP","reqId":"MPJWWUL8-AFSKGS","route":"INVOICE","stage":"RESPOND_PDF","detail":"filename=tpr_invoice.pdf","method":"POST","url":"/tpr-invoice/pdf"}
{"ts":"2026-05-24T15:08:27.488Z","level":"PDF_RESPONSE","reqId":"MPJWWUL8-AFSKGS","route":"INVOICE","method":"POST","url":"/tpr-invoice/pdf","filename":"tpr_invoice.pdf","pdfBytes":208426}
{"ts":"2026-05-24T15:08:27.490Z","level":"REQUEST_DONE","reqId":"MPJWWUL8-AFSKGS","route":"INVOICE","method":"POST","url":"/tpr-invoice/pdf","status":200,"durationMs":1286,"responseSize":"204 KB"}
{"ts":"2026-05-24T15:09:05.084Z","level":"STEP","reqId":"MPJWXOL8-V3EYXS","route":"INVOICE","stage":"START","detail":"OPTIONS /tpr-invoice/pdf","method":"OPTIONS","url":"/tpr-invoice/pdf"}
{"ts":"2026-05-24T15:09:05.086Z","level":"REQUEST_START","reqId":"MPJWXOL8-V3EYXS","route":"INVOICE","method":"OPTIONS","url":"/tpr-invoice/pdf","ip":"::1","origin":"http://localhost:5174","ua":"Mozilla/5.0 (Windows NT 10.0; Win64; x64) AppleWebKit/537.36 (KHTML, like Gecko) Chrome/148.0.0.0 Safari/537.36","payloadBytes":2}
{"ts":"2026-05-24T15:09:05.088Z","level":"REQUEST_DONE","reqId":"MPJWXOL8-V3EYXS","route":"INVOICE","method":"OPTIONS","url":"/tpr-invoice/pdf","status":204,"durationMs":3,"responseSize":"0 B"}
{"ts":"2026-05-24T15:09:05.089Z","level":"STEP","reqId":"MPJWXOLD-SXHWNN","route":"INVOICE","stage":"START","detail":"POST /tpr-invoice/pdf","method":"POST","url":"/tpr-invoice/pdf"}
{"ts":"2026-05-24T15:09:05.090Z","level":"REQUEST_START","reqId":"MPJWXOLD-SXHWNN","route":"INVOICE","method":"POST","url":"/tpr-invoice/pdf","ip":"::1","origin":"http://localhost:5174","ua":"Mozilla/5.0 (Windows NT 10.0; Win64; x64) AppleWebKit/537.36 (KHTML, like Gecko) Chrome/148.0.0.0 Safari/537.36","payloadBytes":2}
{"ts":"2026-05-24T15:09:05.092Z","level":"STEP","reqId":"MPJWXOLD-SXHWNN","route":"INVOICE","stage":"ROUTE","detail":"pdf mode","method":"POST","url":"/tpr-invoice/pdf"}
{"ts":"2026-05-24T15:09:05.093Z","level":"STEP","reqId":"MPJWXOLD-SXHWNN","route":"INVOICE","stage":"NORMALIZE","detail":"payload 1.16 KB","method":"POST","url":"/tpr-invoice/pdf"}
{"ts":"2026-05-24T15:09:05.093Z","level":"STEP","reqId":"MPJWXOLD-SXHWNN","route":"INVOICE","stage":"TEMPLATE","detail":"render html before pdf","method":"POST","url":"/tpr-invoice/pdf"}
{"ts":"2026-05-24T15:09:05.094Z","level":"INFO","title":"PUPPETEER","message":"reuse existing browser instance"}
{"ts":"2026-05-24T15:09:05.153Z","level":"STEP","reqId":"MPJWXOLD-SXHWNN","route":"INVOICE","stage":"PDF:PAGE_OPEN","detail":"create new page","method":"POST","url":"/tpr-invoice/pdf"}
{"ts":"2026-05-24T15:09:05.160Z","level":"STEP","reqId":"MPJWXOLD-SXHWNN","route":"INVOICE","stage":"PDF:SET_CONTENT","detail":"html size 9.75 KB","method":"POST","url":"/tpr-invoice/pdf"}
{"ts":"2026-05-24T15:09:06.583Z","level":"STEP","reqId":"MPJWXOLD-SXHWNN","route":"INVOICE","stage":"PDF:FONTS_READY","detail":"waiting document.fonts.ready","method":"POST","url":"/tpr-invoice/pdf"}
{"ts":"2026-05-24T15:09:06.586Z","level":"STEP","reqId":"MPJWXOLD-SXHWNN","route":"INVOICE","stage":"PDF:RENDER","detail":"format=A4 media=screen landscape=false","method":"POST","url":"/tpr-invoice/pdf"}
{"ts":"2026-05-24T15:09:06.799Z","level":"STEP","reqId":"MPJWXOLD-SXHWNN","route":"INVOICE","stage":"PDF:BUFFER_READY","detail":"pdf size 204 KB","method":"POST","url":"/tpr-invoice/pdf"}
{"ts":"2026-05-24T15:09:06.799Z","level":"STEP","reqId":"MPJWXOLD-SXHWNN","route":"INVOICE","stage":"PDF:PAGE_CLOSE","detail":"close page","method":"POST","url":"/tpr-invoice/pdf"}
{"ts":"2026-05-24T15:09:06.815Z","level":"STEP","reqId":"MPJWXOLD-SXHWNN","route":"INVOICE","stage":"RESPOND_PDF","detail":"filename=tpr_invoice.pdf","method":"POST","url":"/tpr-invoice/pdf"}
{"ts":"2026-05-24T15:09:06.816Z","level":"PDF_RESPONSE","reqId":"MPJWXOLD-SXHWNN","route":"INVOICE","method":"POST","url":"/tpr-invoice/pdf","filename":"tpr_invoice.pdf","pdfBytes":208426}
{"ts":"2026-05-24T15:09:06.819Z","level":"REQUEST_DONE","reqId":"MPJWXOLD-SXHWNN","route":"INVOICE","method":"POST","url":"/tpr-invoice/pdf","status":200,"durationMs":1729,"responseSize":"204 KB"}
{"ts":"2026-05-24T15:09:54.896Z","level":"STEP","reqId":"MPJWYR0V-8P84AA","route":"INVOICE","stage":"START","detail":"OPTIONS /tpr-invoice/pdf","method":"OPTIONS","url":"/tpr-invoice/pdf"}
{"ts":"2026-05-24T15:09:54.897Z","level":"REQUEST_START","reqId":"MPJWYR0V-8P84AA","route":"INVOICE","method":"OPTIONS","url":"/tpr-invoice/pdf","ip":"::1","origin":"http://localhost:5174","ua":"Mozilla/5.0 (Windows NT 10.0; Win64; x64) AppleWebKit/537.36 (KHTML, like Gecko) Chrome/148.0.0.0 Safari/537.36","payloadBytes":2}
{"ts":"2026-05-24T15:09:54.900Z","level":"REQUEST_DONE","reqId":"MPJWYR0V-8P84AA","route":"INVOICE","method":"OPTIONS","url":"/tpr-invoice/pdf","status":204,"durationMs":3,"responseSize":"0 B"}
{"ts":"2026-05-24T15:09:54.901Z","level":"STEP","reqId":"MPJWYR11-D8VKLM","route":"INVOICE","stage":"START","detail":"POST /tpr-invoice/pdf","method":"POST","url":"/tpr-invoice/pdf"}
{"ts":"2026-05-24T15:09:54.901Z","level":"REQUEST_START","reqId":"MPJWYR11-D8VKLM","route":"INVOICE","method":"POST","url":"/tpr-invoice/pdf","ip":"::1","origin":"http://localhost:5174","ua":"Mozilla/5.0 (Windows NT 10.0; Win64; x64) AppleWebKit/537.36 (KHTML, like Gecko) Chrome/148.0.0.0 Safari/537.36","payloadBytes":2}
{"ts":"2026-05-24T15:09:54.903Z","level":"STEP","reqId":"MPJWYR11-D8VKLM","route":"INVOICE","stage":"ROUTE","detail":"pdf mode","method":"POST","url":"/tpr-invoice/pdf"}
{"ts":"2026-05-24T15:09:54.904Z","level":"STEP","reqId":"MPJWYR11-D8VKLM","route":"INVOICE","stage":"NORMALIZE","detail":"payload 1.16 KB","method":"POST","url":"/tpr-invoice/pdf"}
{"ts":"2026-05-24T15:09:54.904Z","level":"STEP","reqId":"MPJWYR11-D8VKLM","route":"INVOICE","stage":"TEMPLATE","detail":"render html before pdf","method":"POST","url":"/tpr-invoice/pdf"}
{"ts":"2026-05-24T15:09:54.905Z","level":"INFO","title":"PUPPETEER","message":"reuse existing browser instance"}
{"ts":"2026-05-24T15:09:54.948Z","level":"STEP","reqId":"MPJWYR11-D8VKLM","route":"INVOICE","stage":"PDF:PAGE_OPEN","detail":"create new page","method":"POST","url":"/tpr-invoice/pdf"}
{"ts":"2026-05-24T15:09:54.952Z","level":"STEP","reqId":"MPJWYR11-D8VKLM","route":"INVOICE","stage":"PDF:SET_CONTENT","detail":"html size 9.75 KB","method":"POST","url":"/tpr-invoice/pdf"}
{"ts":"2026-05-24T15:09:56.235Z","level":"STEP","reqId":"MPJWYR11-D8VKLM","route":"INVOICE","stage":"PDF:FONTS_READY","detail":"waiting document.fonts.ready","method":"POST","url":"/tpr-invoice/pdf"}
{"ts":"2026-05-24T15:09:56.237Z","level":"STEP","reqId":"MPJWYR11-D8VKLM","route":"INVOICE","stage":"PDF:RENDER","detail":"format=A4 media=screen landscape=false","method":"POST","url":"/tpr-invoice/pdf"}
{"ts":"2026-05-24T15:09:56.476Z","level":"STEP","reqId":"MPJWYR11-D8VKLM","route":"INVOICE","stage":"PDF:BUFFER_READY","detail":"pdf size 204 KB","method":"POST","url":"/tpr-invoice/pdf"}
{"ts":"2026-05-24T15:09:56.477Z","level":"STEP","reqId":"MPJWYR11-D8VKLM","route":"INVOICE","stage":"PDF:PAGE_CLOSE","detail":"close page","method":"POST","url":"/tpr-invoice/pdf"}
{"ts":"2026-05-24T15:09:56.489Z","level":"STEP","reqId":"MPJWYR11-D8VKLM","route":"INVOICE","stage":"RESPOND_PDF","detail":"filename=tpr_invoice.pdf","method":"POST","url":"/tpr-invoice/pdf"}
{"ts":"2026-05-24T15:09:56.490Z","level":"PDF_RESPONSE","reqId":"MPJWYR11-D8VKLM","route":"INVOICE","method":"POST","url":"/tpr-invoice/pdf","filename":"tpr_invoice.pdf","pdfBytes":208426}
{"ts":"2026-05-24T15:09:56.492Z","level":"REQUEST_DONE","reqId":"MPJWYR11-D8VKLM","route":"INVOICE","method":"POST","url":"/tpr-invoice/pdf","status":200,"durationMs":1590,"responseSize":"204 KB"}
{"ts":"2026-05-24T15:21:18.373Z","level":"STEP","reqId":"MPJXDEEC-JOS9N0","route":"INVOICE","stage":"START","detail":"OPTIONS /tpr-invoice/pdf","method":"OPTIONS","url":"/tpr-invoice/pdf"}
{"ts":"2026-05-24T15:21:18.374Z","level":"REQUEST_START","reqId":"MPJXDEEC-JOS9N0","route":"INVOICE","method":"OPTIONS","url":"/tpr-invoice/pdf","ip":"::1","origin":"http://localhost:5174","ua":"Mozilla/5.0 (Windows NT 10.0; Win64; x64) AppleWebKit/537.36 (KHTML, like Gecko) Chrome/148.0.0.0 Safari/537.36","payloadBytes":2}
{"ts":"2026-05-24T15:21:18.376Z","level":"REQUEST_DONE","reqId":"MPJXDEEC-JOS9N0","route":"INVOICE","method":"OPTIONS","url":"/tpr-invoice/pdf","status":204,"durationMs":4,"responseSize":"0 B"}
{"ts":"2026-05-24T15:21:18.377Z","level":"STEP","reqId":"MPJXDEEH-36Y7KV","route":"INVOICE","stage":"START","detail":"POST /tpr-invoice/pdf","method":"POST","url":"/tpr-invoice/pdf"}
{"ts":"2026-05-24T15:21:18.378Z","level":"REQUEST_START","reqId":"MPJXDEEH-36Y7KV","route":"INVOICE","method":"POST","url":"/tpr-invoice/pdf","ip":"::1","origin":"http://localhost:5174","ua":"Mozilla/5.0 (Windows NT 10.0; Win64; x64) AppleWebKit/537.36 (KHTML, like Gecko) Chrome/148.0.0.0 Safari/537.36","payloadBytes":2}
{"ts":"2026-05-24T15:21:18.379Z","level":"STEP","reqId":"MPJXDEEH-36Y7KV","route":"INVOICE","stage":"ROUTE","detail":"pdf mode","method":"POST","url":"/tpr-invoice/pdf"}
{"ts":"2026-05-24T15:21:18.379Z","level":"STEP","reqId":"MPJXDEEH-36Y7KV","route":"INVOICE","stage":"NORMALIZE","detail":"payload 1.16 KB","method":"POST","url":"/tpr-invoice/pdf"}
{"ts":"2026-05-24T15:21:18.380Z","level":"STEP","reqId":"MPJXDEEH-36Y7KV","route":"INVOICE","stage":"TEMPLATE","detail":"render html before pdf","method":"POST","url":"/tpr-invoice/pdf"}
{"ts":"2026-05-24T15:21:18.382Z","level":"INFO","title":"PUPPETEER","message":"reuse existing browser instance"}
{"ts":"2026-05-24T15:21:18.430Z","level":"STEP","reqId":"MPJXDEEH-36Y7KV","route":"INVOICE","stage":"PDF:PAGE_OPEN","detail":"create new page","method":"POST","url":"/tpr-invoice/pdf"}
{"ts":"2026-05-24T15:21:18.434Z","level":"STEP","reqId":"MPJXDEEH-36Y7KV","route":"INVOICE","stage":"PDF:SET_CONTENT","detail":"html size 9.75 KB","method":"POST","url":"/tpr-invoice/pdf"}
{"ts":"2026-05-24T15:21:19.963Z","level":"STEP","reqId":"MPJXDEEH-36Y7KV","route":"INVOICE","stage":"PDF:FONTS_READY","detail":"waiting document.fonts.ready","method":"POST","url":"/tpr-invoice/pdf"}
{"ts":"2026-05-24T15:21:19.966Z","level":"STEP","reqId":"MPJXDEEH-36Y7KV","route":"INVOICE","stage":"PDF:RENDER","detail":"format=A4 media=screen landscape=false","method":"POST","url":"/tpr-invoice/pdf"}
{"ts":"2026-05-24T15:21:20.165Z","level":"STEP","reqId":"MPJXDEEH-36Y7KV","route":"INVOICE","stage":"PDF:BUFFER_READY","detail":"pdf size 204 KB","method":"POST","url":"/tpr-invoice/pdf"}
{"ts":"2026-05-24T15:21:20.165Z","level":"STEP","reqId":"MPJXDEEH-36Y7KV","route":"INVOICE","stage":"PDF:PAGE_CLOSE","detail":"close page","method":"POST","url":"/tpr-invoice/pdf"}
{"ts":"2026-05-24T15:21:20.190Z","level":"STEP","reqId":"MPJXDEEH-36Y7KV","route":"INVOICE","stage":"RESPOND_PDF","detail":"filename=tpr_invoice.pdf","method":"POST","url":"/tpr-invoice/pdf"}
{"ts":"2026-05-24T15:21:20.191Z","level":"PDF_RESPONSE","reqId":"MPJXDEEH-36Y7KV","route":"INVOICE","method":"POST","url":"/tpr-invoice/pdf","filename":"tpr_invoice.pdf","pdfBytes":208427}
{"ts":"2026-05-24T15:21:20.192Z","level":"REQUEST_DONE","reqId":"MPJXDEEH-36Y7KV","route":"INVOICE","method":"POST","url":"/tpr-invoice/pdf","status":200,"durationMs":1815,"responseSize":"204 KB"}
{"ts":"2026-05-24T15:24:45.013Z","level":"INFO","title":"TEMPLATE","message":"compile templates\\tpr_quotation.hbs","templatePath":"C:\\Projcet TPR\\report-server\\templates\\tpr_quotation.hbs"}
{"ts":"2026-05-24T15:24:45.019Z","level":"INFO","title":"TEMPLATE","message":"compile templates\\tpr_credit_note.hbs","templatePath":"C:\\Projcet TPR\\report-server\\templates\\tpr_credit_note.hbs"}
{"ts":"2026-05-24T15:24:45.022Z","level":"INFO","title":"TEMPLATE","message":"compile templates\\tpr_invoice.hbs","templatePath":"C:\\Projcet TPR\\report-server\\templates\\tpr_invoice.hbs"}
{"ts":"2026-05-24T15:24:45.024Z","level":"INFO","title":"TEMPLATE","message":"compile templates\\tpr_purchase_order.hbs","templatePath":"C:\\Projcet TPR\\report-server\\templates\\tpr_purchase_order.hbs"}
{"ts":"2026-05-24T15:24:45.030Z","level":"INFO","title":"TEMPLATE","message":"compile templates\\tpr_receipt.hbs","templatePath":"C:\\Projcet TPR\\report-server\\templates\\tpr_receipt.hbs"}
{"ts":"2026-05-24T15:24:45.033Z","level":"INFO","title":"TEMPLATE","message":"compile templates\\tpr_tax_receipt.hbs","templatePath":"C:\\Projcet TPR\\report-server\\templates\\tpr_tax_receipt.hbs"}
{"ts":"2026-05-24T15:24:45.036Z","level":"INFO","title":"TEMPLATE","message":"compile templates\\tpr_withholding_tax_certificate.hbs","templatePath":"C:\\Projcet TPR\\report-server\\templates\\tpr_withholding_tax_certificate.hbs"}
{"ts":"2026-05-24T15:24:45.039Z","level":"INFO","title":"TEMPLATE","message":"compile templates\\tpr_payment_voucher.hbs","templatePath":"C:\\Projcet TPR\\report-server\\templates\\tpr_payment_voucher.hbs"}
{"ts":"2026-05-24T15:24:45.041Z","level":"INFO","title":"TEMPLATE","message":"compile templates\\tpr_receipt_voucher.hbs","templatePath":"C:\\Projcet TPR\\report-server\\templates\\tpr_receipt_voucher.hbs"}
{"ts":"2026-05-24T15:24:45.044Z","level":"INFO","title":"TEMPLATE","message":"compile templates\\tpr_petty_cash_voucher.hbs","templatePath":"C:\\Projcet TPR\\report-server\\templates\\tpr_petty_cash_voucher.hbs"}
{"ts":"2026-05-24T15:24:45.047Z","level":"INFO","title":"TEMPLATE","message":"compile templates\\tpr_petty_cash_request.hbs","templatePath":"C:\\Projcet TPR\\report-server\\templates\\tpr_petty_cash_request.hbs"}
{"ts":"2026-05-24T15:24:45.049Z","level":"INFO","title":"TEMPLATE","message":"compile templates\\tpr_petty_cash_payment_report.hbs","templatePath":"C:\\Projcet TPR\\report-server\\templates\\tpr_petty_cash_payment_report.hbs"}
{"ts":"2026-05-24T15:24:45.051Z","level":"INFO","title":"TEMPLATE","message":"compile templates\\tpr_receipt_certification.hbs","templatePath":"C:\\Projcet TPR\\report-server\\templates\\tpr_receipt_certification.hbs"}
{"ts":"2026-05-24T15:24:45.053Z","level":"INFO","title":"TEMPLATE","message":"compile templates\\tpr_payroll_slip.hbs","templatePath":"C:\\Projcet TPR\\report-server\\templates\\tpr_payroll_slip.hbs"}
{"ts":"2026-05-24T15:24:45.056Z","level":"WARN","title":"CSS","message":"inline missing: C:\\Projcet TPR\\report-server\\public\\css\\quotation.css (ไม่จำเป็นถ้า CSS อยู่ใน hbs แล้ว)","cssPath":"C:\\Projcet TPR\\report-server\\public\\css\\quotation.css"}
{"ts":"2026-05-24T15:24:45.123Z","level":"OK","title":"READY","message":"PDF server is running","port":4100,"logFile":"C:\\Projcet TPR\\report-server\\logs\\server-2026-05-24.log"}
{"ts":"2026-05-24T15:24:45.125Z","level":"BOOT","message":"PDF server is running","port":4100,"logFile":"C:\\Projcet TPR\\report-server\\logs\\server-2026-05-24.log"}
{"ts":"2026-05-24T15:25:03.644Z","level":"INFO","title":"TEMPLATE","message":"compile templates\\tpr_quotation.hbs","templatePath":"C:\\Projcet TPR\\report-server\\templates\\tpr_quotation.hbs"}
{"ts":"2026-05-24T15:25:03.646Z","level":"INFO","title":"TEMPLATE","message":"compile templates\\tpr_credit_note.hbs","templatePath":"C:\\Projcet TPR\\report-server\\templates\\tpr_credit_note.hbs"}
{"ts":"2026-05-24T15:25:03.646Z","level":"INFO","title":"TEMPLATE","message":"compile templates\\tpr_invoice.hbs","templatePath":"C:\\Projcet TPR\\report-server\\templates\\tpr_invoice.hbs"}
{"ts":"2026-05-24T15:25:03.647Z","level":"INFO","title":"TEMPLATE","message":"compile templates\\tpr_purchase_order.hbs","templatePath":"C:\\Projcet TPR\\report-server\\templates\\tpr_purchase_order.hbs"}
{"ts":"2026-05-24T15:25:03.648Z","level":"INFO","title":"TEMPLATE","message":"compile templates\\tpr_receipt.hbs","templatePath":"C:\\Projcet TPR\\report-server\\templates\\tpr_receipt.hbs"}
{"ts":"2026-05-24T15:25:03.649Z","level":"INFO","title":"TEMPLATE","message":"compile templates\\tpr_tax_receipt.hbs","templatePath":"C:\\Projcet TPR\\report-server\\templates\\tpr_tax_receipt.hbs"}
{"ts":"2026-05-24T15:25:03.651Z","level":"INFO","title":"TEMPLATE","message":"compile templates\\tpr_withholding_tax_certificate.hbs","templatePath":"C:\\Projcet TPR\\report-server\\templates\\tpr_withholding_tax_certificate.hbs"}
{"ts":"2026-05-24T15:25:03.652Z","level":"INFO","title":"TEMPLATE","message":"compile templates\\tpr_payment_voucher.hbs","templatePath":"C:\\Projcet TPR\\report-server\\templates\\tpr_payment_voucher.hbs"}
{"ts":"2026-05-24T15:25:03.655Z","level":"INFO","title":"TEMPLATE","message":"compile templates\\tpr_receipt_voucher.hbs","templatePath":"C:\\Projcet TPR\\report-server\\templates\\tpr_receipt_voucher.hbs"}
{"ts":"2026-05-24T15:25:03.656Z","level":"INFO","title":"TEMPLATE","message":"compile templates\\tpr_petty_cash_voucher.hbs","templatePath":"C:\\Projcet TPR\\report-server\\templates\\tpr_petty_cash_voucher.hbs"}
{"ts":"2026-05-24T15:25:03.656Z","level":"INFO","title":"TEMPLATE","message":"compile templates\\tpr_petty_cash_request.hbs","templatePath":"C:\\Projcet TPR\\report-server\\templates\\tpr_petty_cash_request.hbs"}
{"ts":"2026-05-24T15:25:03.657Z","level":"INFO","title":"TEMPLATE","message":"compile templates\\tpr_petty_cash_payment_report.hbs","templatePath":"C:\\Projcet TPR\\report-server\\templates\\tpr_petty_cash_payment_report.hbs"}
{"ts":"2026-05-24T15:25:03.657Z","level":"INFO","title":"TEMPLATE","message":"compile templates\\tpr_receipt_certification.hbs","templatePath":"C:\\Projcet TPR\\report-server\\templates\\tpr_receipt_certification.hbs"}
{"ts":"2026-05-24T15:25:03.658Z","level":"INFO","title":"TEMPLATE","message":"compile templates\\tpr_payroll_slip.hbs","templatePath":"C:\\Projcet TPR\\report-server\\templates\\tpr_payroll_slip.hbs"}
{"ts":"2026-05-24T15:25:03.659Z","level":"WARN","title":"CSS","message":"inline missing: C:\\Projcet TPR\\report-server\\public\\css\\quotation.css (ไม่จำเป็นถ้า CSS อยู่ใน hbs แล้ว)","cssPath":"C:\\Projcet TPR\\report-server\\public\\css\\quotation.css"}
{"ts":"2026-05-24T15:25:03.683Z","level":"OK","title":"READY","message":"PDF server is running","port":4100,"logFile":"C:\\Projcet TPR\\report-server\\logs\\server-2026-05-24.log"}
{"ts":"2026-05-24T15:25:03.683Z","level":"BOOT","message":"PDF server is running","port":4100,"logFile":"C:\\Projcet TPR\\report-server\\logs\\server-2026-05-24.log"}
{"ts":"2026-05-24T15:26:25.931Z","level":"STEP","reqId":"MPJXJZPN-OAZOOE","route":"GENERAL","stage":"START","detail":"GET /","method":"GET","url":"/"}
{"ts":"2026-05-24T15:26:25.932Z","level":"REQUEST_START","reqId":"MPJXJZPN-OAZOOE","route":"GENERAL","method":"GET","url":"/","ip":"::1","origin":"-","ua":"curl/8.14.1","payloadBytes":2}
{"ts":"2026-05-24T15:26:25.938Z","level":"STEP","reqId":"MPJXJZPN-OAZOOE","route":"GENERAL","stage":"NOT_FOUND","detail":"GET /","method":"GET","url":"/"}
{"ts":"2026-05-24T15:26:25.943Z","level":"REQUEST_DONE","reqId":"MPJXJZPN-OAZOOE","route":"GENERAL","method":"GET","url":"/","status":404,"durationMs":12,"responseSize":"56.0 B"}
{"ts":"2026-05-24T15:27:21.523Z","level":"INFO","title":"TEMPLATE","message":"compile templates\\tpr_quotation.hbs","templatePath":"C:\\Projcet TPR\\report-server\\templates\\tpr_quotation.hbs"}
{"ts":"2026-05-24T15:27:21.524Z","level":"INFO","title":"TEMPLATE","message":"compile templates\\tpr_credit_note.hbs","templatePath":"C:\\Projcet TPR\\report-server\\templates\\tpr_credit_note.hbs"}
{"ts":"2026-05-24T15:27:21.525Z","level":"INFO","title":"TEMPLATE","message":"compile templates\\tpr_invoice.hbs","templatePath":"C:\\Projcet TPR\\report-server\\templates\\tpr_invoice.hbs"}
{"ts":"2026-05-24T15:27:21.525Z","level":"INFO","title":"TEMPLATE","message":"compile templates\\tpr_purchase_order.hbs","templatePath":"C:\\Projcet TPR\\report-server\\templates\\tpr_purchase_order.hbs"}
{"ts":"2026-05-24T15:27:21.526Z","level":"INFO","title":"TEMPLATE","message":"compile templates\\tpr_receipt.hbs","templatePath":"C:\\Projcet TPR\\report-server\\templates\\tpr_receipt.hbs"}
{"ts":"2026-05-24T15:27:21.526Z","level":"INFO","title":"TEMPLATE","message":"compile templates\\tpr_tax_receipt.hbs","templatePath":"C:\\Projcet TPR\\report-server\\templates\\tpr_tax_receipt.hbs"}
{"ts":"2026-05-24T15:27:21.527Z","level":"INFO","title":"TEMPLATE","message":"compile templates\\tpr_withholding_tax_certificate.hbs","templatePath":"C:\\Projcet TPR\\report-server\\templates\\tpr_withholding_tax_certificate.hbs"}
{"ts":"2026-05-24T15:27:21.527Z","level":"INFO","title":"TEMPLATE","message":"compile templates\\tpr_payment_voucher.hbs","templatePath":"C:\\Projcet TPR\\report-server\\templates\\tpr_payment_voucher.hbs"}
{"ts":"2026-05-24T15:27:21.528Z","level":"INFO","title":"TEMPLATE","message":"compile templates\\tpr_receipt_voucher.hbs","templatePath":"C:\\Projcet TPR\\report-server\\templates\\tpr_receipt_voucher.hbs"}
{"ts":"2026-05-24T15:27:21.528Z","level":"INFO","title":"TEMPLATE","message":"compile templates\\tpr_petty_cash_voucher.hbs","templatePath":"C:\\Projcet TPR\\report-server\\templates\\tpr_petty_cash_voucher.hbs"}
{"ts":"2026-05-24T15:27:21.529Z","level":"INFO","title":"TEMPLATE","message":"compile templates\\tpr_petty_cash_request.hbs","templatePath":"C:\\Projcet TPR\\report-server\\templates\\tpr_petty_cash_request.hbs"}
{"ts":"2026-05-24T15:27:21.531Z","level":"INFO","title":"TEMPLATE","message":"compile templates\\tpr_petty_cash_payment_report.hbs","templatePath":"C:\\Projcet TPR\\report-server\\templates\\tpr_petty_cash_payment_report.hbs"}
{"ts":"2026-05-24T15:27:21.531Z","level":"INFO","title":"TEMPLATE","message":"compile templates\\tpr_receipt_certification.hbs","templatePath":"C:\\Projcet TPR\\report-server\\templates\\tpr_receipt_certification.hbs"}
{"ts":"2026-05-24T15:27:21.531Z","level":"INFO","title":"TEMPLATE","message":"compile templates\\tpr_payroll_slip.hbs","templatePath":"C:\\Projcet TPR\\report-server\\templates\\tpr_payroll_slip.hbs"}
{"ts":"2026-05-24T15:27:21.533Z","level":"WARN","title":"CSS","message":"inline missing: C:\\Projcet TPR\\report-server\\public\\css\\quotation.css (ไม่จำเป็นถ้า CSS อยู่ใน hbs แล้ว)","cssPath":"C:\\Projcet TPR\\report-server\\public\\css\\quotation.css"}
{"ts":"2026-05-24T15:27:21.552Z","level":"OK","title":"READY","message":"PDF server is running","port":4100,"logFile":"C:\\Projcet TPR\\report-server\\logs\\server-2026-05-24.log"}
{"ts":"2026-05-24T15:27:21.553Z","level":"BOOT","message":"PDF server is running","port":4100,"logFile":"C:\\Projcet TPR\\report-server\\logs\\server-2026-05-24.log"}
{"ts":"2026-05-24T15:27:32.845Z","level":"STEP","reqId":"MPJXLFCD-MX9OA4","route":"INVOICE","stage":"START","detail":"OPTIONS /tpr-invoice/pdf","method":"OPTIONS","url":"/tpr-invoice/pdf"}
{"ts":"2026-05-24T15:27:32.846Z","level":"REQUEST_START","reqId":"MPJXLFCD-MX9OA4","route":"INVOICE","method":"OPTIONS","url":"/tpr-invoice/pdf","ip":"::1","origin":"http://localhost:5174","ua":"Mozilla/5.0 (Windows NT 10.0; Win64; x64) AppleWebKit/537.36 (KHTML, like Gecko) Chrome/148.0.0.0 Safari/537.36","payloadBytes":2}
{"ts":"2026-05-24T15:27:32.848Z","level":"REQUEST_DONE","reqId":"MPJXLFCD-MX9OA4","route":"INVOICE","method":"OPTIONS","url":"/tpr-invoice/pdf","status":204,"durationMs":3,"responseSize":"0 B"}
{"ts":"2026-05-24T15:27:32.849Z","level":"STEP","reqId":"MPJXLFCH-UIRSO9","route":"INVOICE","stage":"START","detail":"POST /tpr-invoice/pdf","method":"POST","url":"/tpr-invoice/pdf"}
{"ts":"2026-05-24T15:27:32.850Z","level":"REQUEST_START","reqId":"MPJXLFCH-UIRSO9","route":"INVOICE","method":"POST","url":"/tpr-invoice/pdf","ip":"::1","origin":"http://localhost:5174","ua":"Mozilla/5.0 (Windows NT 10.0; Win64; x64) AppleWebKit/537.36 (KHTML, like Gecko) Chrome/148.0.0.0 Safari/537.36","payloadBytes":2}
{"ts":"2026-05-24T15:27:32.870Z","level":"STEP","reqId":"MPJXLFCH-UIRSO9","route":"INVOICE","stage":"ROUTE","detail":"pdf mode","method":"POST","url":"/tpr-invoice/pdf"}
{"ts":"2026-05-24T15:27:32.872Z","level":"STEP","reqId":"MPJXLFCH-UIRSO9","route":"INVOICE","stage":"NORMALIZE","detail":"payload 1.16 KB","method":"POST","url":"/tpr-invoice/pdf"}
{"ts":"2026-05-24T15:27:32.874Z","level":"STEP","reqId":"MPJXLFCH-UIRSO9","route":"INVOICE","stage":"TEMPLATE","detail":"render html before pdf","method":"POST","url":"/tpr-invoice/pdf"}
{"ts":"2026-05-24T15:27:32.903Z","level":"INFO","title":"PUPPETEER","message":"launch browser..."}
{"ts":"2026-05-24T15:27:33.424Z","level":"OK","title":"PUPPETEER","message":"browser launched"}
{"ts":"2026-05-24T15:27:33.478Z","level":"STEP","reqId":"MPJXLFCH-UIRSO9","route":"INVOICE","stage":"PDF:PAGE_OPEN","detail":"create new page","method":"POST","url":"/tpr-invoice/pdf"}
{"ts":"2026-05-24T15:27:33.484Z","level":"STEP","reqId":"MPJXLFCH-UIRSO9","route":"INVOICE","stage":"PDF:SET_CONTENT","detail":"html size 9.60 KB","method":"POST","url":"/tpr-invoice/pdf"}
{"ts":"2026-05-24T15:27:35.079Z","level":"STEP","reqId":"MPJXLFCH-UIRSO9","route":"INVOICE","stage":"PDF:FONTS_READY","detail":"waiting document.fonts.ready","method":"POST","url":"/tpr-invoice/pdf"}
{"ts":"2026-05-24T15:27:35.081Z","level":"STEP","reqId":"MPJXLFCH-UIRSO9","route":"INVOICE","stage":"PDF:RENDER","detail":"format=A4 media=screen landscape=false","method":"POST","url":"/tpr-invoice/pdf"}
{"ts":"2026-05-24T15:27:35.252Z","level":"STEP","reqId":"MPJXLFCH-UIRSO9","route":"INVOICE","stage":"PDF:BUFFER_READY","detail":"pdf size 203 KB","method":"POST","url":"/tpr-invoice/pdf"}
{"ts":"2026-05-24T15:27:35.253Z","level":"STEP","reqId":"MPJXLFCH-UIRSO9","route":"INVOICE","stage":"PDF:PAGE_CLOSE","detail":"close page","method":"POST","url":"/tpr-invoice/pdf"}
{"ts":"2026-05-24T15:27:35.264Z","level":"STEP","reqId":"MPJXLFCH-UIRSO9","route":"INVOICE","stage":"RESPOND_PDF","detail":"filename=tpr_invoice.pdf","method":"POST","url":"/tpr-invoice/pdf"}
{"ts":"2026-05-24T15:27:35.265Z","level":"PDF_RESPONSE","reqId":"MPJXLFCH-UIRSO9","route":"INVOICE","method":"POST","url":"/tpr-invoice/pdf","filename":"tpr_invoice.pdf","pdfBytes":208166}
{"ts":"2026-05-24T15:27:35.267Z","level":"REQUEST_DONE","reqId":"MPJXLFCH-UIRSO9","route":"INVOICE","method":"POST","url":"/tpr-invoice/pdf","status":200,"durationMs":2418,"responseSize":"203 KB"}
{"ts":"2026-05-24T15:28:47.910Z","level":"STEP","reqId":"MPJXN19I-4YY9G5","route":"INVOICE","stage":"START","detail":"OPTIONS /tpr-invoice/pdf","method":"OPTIONS","url":"/tpr-invoice/pdf"}
{"ts":"2026-05-24T15:28:47.910Z","level":"REQUEST_START","reqId":"MPJXN19I-4YY9G5","route":"INVOICE","method":"OPTIONS","url":"/tpr-invoice/pdf","ip":"::1","origin":"http://localhost:5174","ua":"Mozilla/5.0 (Windows NT 10.0; Win64; x64) AppleWebKit/537.36 (KHTML, like Gecko) Chrome/148.0.0.0 Safari/537.36","payloadBytes":2}
{"ts":"2026-05-24T15:28:47.912Z","level":"REQUEST_DONE","reqId":"MPJXN19I-4YY9G5","route":"INVOICE","method":"OPTIONS","url":"/tpr-invoice/pdf","status":204,"durationMs":2,"responseSize":"0 B"}
{"ts":"2026-05-24T15:28:47.913Z","level":"STEP","reqId":"MPJXN19L-25V7ET","route":"INVOICE","stage":"START","detail":"POST /tpr-invoice/pdf","method":"POST","url":"/tpr-invoice/pdf"}
{"ts":"2026-05-24T15:28:47.913Z","level":"REQUEST_START","reqId":"MPJXN19L-25V7ET","route":"INVOICE","method":"POST","url":"/tpr-invoice/pdf","ip":"::1","origin":"http://localhost:5174","ua":"Mozilla/5.0 (Windows NT 10.0; Win64; x64) AppleWebKit/537.36 (KHTML, like Gecko) Chrome/148.0.0.0 Safari/537.36","payloadBytes":2}
{"ts":"2026-05-24T15:28:47.914Z","level":"STEP","reqId":"MPJXN19L-25V7ET","route":"INVOICE","stage":"ROUTE","detail":"pdf mode","method":"POST","url":"/tpr-invoice/pdf"}
{"ts":"2026-05-24T15:28:47.914Z","level":"STEP","reqId":"MPJXN19L-25V7ET","route":"INVOICE","stage":"NORMALIZE","detail":"payload 1.16 KB","method":"POST","url":"/tpr-invoice/pdf"}
{"ts":"2026-05-24T15:28:47.915Z","level":"STEP","reqId":"MPJXN19L-25V7ET","route":"INVOICE","stage":"TEMPLATE","detail":"render html before pdf","method":"POST","url":"/tpr-invoice/pdf"}
{"ts":"2026-05-24T15:28:47.916Z","level":"INFO","title":"PUPPETEER","message":"reuse existing browser instance"}
{"ts":"2026-05-24T15:28:47.955Z","level":"STEP","reqId":"MPJXN19L-25V7ET","route":"INVOICE","stage":"PDF:PAGE_OPEN","detail":"create new page","method":"POST","url":"/tpr-invoice/pdf"}
{"ts":"2026-05-24T15:28:47.959Z","level":"STEP","reqId":"MPJXN19L-25V7ET","route":"INVOICE","stage":"PDF:SET_CONTENT","detail":"html size 9.60 KB","method":"POST","url":"/tpr-invoice/pdf"}
{"ts":"2026-05-24T15:28:49.599Z","level":"STEP","reqId":"MPJXN19L-25V7ET","route":"INVOICE","stage":"PDF:FONTS_READY","detail":"waiting document.fonts.ready","method":"POST","url":"/tpr-invoice/pdf"}
{"ts":"2026-05-24T15:28:49.601Z","level":"STEP","reqId":"MPJXN19L-25V7ET","route":"INVOICE","stage":"PDF:RENDER","detail":"format=A4 media=screen landscape=false","method":"POST","url":"/tpr-invoice/pdf"}
{"ts":"2026-05-24T15:28:49.782Z","level":"STEP","reqId":"MPJXN19L-25V7ET","route":"INVOICE","stage":"PDF:BUFFER_READY","detail":"pdf size 203 KB","method":"POST","url":"/tpr-invoice/pdf"}
{"ts":"2026-05-24T15:28:49.783Z","level":"STEP","reqId":"MPJXN19L-25V7ET","route":"INVOICE","stage":"PDF:PAGE_CLOSE","detail":"close page","method":"POST","url":"/tpr-invoice/pdf"}
{"ts":"2026-05-24T15:28:49.793Z","level":"STEP","reqId":"MPJXN19L-25V7ET","route":"INVOICE","stage":"RESPOND_PDF","detail":"filename=tpr_invoice.pdf","method":"POST","url":"/tpr-invoice/pdf"}
{"ts":"2026-05-24T15:28:49.794Z","level":"PDF_RESPONSE","reqId":"MPJXN19L-25V7ET","route":"INVOICE","method":"POST","url":"/tpr-invoice/pdf","filename":"tpr_invoice.pdf","pdfBytes":208166}
{"ts":"2026-05-24T15:28:49.795Z","level":"REQUEST_DONE","reqId":"MPJXN19L-25V7ET","route":"INVOICE","method":"POST","url":"/tpr-invoice/pdf","status":200,"durationMs":1882,"responseSize":"203 KB"}
{"ts":"2026-05-24T15:33:19.936Z","level":"INFO","title":"TEMPLATE","message":"compile templates\\tpr_quotation.hbs","templatePath":"C:\\Projcet TPR\\report-server\\templates\\tpr_quotation.hbs"}
{"ts":"2026-05-24T15:33:19.938Z","level":"INFO","title":"TEMPLATE","message":"compile templates\\tpr_credit_note.hbs","templatePath":"C:\\Projcet TPR\\report-server\\templates\\tpr_credit_note.hbs"}
{"ts":"2026-05-24T15:33:19.939Z","level":"INFO","title":"TEMPLATE","message":"compile templates\\tpr_invoice.hbs","templatePath":"C:\\Projcet TPR\\report-server\\templates\\tpr_invoice.hbs"}
{"ts":"2026-05-24T15:33:19.939Z","level":"INFO","title":"TEMPLATE","message":"compile templates\\tpr_purchase_order.hbs","templatePath":"C:\\Projcet TPR\\report-server\\templates\\tpr_purchase_order.hbs"}
{"ts":"2026-05-24T15:33:19.940Z","level":"INFO","title":"TEMPLATE","message":"compile templates\\tpr_receipt.hbs","templatePath":"C:\\Projcet TPR\\report-server\\templates\\tpr_receipt.hbs"}
{"ts":"2026-05-24T15:33:19.941Z","level":"INFO","title":"TEMPLATE","message":"compile templates\\tpr_tax_receipt.hbs","templatePath":"C:\\Projcet TPR\\report-server\\templates\\tpr_tax_receipt.hbs"}
{"ts":"2026-05-24T15:33:19.941Z","level":"INFO","title":"TEMPLATE","message":"compile templates\\tpr_withholding_tax_certificate.hbs","templatePath":"C:\\Projcet TPR\\report-server\\templates\\tpr_withholding_tax_certificate.hbs"}
{"ts":"2026-05-24T15:33:19.943Z","level":"INFO","title":"TEMPLATE","message":"compile templates\\tpr_payment_voucher.hbs","templatePath":"C:\\Projcet TPR\\report-server\\templates\\tpr_payment_voucher.hbs"}
{"ts":"2026-05-24T15:33:19.944Z","level":"INFO","title":"TEMPLATE","message":"compile templates\\tpr_receipt_voucher.hbs","templatePath":"C:\\Projcet TPR\\report-server\\templates\\tpr_receipt_voucher.hbs"}
{"ts":"2026-05-24T15:33:19.945Z","level":"INFO","title":"TEMPLATE","message":"compile templates\\tpr_petty_cash_voucher.hbs","templatePath":"C:\\Projcet TPR\\report-server\\templates\\tpr_petty_cash_voucher.hbs"}
{"ts":"2026-05-24T15:33:19.946Z","level":"INFO","title":"TEMPLATE","message":"compile templates\\tpr_petty_cash_request.hbs","templatePath":"C:\\Projcet TPR\\report-server\\templates\\tpr_petty_cash_request.hbs"}
{"ts":"2026-05-24T15:33:19.946Z","level":"INFO","title":"TEMPLATE","message":"compile templates\\tpr_petty_cash_payment_report.hbs","templatePath":"C:\\Projcet TPR\\report-server\\templates\\tpr_petty_cash_payment_report.hbs"}
{"ts":"2026-05-24T15:33:19.947Z","level":"INFO","title":"TEMPLATE","message":"compile templates\\tpr_receipt_certification.hbs","templatePath":"C:\\Projcet TPR\\report-server\\templates\\tpr_receipt_certification.hbs"}
{"ts":"2026-05-24T15:33:19.948Z","level":"INFO","title":"TEMPLATE","message":"compile templates\\tpr_payroll_slip.hbs","templatePath":"C:\\Projcet TPR\\report-server\\templates\\tpr_payroll_slip.hbs"}
{"ts":"2026-05-24T15:33:19.949Z","level":"WARN","title":"CSS","message":"inline missing: C:\\Projcet TPR\\report-server\\public\\css\\quotation.css (ไม่จำเป็นถ้า CSS อยู่ใน hbs แล้ว)","cssPath":"C:\\Projcet TPR\\report-server\\public\\css\\quotation.css"}
{"ts":"2026-05-24T15:33:19.986Z","level":"OK","title":"READY","message":"PDF server is running","port":4100,"logFile":"C:\\Projcet TPR\\report-server\\logs\\server-2026-05-24.log"}
{"ts":"2026-05-24T15:33:19.987Z","level":"BOOT","message":"PDF server is running","port":4100,"logFile":"C:\\Projcet TPR\\report-server\\logs\\server-2026-05-24.log"}
{"ts":"2026-05-24T15:33:41.326Z","level":"STEP","reqId":"MPJXTBNX-O336YC","route":"INVOICE","stage":"START","detail":"OPTIONS /tpr-invoice/pdf","method":"OPTIONS","url":"/tpr-invoice/pdf"}
{"ts":"2026-05-24T15:33:41.326Z","level":"REQUEST_START","reqId":"MPJXTBNX-O336YC","route":"INVOICE","method":"OPTIONS","url":"/tpr-invoice/pdf","ip":"::1","origin":"http://localhost:5174","ua":"Mozilla/5.0 (Windows NT 10.0; Win64; x64) AppleWebKit/537.36 (KHTML, like Gecko) Chrome/148.0.0.0 Safari/537.36","payloadBytes":2}
{"ts":"2026-05-24T15:33:41.328Z","level":"REQUEST_DONE","reqId":"MPJXTBNX-O336YC","route":"INVOICE","method":"OPTIONS","url":"/tpr-invoice/pdf","status":204,"durationMs":2,"responseSize":"0 B"}
{"ts":"2026-05-24T15:33:41.329Z","level":"STEP","reqId":"MPJXTBO1-1WDT39","route":"INVOICE","stage":"START","detail":"POST /tpr-invoice/pdf","method":"POST","url":"/tpr-invoice/pdf"}
{"ts":"2026-05-24T15:33:41.331Z","level":"REQUEST_START","reqId":"MPJXTBO1-1WDT39","route":"INVOICE","method":"POST","url":"/tpr-invoice/pdf","ip":"::1","origin":"http://localhost:5174","ua":"Mozilla/5.0 (Windows NT 10.0; Win64; x64) AppleWebKit/537.36 (KHTML, like Gecko) Chrome/148.0.0.0 Safari/537.36","payloadBytes":2}
{"ts":"2026-05-24T15:33:41.333Z","level":"STEP","reqId":"MPJXTBO1-1WDT39","route":"INVOICE","stage":"ROUTE","detail":"pdf mode","method":"POST","url":"/tpr-invoice/pdf"}
{"ts":"2026-05-24T15:33:41.333Z","level":"STEP","reqId":"MPJXTBO1-1WDT39","route":"INVOICE","stage":"NORMALIZE","detail":"payload 1.41 KB","method":"POST","url":"/tpr-invoice/pdf"}
{"ts":"2026-05-24T15:33:41.334Z","level":"STEP","reqId":"MPJXTBO1-1WDT39","route":"INVOICE","stage":"TEMPLATE","detail":"render html before pdf","method":"POST","url":"/tpr-invoice/pdf"}
{"ts":"2026-05-24T15:33:41.335Z","level":"INFO","title":"PUPPETEER","message":"reuse existing browser instance"}
{"ts":"2026-05-24T15:33:41.391Z","level":"STEP","reqId":"MPJXTBO1-1WDT39","route":"INVOICE","stage":"PDF:PAGE_OPEN","detail":"create new page","method":"POST","url":"/tpr-invoice/pdf"}
{"ts":"2026-05-24T15:33:41.396Z","level":"STEP","reqId":"MPJXTBO1-1WDT39","route":"INVOICE","stage":"PDF:SET_CONTENT","detail":"html size 9.60 KB","method":"POST","url":"/tpr-invoice/pdf"}
{"ts":"2026-05-24T15:33:42.949Z","level":"STEP","reqId":"MPJXTBO1-1WDT39","route":"INVOICE","stage":"PDF:FONTS_READY","detail":"waiting document.fonts.ready","method":"POST","url":"/tpr-invoice/pdf"}
{"ts":"2026-05-24T15:33:42.951Z","level":"STEP","reqId":"MPJXTBO1-1WDT39","route":"INVOICE","stage":"PDF:RENDER","detail":"format=A4 media=screen landscape=false","method":"POST","url":"/tpr-invoice/pdf"}
{"ts":"2026-05-24T15:33:43.218Z","level":"STEP","reqId":"MPJXTBO1-1WDT39","route":"INVOICE","stage":"PDF:BUFFER_READY","detail":"pdf size 203 KB","method":"POST","url":"/tpr-invoice/pdf"}
{"ts":"2026-05-24T15:33:43.218Z","level":"STEP","reqId":"MPJXTBO1-1WDT39","route":"INVOICE","stage":"PDF:PAGE_CLOSE","detail":"close page","method":"POST","url":"/tpr-invoice/pdf"}
{"ts":"2026-05-24T15:33:43.231Z","level":"STEP","reqId":"MPJXTBO1-1WDT39","route":"INVOICE","stage":"RESPOND_PDF","detail":"filename=tpr_invoice.pdf","method":"POST","url":"/tpr-invoice/pdf"}
{"ts":"2026-05-24T15:33:43.231Z","level":"PDF_RESPONSE","reqId":"MPJXTBO1-1WDT39","route":"INVOICE","method":"POST","url":"/tpr-invoice/pdf","filename":"tpr_invoice.pdf","pdfBytes":208166}
{"ts":"2026-05-24T15:33:43.233Z","level":"REQUEST_DONE","reqId":"MPJXTBO1-1WDT39","route":"INVOICE","method":"POST","url":"/tpr-invoice/pdf","status":200,"durationMs":1904,"responseSize":"203 KB"}
{"ts":"2026-05-24T15:35:16.289Z","level":"INFO","title":"TEMPLATE","message":"compile templates\\tpr_quotation.hbs","templatePath":"C:\\Projcet TPR\\report-server\\templates\\tpr_quotation.hbs"}
{"ts":"2026-05-24T15:35:16.291Z","level":"INFO","title":"TEMPLATE","message":"compile templates\\tpr_credit_note.hbs","templatePath":"C:\\Projcet TPR\\report-server\\templates\\tpr_credit_note.hbs"}
{"ts":"2026-05-24T15:35:16.292Z","level":"INFO","title":"TEMPLATE","message":"compile templates\\tpr_invoice.hbs","templatePath":"C:\\Projcet TPR\\report-server\\templates\\tpr_invoice.hbs"}
{"ts":"2026-05-24T15:35:16.293Z","level":"INFO","title":"TEMPLATE","message":"compile templates\\tpr_purchase_order.hbs","templatePath":"C:\\Projcet TPR\\report-server\\templates\\tpr_purchase_order.hbs"}
{"ts":"2026-05-24T15:35:16.293Z","level":"INFO","title":"TEMPLATE","message":"compile templates\\tpr_receipt.hbs","templatePath":"C:\\Projcet TPR\\report-server\\templates\\tpr_receipt.hbs"}
{"ts":"2026-05-24T15:35:16.294Z","level":"INFO","title":"TEMPLATE","message":"compile templates\\tpr_tax_receipt.hbs","templatePath":"C:\\Projcet TPR\\report-server\\templates\\tpr_tax_receipt.hbs"}
{"ts":"2026-05-24T15:35:16.296Z","level":"INFO","title":"TEMPLATE","message":"compile templates\\tpr_withholding_tax_certificate.hbs","templatePath":"C:\\Projcet TPR\\report-server\\templates\\tpr_withholding_tax_certificate.hbs"}
{"ts":"2026-05-24T15:35:16.297Z","level":"INFO","title":"TEMPLATE","message":"compile templates\\tpr_payment_voucher.hbs","templatePath":"C:\\Projcet TPR\\report-server\\templates\\tpr_payment_voucher.hbs"}
{"ts":"2026-05-24T15:35:16.299Z","level":"INFO","title":"TEMPLATE","message":"compile templates\\tpr_receipt_voucher.hbs","templatePath":"C:\\Projcet TPR\\report-server\\templates\\tpr_receipt_voucher.hbs"}
{"ts":"2026-05-24T15:35:16.299Z","level":"INFO","title":"TEMPLATE","message":"compile templates\\tpr_petty_cash_voucher.hbs","templatePath":"C:\\Projcet TPR\\report-server\\templates\\tpr_petty_cash_voucher.hbs"}
{"ts":"2026-05-24T15:35:16.300Z","level":"INFO","title":"TEMPLATE","message":"compile templates\\tpr_petty_cash_request.hbs","templatePath":"C:\\Projcet TPR\\report-server\\templates\\tpr_petty_cash_request.hbs"}
{"ts":"2026-05-24T15:35:16.301Z","level":"INFO","title":"TEMPLATE","message":"compile templates\\tpr_petty_cash_payment_report.hbs","templatePath":"C:\\Projcet TPR\\report-server\\templates\\tpr_petty_cash_payment_report.hbs"}
{"ts":"2026-05-24T15:35:16.302Z","level":"INFO","title":"TEMPLATE","message":"compile templates\\tpr_receipt_certification.hbs","templatePath":"C:\\Projcet TPR\\report-server\\templates\\tpr_receipt_certification.hbs"}
{"ts":"2026-05-24T15:35:16.302Z","level":"INFO","title":"TEMPLATE","message":"compile templates\\tpr_payroll_slip.hbs","templatePath":"C:\\Projcet TPR\\report-server\\templates\\tpr_payroll_slip.hbs"}
{"ts":"2026-05-24T15:35:16.303Z","level":"WARN","title":"CSS","message":"inline missing: C:\\Projcet TPR\\report-server\\public\\css\\quotation.css (ไม่จำเป็นถ้า CSS อยู่ใน hbs แล้ว)","cssPath":"C:\\Projcet TPR\\report-server\\public\\css\\quotation.css"}
{"ts":"2026-05-24T15:35:16.333Z","level":"OK","title":"READY","message":"PDF server is running","port":4100,"logFile":"C:\\Projcet TPR\\report-server\\logs\\server-2026-05-24.log"}
{"ts":"2026-05-24T15:35:16.333Z","level":"BOOT","message":"PDF server is running","port":4100,"logFile":"C:\\Projcet TPR\\report-server\\logs\\server-2026-05-24.log"}
{"ts":"2026-05-24T15:37:13.579Z","level":"INFO","title":"TEMPLATE","message":"compile templates\\tpr_quotation.hbs","templatePath":"C:\\Projcet TPR\\report-server\\templates\\tpr_quotation.hbs"}
{"ts":"2026-05-24T15:37:13.582Z","level":"INFO","title":"TEMPLATE","message":"compile templates\\tpr_credit_note.hbs","templatePath":"C:\\Projcet TPR\\report-server\\templates\\tpr_credit_note.hbs"}
{"ts":"2026-05-24T15:37:13.584Z","level":"INFO","title":"TEMPLATE","message":"compile templates\\tpr_invoice.hbs","templatePath":"C:\\Projcet TPR\\report-server\\templates\\tpr_invoice.hbs"}
{"ts":"2026-05-24T15:37:13.585Z","level":"INFO","title":"TEMPLATE","message":"compile templates\\tpr_purchase_order.hbs","templatePath":"C:\\Projcet TPR\\report-server\\templates\\tpr_purchase_order.hbs"}
{"ts":"2026-05-24T15:37:13.586Z","level":"INFO","title":"TEMPLATE","message":"compile templates\\tpr_receipt.hbs","templatePath":"C:\\Projcet TPR\\report-server\\templates\\tpr_receipt.hbs"}
{"ts":"2026-05-24T15:37:13.587Z","level":"INFO","title":"TEMPLATE","message":"compile templates\\tpr_tax_receipt.hbs","templatePath":"C:\\Projcet TPR\\report-server\\templates\\tpr_tax_receipt.hbs"}
{"ts":"2026-05-24T15:37:13.590Z","level":"INFO","title":"TEMPLATE","message":"compile templates\\tpr_withholding_tax_certificate.hbs","templatePath":"C:\\Projcet TPR\\report-server\\templates\\tpr_withholding_tax_certificate.hbs"}
{"ts":"2026-05-24T15:37:13.591Z","level":"INFO","title":"TEMPLATE","message":"compile templates\\tpr_payment_voucher.hbs","templatePath":"C:\\Projcet TPR\\report-server\\templates\\tpr_payment_voucher.hbs"}
{"ts":"2026-05-24T15:37:13.593Z","level":"INFO","title":"TEMPLATE","message":"compile templates\\tpr_receipt_voucher.hbs","templatePath":"C:\\Projcet TPR\\report-server\\templates\\tpr_receipt_voucher.hbs"}
{"ts":"2026-05-24T15:37:13.594Z","level":"INFO","title":"TEMPLATE","message":"compile templates\\tpr_petty_cash_voucher.hbs","templatePath":"C:\\Projcet TPR\\report-server\\templates\\tpr_petty_cash_voucher.hbs"}
{"ts":"2026-05-24T15:37:13.595Z","level":"INFO","title":"TEMPLATE","message":"compile templates\\tpr_petty_cash_request.hbs","templatePath":"C:\\Projcet TPR\\report-server\\templates\\tpr_petty_cash_request.hbs"}
{"ts":"2026-05-24T15:37:13.596Z","level":"INFO","title":"TEMPLATE","message":"compile templates\\tpr_petty_cash_payment_report.hbs","templatePath":"C:\\Projcet TPR\\report-server\\templates\\tpr_petty_cash_payment_report.hbs"}
{"ts":"2026-05-24T15:37:13.596Z","level":"INFO","title":"TEMPLATE","message":"compile templates\\tpr_receipt_certification.hbs","templatePath":"C:\\Projcet TPR\\report-server\\templates\\tpr_receipt_certification.hbs"}
{"ts":"2026-05-24T15:37:13.597Z","level":"INFO","title":"TEMPLATE","message":"compile templates\\tpr_payroll_slip.hbs","templatePath":"C:\\Projcet TPR\\report-server\\templates\\tpr_payroll_slip.hbs"}
{"ts":"2026-05-24T15:37:13.598Z","level":"WARN","title":"CSS","message":"inline missing: C:\\Projcet TPR\\report-server\\public\\css\\quotation.css (ไม่จำเป็นถ้า CSS อยู่ใน hbs แล้ว)","cssPath":"C:\\Projcet TPR\\report-server\\public\\css\\quotation.css"}
{"ts":"2026-05-24T15:37:13.624Z","level":"OK","title":"READY","message":"PDF server is running","port":4100,"logFile":"C:\\Projcet TPR\\report-server\\logs\\server-2026-05-24.log"}
{"ts":"2026-05-24T15:37:13.624Z","level":"BOOT","message":"PDF server is running","port":4100,"logFile":"C:\\Projcet TPR\\report-server\\logs\\server-2026-05-24.log"}
{"ts":"2026-05-24T15:37:22.755Z","level":"STEP","reqId":"MPJXY2IR-HHJEDV","route":"INVOICE","stage":"START","detail":"OPTIONS /tpr-invoice/pdf","method":"OPTIONS","url":"/tpr-invoice/pdf"}
{"ts":"2026-05-24T15:37:22.756Z","level":"REQUEST_START","reqId":"MPJXY2IR-HHJEDV","route":"INVOICE","method":"OPTIONS","url":"/tpr-invoice/pdf","ip":"::1","origin":"http://localhost:5174","ua":"Mozilla/5.0 (Windows NT 10.0; Win64; x64) AppleWebKit/537.36 (KHTML, like Gecko) Chrome/148.0.0.0 Safari/537.36","payloadBytes":2}
{"ts":"2026-05-24T15:37:22.757Z","level":"REQUEST_DONE","reqId":"MPJXY2IR-HHJEDV","route":"INVOICE","method":"OPTIONS","url":"/tpr-invoice/pdf","status":204,"durationMs":2,"responseSize":"0 B"}
{"ts":"2026-05-24T15:37:22.759Z","level":"STEP","reqId":"MPJXY2IU-1LZBUK","route":"INVOICE","stage":"START","detail":"POST /tpr-invoice/pdf","method":"POST","url":"/tpr-invoice/pdf"}
{"ts":"2026-05-24T15:37:22.759Z","level":"REQUEST_START","reqId":"MPJXY2IU-1LZBUK","route":"INVOICE","method":"POST","url":"/tpr-invoice/pdf","ip":"::1","origin":"http://localhost:5174","ua":"Mozilla/5.0 (Windows NT 10.0; Win64; x64) AppleWebKit/537.36 (KHTML, like Gecko) Chrome/148.0.0.0 Safari/537.36","payloadBytes":2}
{"ts":"2026-05-24T15:37:22.760Z","level":"STEP","reqId":"MPJXY2IU-1LZBUK","route":"INVOICE","stage":"ROUTE","detail":"pdf mode","method":"POST","url":"/tpr-invoice/pdf"}
{"ts":"2026-05-24T15:37:22.761Z","level":"STEP","reqId":"MPJXY2IU-1LZBUK","route":"INVOICE","stage":"NORMALIZE","detail":"payload 1.41 KB","method":"POST","url":"/tpr-invoice/pdf"}
{"ts":"2026-05-24T15:37:22.762Z","level":"STEP","reqId":"MPJXY2IU-1LZBUK","route":"INVOICE","stage":"TEMPLATE","detail":"render html before pdf","method":"POST","url":"/tpr-invoice/pdf"}
{"ts":"2026-05-24T15:37:22.763Z","level":"INFO","title":"PUPPETEER","message":"reuse existing browser instance"}
{"ts":"2026-05-24T15:37:22.808Z","level":"STEP","reqId":"MPJXY2IU-1LZBUK","route":"INVOICE","stage":"PDF:PAGE_OPEN","detail":"create new page","method":"POST","url":"/tpr-invoice/pdf"}
{"ts":"2026-05-24T15:37:22.813Z","level":"STEP","reqId":"MPJXY2IU-1LZBUK","route":"INVOICE","stage":"PDF:SET_CONTENT","detail":"html size 9.60 KB","method":"POST","url":"/tpr-invoice/pdf"}
{"ts":"2026-05-24T15:37:24.393Z","level":"STEP","reqId":"MPJXY2IU-1LZBUK","route":"INVOICE","stage":"PDF:FONTS_READY","detail":"waiting document.fonts.ready","method":"POST","url":"/tpr-invoice/pdf"}
{"ts":"2026-05-24T15:37:24.397Z","level":"STEP","reqId":"MPJXY2IU-1LZBUK","route":"INVOICE","stage":"PDF:RENDER","detail":"format=A4 media=screen landscape=false","method":"POST","url":"/tpr-invoice/pdf"}
{"ts":"2026-05-24T15:37:24.587Z","level":"STEP","reqId":"MPJXY2IU-1LZBUK","route":"INVOICE","stage":"PDF:BUFFER_READY","detail":"pdf size 203 KB","method":"POST","url":"/tpr-invoice/pdf"}
{"ts":"2026-05-24T15:37:24.587Z","level":"STEP","reqId":"MPJXY2IU-1LZBUK","route":"INVOICE","stage":"PDF:PAGE_CLOSE","detail":"close page","method":"POST","url":"/tpr-invoice/pdf"}
{"ts":"2026-05-24T15:37:24.602Z","level":"STEP","reqId":"MPJXY2IU-1LZBUK","route":"INVOICE","stage":"RESPOND_PDF","detail":"filename=tpr_invoice.pdf","method":"POST","url":"/tpr-invoice/pdf"}
{"ts":"2026-05-24T15:37:24.603Z","level":"PDF_RESPONSE","reqId":"MPJXY2IU-1LZBUK","route":"INVOICE","method":"POST","url":"/tpr-invoice/pdf","filename":"tpr_invoice.pdf","pdfBytes":208166}
{"ts":"2026-05-24T15:37:24.605Z","level":"REQUEST_DONE","reqId":"MPJXY2IU-1LZBUK","route":"INVOICE","method":"POST","url":"/tpr-invoice/pdf","status":200,"durationMs":1847,"responseSize":"203 KB"}
{"ts":"2026-05-24T15:46:16.208Z","level":"INFO","title":"TEMPLATE","message":"compile templates\\tpr_quotation.hbs","templatePath":"C:\\Projcet TPR\\report-server\\templates\\tpr_quotation.hbs"}
{"ts":"2026-05-24T15:46:16.210Z","level":"INFO","title":"TEMPLATE","message":"compile templates\\tpr_credit_note.hbs","templatePath":"C:\\Projcet TPR\\report-server\\templates\\tpr_credit_note.hbs"}
{"ts":"2026-05-24T15:46:16.211Z","level":"INFO","title":"TEMPLATE","message":"compile templates\\tpr_invoice.hbs","templatePath":"C:\\Projcet TPR\\report-server\\templates\\tpr_invoice.hbs"}
{"ts":"2026-05-24T15:46:16.212Z","level":"INFO","title":"TEMPLATE","message":"compile templates\\tpr_purchase_order.hbs","templatePath":"C:\\Projcet TPR\\report-server\\templates\\tpr_purchase_order.hbs"}
{"ts":"2026-05-24T15:46:16.212Z","level":"INFO","title":"TEMPLATE","message":"compile templates\\tpr_receipt.hbs","templatePath":"C:\\Projcet TPR\\report-server\\templates\\tpr_receipt.hbs"}
{"ts":"2026-05-24T15:46:16.213Z","level":"INFO","title":"TEMPLATE","message":"compile templates\\tpr_tax_receipt.hbs","templatePath":"C:\\Projcet TPR\\report-server\\templates\\tpr_tax_receipt.hbs"}
{"ts":"2026-05-24T15:46:16.214Z","level":"INFO","title":"TEMPLATE","message":"compile templates\\tpr_withholding_tax_certificate.hbs","templatePath":"C:\\Projcet TPR\\report-server\\templates\\tpr_withholding_tax_certificate.hbs"}
{"ts":"2026-05-24T15:46:16.216Z","level":"INFO","title":"TEMPLATE","message":"compile templates\\tpr_payment_voucher.hbs","templatePath":"C:\\Projcet TPR\\report-server\\templates\\tpr_payment_voucher.hbs"}
{"ts":"2026-05-24T15:46:16.216Z","level":"INFO","title":"TEMPLATE","message":"compile templates\\tpr_receipt_voucher.hbs","templatePath":"C:\\Projcet TPR\\report-server\\templates\\tpr_receipt_voucher.hbs"}
{"ts":"2026-05-24T15:46:16.217Z","level":"INFO","title":"TEMPLATE","message":"compile templates\\tpr_petty_cash_voucher.hbs","templatePath":"C:\\Projcet TPR\\report-server\\templates\\tpr_petty_cash_voucher.hbs"}
{"ts":"2026-05-24T15:46:16.218Z","level":"INFO","title":"TEMPLATE","message":"compile templates\\tpr_petty_cash_request.hbs","templatePath":"C:\\Projcet TPR\\report-server\\templates\\tpr_petty_cash_request.hbs"}
{"ts":"2026-05-24T15:46:16.218Z","level":"INFO","title":"TEMPLATE","message":"compile templates\\tpr_petty_cash_payment_report.hbs","templatePath":"C:\\Projcet TPR\\report-server\\templates\\tpr_petty_cash_payment_report.hbs"}
{"ts":"2026-05-24T15:46:16.219Z","level":"INFO","title":"TEMPLATE","message":"compile templates\\tpr_receipt_certification.hbs","templatePath":"C:\\Projcet TPR\\report-server\\templates\\tpr_receipt_certification.hbs"}
{"ts":"2026-05-24T15:46:16.219Z","level":"INFO","title":"TEMPLATE","message":"compile templates\\tpr_payroll_slip.hbs","templatePath":"C:\\Projcet TPR\\report-server\\templates\\tpr_payroll_slip.hbs"}
{"ts":"2026-05-24T15:46:16.220Z","level":"WARN","title":"CSS","message":"inline missing: C:\\Projcet TPR\\report-server\\public\\css\\quotation.css (ไม่จำเป็นถ้า CSS อยู่ใน hbs แล้ว)","cssPath":"C:\\Projcet TPR\\report-server\\public\\css\\quotation.css"}
{"ts":"2026-05-24T15:46:16.241Z","level":"OK","title":"READY","message":"PDF server is running","port":4100,"logFile":"C:\\Projcet TPR\\report-server\\logs\\server-2026-05-24.log"}
{"ts":"2026-05-24T15:46:16.242Z","level":"BOOT","message":"PDF server is running","port":4100,"logFile":"C:\\Projcet TPR\\report-server\\logs\\server-2026-05-24.log"}
{"ts":"2026-05-24T15:46:19.042Z","level":"STEP","reqId":"MPJY9KBM-1GBC62","route":"INVOICE","stage":"START","detail":"OPTIONS /tpr-invoice/pdf","method":"OPTIONS","url":"/tpr-invoice/pdf"}
{"ts":"2026-05-24T15:46:19.043Z","level":"REQUEST_START","reqId":"MPJY9KBM-1GBC62","route":"INVOICE","method":"OPTIONS","url":"/tpr-invoice/pdf","ip":"::1","origin":"http://localhost:5174","ua":"Mozilla/5.0 (Windows NT 10.0; Win64; x64) AppleWebKit/537.36 (KHTML, like Gecko) Chrome/148.0.0.0 Safari/537.36","payloadBytes":2}
{"ts":"2026-05-24T15:46:19.044Z","level":"REQUEST_DONE","reqId":"MPJY9KBM-1GBC62","route":"INVOICE","method":"OPTIONS","url":"/tpr-invoice/pdf","status":204,"durationMs":2,"responseSize":"0 B"}
{"ts":"2026-05-24T15:46:19.045Z","level":"STEP","reqId":"MPJY9KBP-NNC8CY","route":"INVOICE","stage":"START","detail":"POST /tpr-invoice/pdf","method":"POST","url":"/tpr-invoice/pdf"}
{"ts":"2026-05-24T15:46:19.045Z","level":"REQUEST_START","reqId":"MPJY9KBP-NNC8CY","route":"INVOICE","method":"POST","url":"/tpr-invoice/pdf","ip":"::1","origin":"http://localhost:5174","ua":"Mozilla/5.0 (Windows NT 10.0; Win64; x64) AppleWebKit/537.36 (KHTML, like Gecko) Chrome/148.0.0.0 Safari/537.36","payloadBytes":2}
{"ts":"2026-05-24T15:46:19.046Z","level":"STEP","reqId":"MPJY9KBP-NNC8CY","route":"INVOICE","stage":"ROUTE","detail":"pdf mode","method":"POST","url":"/tpr-invoice/pdf"}
{"ts":"2026-05-24T15:46:19.046Z","level":"STEP","reqId":"MPJY9KBP-NNC8CY","route":"INVOICE","stage":"NORMALIZE","detail":"payload 1.41 KB","method":"POST","url":"/tpr-invoice/pdf"}
{"ts":"2026-05-24T15:46:19.047Z","level":"STEP","reqId":"MPJY9KBP-NNC8CY","route":"INVOICE","stage":"TEMPLATE","detail":"render html before pdf","method":"POST","url":"/tpr-invoice/pdf"}
{"ts":"2026-05-24T15:46:19.048Z","level":"INFO","title":"PUPPETEER","message":"reuse existing browser instance"}
{"ts":"2026-05-24T15:46:19.089Z","level":"STEP","reqId":"MPJY9KBP-NNC8CY","route":"INVOICE","stage":"PDF:PAGE_OPEN","detail":"create new page","method":"POST","url":"/tpr-invoice/pdf"}
{"ts":"2026-05-24T15:46:19.092Z","level":"STEP","reqId":"MPJY9KBP-NNC8CY","route":"INVOICE","stage":"PDF:SET_CONTENT","detail":"html size 9.60 KB","method":"POST","url":"/tpr-invoice/pdf"}
{"ts":"2026-05-24T15:46:21.807Z","level":"STEP","reqId":"MPJY9KBP-NNC8CY","route":"INVOICE","stage":"PDF:FONTS_READY","detail":"waiting document.fonts.ready","method":"POST","url":"/tpr-invoice/pdf"}
{"ts":"2026-05-24T15:46:21.809Z","level":"STEP","reqId":"MPJY9KBP-NNC8CY","route":"INVOICE","stage":"PDF:RENDER","detail":"format=A4 media=screen landscape=false","method":"POST","url":"/tpr-invoice/pdf"}
{"ts":"2026-05-24T15:46:21.976Z","level":"STEP","reqId":"MPJY9KBP-NNC8CY","route":"INVOICE","stage":"PDF:BUFFER_READY","detail":"pdf size 203 KB","method":"POST","url":"/tpr-invoice/pdf"}
{"ts":"2026-05-24T15:46:21.977Z","level":"STEP","reqId":"MPJY9KBP-NNC8CY","route":"INVOICE","stage":"PDF:PAGE_CLOSE","detail":"close page","method":"POST","url":"/tpr-invoice/pdf"}
{"ts":"2026-05-24T15:46:21.987Z","level":"STEP","reqId":"MPJY9KBP-NNC8CY","route":"INVOICE","stage":"RESPOND_PDF","detail":"filename=tpr_invoice.pdf","method":"POST","url":"/tpr-invoice/pdf"}
{"ts":"2026-05-24T15:46:21.988Z","level":"PDF_RESPONSE","reqId":"MPJY9KBP-NNC8CY","route":"INVOICE","method":"POST","url":"/tpr-invoice/pdf","filename":"tpr_invoice.pdf","pdfBytes":208166}
{"ts":"2026-05-24T15:46:21.989Z","level":"REQUEST_DONE","reqId":"MPJY9KBP-NNC8CY","route":"INVOICE","method":"POST","url":"/tpr-invoice/pdf","status":200,"durationMs":2944,"responseSize":"203 KB"}
{"ts":"2026-05-24T15:48:53.862Z","level":"STEP","reqId":"MPJYCVS6-TIU12C","route":"RECEIPT","stage":"START","detail":"OPTIONS /tpr-receipt/pdf","method":"OPTIONS","url":"/tpr-receipt/pdf"}
{"ts":"2026-05-24T15:48:53.862Z","level":"REQUEST_START","reqId":"MPJYCVS6-TIU12C","route":"RECEIPT","method":"OPTIONS","url":"/tpr-receipt/pdf","ip":"::1","origin":"http://localhost:5174","ua":"Mozilla/5.0 (Windows NT 10.0; Win64; x64) AppleWebKit/537.36 (KHTML, like Gecko) Chrome/148.0.0.0 Safari/537.36","payloadBytes":2}
{"ts":"2026-05-24T15:48:53.863Z","level":"REQUEST_DONE","reqId":"MPJYCVS6-TIU12C","route":"RECEIPT","method":"OPTIONS","url":"/tpr-receipt/pdf","status":204,"durationMs":1,"responseSize":"0 B"}
{"ts":"2026-05-24T15:48:53.865Z","level":"STEP","reqId":"MPJYCVS8-7L1ZSI","route":"RECEIPT","stage":"START","detail":"POST /tpr-receipt/pdf","method":"POST","url":"/tpr-receipt/pdf"}
{"ts":"2026-05-24T15:48:53.865Z","level":"REQUEST_START","reqId":"MPJYCVS8-7L1ZSI","route":"RECEIPT","method":"POST","url":"/tpr-receipt/pdf","ip":"::1","origin":"http://localhost:5174","ua":"Mozilla/5.0 (Windows NT 10.0; Win64; x64) AppleWebKit/537.36 (KHTML, like Gecko) Chrome/148.0.0.0 Safari/537.36","payloadBytes":2}
{"ts":"2026-05-24T15:48:53.866Z","level":"STEP","reqId":"MPJYCVS8-7L1ZSI","route":"RECEIPT","stage":"ROUTE","detail":"pdf mode","method":"POST","url":"/tpr-receipt/pdf"}
{"ts":"2026-05-24T15:48:53.867Z","level":"STEP","reqId":"MPJYCVS8-7L1ZSI","route":"RECEIPT","stage":"NORMALIZE","detail":"payload 1.07 KB","method":"POST","url":"/tpr-receipt/pdf"}
{"ts":"2026-05-24T15:48:53.868Z","level":"STEP","reqId":"MPJYCVS8-7L1ZSI","route":"RECEIPT","stage":"TEMPLATE","detail":"render html before pdf","method":"POST","url":"/tpr-receipt/pdf"}
{"ts":"2026-05-24T15:48:53.879Z","level":"INFO","title":"PUPPETEER","message":"reuse existing browser instance"}
{"ts":"2026-05-24T15:48:53.920Z","level":"STEP","reqId":"MPJYCVS8-7L1ZSI","route":"RECEIPT","stage":"PDF:PAGE_OPEN","detail":"create new page","method":"POST","url":"/tpr-receipt/pdf"}
{"ts":"2026-05-24T15:48:53.924Z","level":"STEP","reqId":"MPJYCVS8-7L1ZSI","route":"RECEIPT","stage":"PDF:SET_CONTENT","detail":"html size 10.0 KB","method":"POST","url":"/tpr-receipt/pdf"}
{"ts":"2026-05-24T15:48:55.467Z","level":"STEP","reqId":"MPJYCVS8-7L1ZSI","route":"RECEIPT","stage":"PDF:FONTS_READY","detail":"waiting document.fonts.ready","method":"POST","url":"/tpr-receipt/pdf"}
{"ts":"2026-05-24T15:48:55.468Z","level":"STEP","reqId":"MPJYCVS8-7L1ZSI","route":"RECEIPT","stage":"PDF:RENDER","detail":"format=A4 media=screen landscape=false","method":"POST","url":"/tpr-receipt/pdf"}
{"ts":"2026-05-24T15:48:55.643Z","level":"STEP","reqId":"MPJYCVS8-7L1ZSI","route":"RECEIPT","stage":"PDF:BUFFER_READY","detail":"pdf size 204 KB","method":"POST","url":"/tpr-receipt/pdf"}
{"ts":"2026-05-24T15:48:55.643Z","level":"STEP","reqId":"MPJYCVS8-7L1ZSI","route":"RECEIPT","stage":"PDF:PAGE_CLOSE","detail":"close page","method":"POST","url":"/tpr-receipt/pdf"}
{"ts":"2026-05-24T15:48:55.653Z","level":"STEP","reqId":"MPJYCVS8-7L1ZSI","route":"RECEIPT","stage":"RESPOND_PDF","detail":"filename=tpr_receipt.pdf","method":"POST","url":"/tpr-receipt/pdf"}
{"ts":"2026-05-24T15:48:55.653Z","level":"PDF_RESPONSE","reqId":"MPJYCVS8-7L1ZSI","route":"RECEIPT","method":"POST","url":"/tpr-receipt/pdf","filename":"tpr_receipt.pdf","pdfBytes":208590}
{"ts":"2026-05-24T15:48:55.655Z","level":"REQUEST_DONE","reqId":"MPJYCVS8-7L1ZSI","route":"RECEIPT","method":"POST","url":"/tpr-receipt/pdf","status":200,"durationMs":1791,"responseSize":"204 KB"}
{"ts":"2026-05-24T15:49:04.291Z","level":"STEP","reqId":"MPJYD3TV-SLS1OZ","route":"RECEIPT","stage":"START","detail":"OPTIONS /tpr-receipt/pdf","method":"OPTIONS","url":"/tpr-receipt/pdf"}
{"ts":"2026-05-24T15:49:04.292Z","level":"REQUEST_START","reqId":"MPJYD3TV-SLS1OZ","route":"RECEIPT","method":"OPTIONS","url":"/tpr-receipt/pdf","ip":"::1","origin":"http://localhost:5174","ua":"Mozilla/5.0 (Windows NT 10.0; Win64; x64) AppleWebKit/537.36 (KHTML, like Gecko) Chrome/148.0.0.0 Safari/537.36","payloadBytes":2}
{"ts":"2026-05-24T15:49:04.293Z","level":"REQUEST_DONE","reqId":"MPJYD3TV-SLS1OZ","route":"RECEIPT","method":"OPTIONS","url":"/tpr-receipt/pdf","status":204,"durationMs":2,"responseSize":"0 B"}
{"ts":"2026-05-24T15:49:04.294Z","level":"STEP","reqId":"MPJYD3TY-EDF2G0","route":"RECEIPT","stage":"START","detail":"POST /tpr-receipt/pdf","method":"POST","url":"/tpr-receipt/pdf"}
{"ts":"2026-05-24T15:49:04.295Z","level":"REQUEST_START","reqId":"MPJYD3TY-EDF2G0","route":"RECEIPT","method":"POST","url":"/tpr-receipt/pdf","ip":"::1","origin":"http://localhost:5174","ua":"Mozilla/5.0 (Windows NT 10.0; Win64; x64) AppleWebKit/537.36 (KHTML, like Gecko) Chrome/148.0.0.0 Safari/537.36","payloadBytes":2}
{"ts":"2026-05-24T15:49:04.295Z","level":"STEP","reqId":"MPJYD3TY-EDF2G0","route":"RECEIPT","stage":"ROUTE","detail":"pdf mode","method":"POST","url":"/tpr-receipt/pdf"}
{"ts":"2026-05-24T15:49:04.296Z","level":"STEP","reqId":"MPJYD3TY-EDF2G0","route":"RECEIPT","stage":"NORMALIZE","detail":"payload 1.07 KB","method":"POST","url":"/tpr-receipt/pdf"}
{"ts":"2026-05-24T15:49:04.296Z","level":"STEP","reqId":"MPJYD3TY-EDF2G0","route":"RECEIPT","stage":"TEMPLATE","detail":"render html before pdf","method":"POST","url":"/tpr-receipt/pdf"}
{"ts":"2026-05-24T15:49:04.297Z","level":"INFO","title":"PUPPETEER","message":"reuse existing browser instance"}
{"ts":"2026-05-24T15:49:04.333Z","level":"STEP","reqId":"MPJYD3TY-EDF2G0","route":"RECEIPT","stage":"PDF:PAGE_OPEN","detail":"create new page","method":"POST","url":"/tpr-receipt/pdf"}
{"ts":"2026-05-24T15:49:04.337Z","level":"STEP","reqId":"MPJYD3TY-EDF2G0","route":"RECEIPT","stage":"PDF:SET_CONTENT","detail":"html size 10.0 KB","method":"POST","url":"/tpr-receipt/pdf"}
{"ts":"2026-05-24T15:49:05.668Z","level":"STEP","reqId":"MPJYD3TY-EDF2G0","route":"RECEIPT","stage":"PDF:FONTS_READY","detail":"waiting document.fonts.ready","method":"POST","url":"/tpr-receipt/pdf"}
{"ts":"2026-05-24T15:49:05.670Z","level":"STEP","reqId":"MPJYD3TY-EDF2G0","route":"RECEIPT","stage":"PDF:RENDER","detail":"format=A4 media=screen landscape=false","method":"POST","url":"/tpr-receipt/pdf"}
{"ts":"2026-05-24T15:49:05.833Z","level":"STEP","reqId":"MPJYD3TY-EDF2G0","route":"RECEIPT","stage":"PDF:BUFFER_READY","detail":"pdf size 204 KB","method":"POST","url":"/tpr-receipt/pdf"}
{"ts":"2026-05-24T15:49:05.833Z","level":"STEP","reqId":"MPJYD3TY-EDF2G0","route":"RECEIPT","stage":"PDF:PAGE_CLOSE","detail":"close page","method":"POST","url":"/tpr-receipt/pdf"}
{"ts":"2026-05-24T15:49:05.845Z","level":"STEP","reqId":"MPJYD3TY-EDF2G0","route":"RECEIPT","stage":"RESPOND_PDF","detail":"filename=tpr_receipt.pdf","method":"POST","url":"/tpr-receipt/pdf"}
{"ts":"2026-05-24T15:49:05.845Z","level":"PDF_RESPONSE","reqId":"MPJYD3TY-EDF2G0","route":"RECEIPT","method":"POST","url":"/tpr-receipt/pdf","filename":"tpr_receipt.pdf","pdfBytes":208590}
{"ts":"2026-05-24T15:49:05.847Z","level":"REQUEST_DONE","reqId":"MPJYD3TY-EDF2G0","route":"RECEIPT","method":"POST","url":"/tpr-receipt/pdf","status":200,"durationMs":1553,"responseSize":"204 KB"}
{"ts":"2026-05-24T15:49:37.431Z","level":"STEP","reqId":"MPJYDTEE-C0F22L","route":"RECEIPT","stage":"START","detail":"OPTIONS /tpr-receipt/pdf","method":"OPTIONS","url":"/tpr-receipt/pdf"}
{"ts":"2026-05-24T15:49:37.431Z","level":"REQUEST_START","reqId":"MPJYDTEE-C0F22L","route":"RECEIPT","method":"OPTIONS","url":"/tpr-receipt/pdf","ip":"::1","origin":"http://localhost:5174","ua":"Mozilla/5.0 (Windows NT 10.0; Win64; x64) AppleWebKit/537.36 (KHTML, like Gecko) Chrome/148.0.0.0 Safari/537.36","payloadBytes":2}
{"ts":"2026-05-24T15:49:37.433Z","level":"REQUEST_DONE","reqId":"MPJYDTEE-C0F22L","route":"RECEIPT","method":"OPTIONS","url":"/tpr-receipt/pdf","status":204,"durationMs":2,"responseSize":"0 B"}
{"ts":"2026-05-24T15:49:37.434Z","level":"STEP","reqId":"MPJYDTEI-0ZC5HU","route":"RECEIPT","stage":"START","detail":"POST /tpr-receipt/pdf","method":"POST","url":"/tpr-receipt/pdf"}
{"ts":"2026-05-24T15:49:37.435Z","level":"REQUEST_START","reqId":"MPJYDTEI-0ZC5HU","route":"RECEIPT","method":"POST","url":"/tpr-receipt/pdf","ip":"::1","origin":"http://localhost:5174","ua":"Mozilla/5.0 (Windows NT 10.0; Win64; x64) AppleWebKit/537.36 (KHTML, like Gecko) Chrome/148.0.0.0 Safari/537.36","payloadBytes":2}
{"ts":"2026-05-24T15:49:37.435Z","level":"STEP","reqId":"MPJYDTEI-0ZC5HU","route":"RECEIPT","stage":"ROUTE","detail":"pdf mode","method":"POST","url":"/tpr-receipt/pdf"}
{"ts":"2026-05-24T15:49:37.436Z","level":"STEP","reqId":"MPJYDTEI-0ZC5HU","route":"RECEIPT","stage":"NORMALIZE","detail":"payload 1.07 KB","method":"POST","url":"/tpr-receipt/pdf"}
{"ts":"2026-05-24T15:49:37.436Z","level":"STEP","reqId":"MPJYDTEI-0ZC5HU","route":"RECEIPT","stage":"TEMPLATE","detail":"render html before pdf","method":"POST","url":"/tpr-receipt/pdf"}
{"ts":"2026-05-24T15:49:37.437Z","level":"INFO","title":"PUPPETEER","message":"reuse existing browser instance"}
{"ts":"2026-05-24T15:49:37.476Z","level":"STEP","reqId":"MPJYDTEI-0ZC5HU","route":"RECEIPT","stage":"PDF:PAGE_OPEN","detail":"create new page","method":"POST","url":"/tpr-receipt/pdf"}
{"ts":"2026-05-24T15:49:37.480Z","level":"STEP","reqId":"MPJYDTEI-0ZC5HU","route":"RECEIPT","stage":"PDF:SET_CONTENT","detail":"html size 10.0 KB","method":"POST","url":"/tpr-receipt/pdf"}
{"ts":"2026-05-24T15:49:44.001Z","level":"STEP","reqId":"MPJYDTEI-0ZC5HU","route":"RECEIPT","stage":"PDF:FONTS_READY","detail":"waiting document.fonts.ready","method":"POST","url":"/tpr-receipt/pdf"}
{"ts":"2026-05-24T15:49:44.003Z","level":"STEP","reqId":"MPJYDTEI-0ZC5HU","route":"RECEIPT","stage":"PDF:RENDER","detail":"format=A4 media=screen landscape=false","method":"POST","url":"/tpr-receipt/pdf"}
{"ts":"2026-05-24T15:49:44.167Z","level":"STEP","reqId":"MPJYDTEI-0ZC5HU","route":"RECEIPT","stage":"PDF:BUFFER_READY","detail":"pdf size 204 KB","method":"POST","url":"/tpr-receipt/pdf"}
{"ts":"2026-05-24T15:49:44.167Z","level":"STEP","reqId":"MPJYDTEI-0ZC5HU","route":"RECEIPT","stage":"PDF:PAGE_CLOSE","detail":"close page","method":"POST","url":"/tpr-receipt/pdf"}
{"ts":"2026-05-24T15:49:44.176Z","level":"STEP","reqId":"MPJYDTEI-0ZC5HU","route":"RECEIPT","stage":"RESPOND_PDF","detail":"filename=tpr_receipt.pdf","method":"POST","url":"/tpr-receipt/pdf"}
{"ts":"2026-05-24T15:49:44.176Z","level":"PDF_RESPONSE","reqId":"MPJYDTEI-0ZC5HU","route":"RECEIPT","method":"POST","url":"/tpr-receipt/pdf","filename":"tpr_receipt.pdf","pdfBytes":208590}
{"ts":"2026-05-24T15:49:44.177Z","level":"REQUEST_DONE","reqId":"MPJYDTEI-0ZC5HU","route":"RECEIPT","method":"POST","url":"/tpr-receipt/pdf","status":200,"durationMs":6743,"responseSize":"204 KB"}
{"ts":"2026-05-24T15:50:27.150Z","level":"INFO","title":"TEMPLATE","message":"compile templates\\tpr_quotation.hbs","templatePath":"C:\\Projcet TPR\\report-server\\templates\\tpr_quotation.hbs"}
{"ts":"2026-05-24T15:50:27.152Z","level":"INFO","title":"TEMPLATE","message":"compile templates\\tpr_credit_note.hbs","templatePath":"C:\\Projcet TPR\\report-server\\templates\\tpr_credit_note.hbs"}
{"ts":"2026-05-24T15:50:27.152Z","level":"INFO","title":"TEMPLATE","message":"compile templates\\tpr_invoice.hbs","templatePath":"C:\\Projcet TPR\\report-server\\templates\\tpr_invoice.hbs"}
{"ts":"2026-05-24T15:50:27.153Z","level":"INFO","title":"TEMPLATE","message":"compile templates\\tpr_purchase_order.hbs","templatePath":"C:\\Projcet TPR\\report-server\\templates\\tpr_purchase_order.hbs"}
{"ts":"2026-05-24T15:50:27.153Z","level":"INFO","title":"TEMPLATE","message":"compile templates\\tpr_receipt.hbs","templatePath":"C:\\Projcet TPR\\report-server\\templates\\tpr_receipt.hbs"}
{"ts":"2026-05-24T15:50:27.154Z","level":"INFO","title":"TEMPLATE","message":"compile templates\\tpr_tax_receipt.hbs","templatePath":"C:\\Projcet TPR\\report-server\\templates\\tpr_tax_receipt.hbs"}
{"ts":"2026-05-24T15:50:27.155Z","level":"INFO","title":"TEMPLATE","message":"compile templates\\tpr_withholding_tax_certificate.hbs","templatePath":"C:\\Projcet TPR\\report-server\\templates\\tpr_withholding_tax_certificate.hbs"}
{"ts":"2026-05-24T15:50:27.156Z","level":"INFO","title":"TEMPLATE","message":"compile templates\\tpr_payment_voucher.hbs","templatePath":"C:\\Projcet TPR\\report-server\\templates\\tpr_payment_voucher.hbs"}
{"ts":"2026-05-24T15:50:27.157Z","level":"INFO","title":"TEMPLATE","message":"compile templates\\tpr_receipt_voucher.hbs","templatePath":"C:\\Projcet TPR\\report-server\\templates\\tpr_receipt_voucher.hbs"}
{"ts":"2026-05-24T15:50:27.158Z","level":"INFO","title":"TEMPLATE","message":"compile templates\\tpr_petty_cash_voucher.hbs","templatePath":"C:\\Projcet TPR\\report-server\\templates\\tpr_petty_cash_voucher.hbs"}
{"ts":"2026-05-24T15:50:27.158Z","level":"INFO","title":"TEMPLATE","message":"compile templates\\tpr_petty_cash_request.hbs","templatePath":"C:\\Projcet TPR\\report-server\\templates\\tpr_petty_cash_request.hbs"}
{"ts":"2026-05-24T15:50:27.159Z","level":"INFO","title":"TEMPLATE","message":"compile templates\\tpr_petty_cash_payment_report.hbs","templatePath":"C:\\Projcet TPR\\report-server\\templates\\tpr_petty_cash_payment_report.hbs"}
{"ts":"2026-05-24T15:50:27.159Z","level":"INFO","title":"TEMPLATE","message":"compile templates\\tpr_receipt_certification.hbs","templatePath":"C:\\Projcet TPR\\report-server\\templates\\tpr_receipt_certification.hbs"}
{"ts":"2026-05-24T15:50:27.160Z","level":"INFO","title":"TEMPLATE","message":"compile templates\\tpr_payroll_slip.hbs","templatePath":"C:\\Projcet TPR\\report-server\\templates\\tpr_payroll_slip.hbs"}
{"ts":"2026-05-24T15:50:27.160Z","level":"WARN","title":"CSS","message":"inline missing: C:\\Projcet TPR\\report-server\\public\\css\\quotation.css (ไม่จำเป็นถ้า CSS อยู่ใน hbs แล้ว)","cssPath":"C:\\Projcet TPR\\report-server\\public\\css\\quotation.css"}
{"ts":"2026-05-24T15:50:27.180Z","level":"OK","title":"READY","message":"PDF server is running","port":4100,"logFile":"C:\\Projcet TPR\\report-server\\logs\\server-2026-05-24.log"}
{"ts":"2026-05-24T15:50:27.181Z","level":"BOOT","message":"PDF server is running","port":4100,"logFile":"C:\\Projcet TPR\\report-server\\logs\\server-2026-05-24.log"}
{"ts":"2026-05-24T15:50:33.278Z","level":"STEP","reqId":"MPJYF0HQ-LIQ6ED","route":"INVOICE","stage":"START","detail":"OPTIONS /tpr-invoice/pdf","method":"OPTIONS","url":"/tpr-invoice/pdf"}
{"ts":"2026-05-24T15:50:33.279Z","level":"REQUEST_START","reqId":"MPJYF0HQ-LIQ6ED","route":"INVOICE","method":"OPTIONS","url":"/tpr-invoice/pdf","ip":"::1","origin":"http://localhost:5174","ua":"Mozilla/5.0 (Windows NT 10.0; Win64; x64) AppleWebKit/537.36 (KHTML, like Gecko) Chrome/148.0.0.0 Safari/537.36","payloadBytes":2}
{"ts":"2026-05-24T15:50:33.280Z","level":"REQUEST_DONE","reqId":"MPJYF0HQ-LIQ6ED","route":"INVOICE","method":"OPTIONS","url":"/tpr-invoice/pdf","status":204,"durationMs":1,"responseSize":"0 B"}
{"ts":"2026-05-24T15:50:33.280Z","level":"STEP","reqId":"MPJYF0HS-YCZ57G","route":"INVOICE","stage":"START","detail":"POST /tpr-invoice/pdf","method":"POST","url":"/tpr-invoice/pdf"}
{"ts":"2026-05-24T15:50:33.281Z","level":"REQUEST_START","reqId":"MPJYF0HS-YCZ57G","route":"INVOICE","method":"POST","url":"/tpr-invoice/pdf","ip":"::1","origin":"http://localhost:5174","ua":"Mozilla/5.0 (Windows NT 10.0; Win64; x64) AppleWebKit/537.36 (KHTML, like Gecko) Chrome/148.0.0.0 Safari/537.36","payloadBytes":2}
{"ts":"2026-05-24T15:50:33.282Z","level":"STEP","reqId":"MPJYF0HS-YCZ57G","route":"INVOICE","stage":"ROUTE","detail":"pdf mode","method":"POST","url":"/tpr-invoice/pdf"}
{"ts":"2026-05-24T15:50:33.283Z","level":"STEP","reqId":"MPJYF0HS-YCZ57G","route":"INVOICE","stage":"NORMALIZE","detail":"payload 1.41 KB","method":"POST","url":"/tpr-invoice/pdf"}
{"ts":"2026-05-24T15:50:33.284Z","level":"STEP","reqId":"MPJYF0HS-YCZ57G","route":"INVOICE","stage":"TEMPLATE","detail":"render html before pdf","method":"POST","url":"/tpr-invoice/pdf"}
{"ts":"2026-05-24T15:50:33.285Z","level":"INFO","title":"PUPPETEER","message":"reuse existing browser instance"}
{"ts":"2026-05-24T15:50:33.332Z","level":"STEP","reqId":"MPJYF0HS-YCZ57G","route":"INVOICE","stage":"PDF:PAGE_OPEN","detail":"create new page","method":"POST","url":"/tpr-invoice/pdf"}
{"ts":"2026-05-24T15:50:33.336Z","level":"STEP","reqId":"MPJYF0HS-YCZ57G","route":"INVOICE","stage":"PDF:SET_CONTENT","detail":"html size 9.60 KB","method":"POST","url":"/tpr-invoice/pdf"}
{"ts":"2026-05-24T15:50:34.848Z","level":"STEP","reqId":"MPJYF0HS-YCZ57G","route":"INVOICE","stage":"PDF:FONTS_READY","detail":"waiting document.fonts.ready","method":"POST","url":"/tpr-invoice/pdf"}
{"ts":"2026-05-24T15:50:34.851Z","level":"STEP","reqId":"MPJYF0HS-YCZ57G","route":"INVOICE","stage":"PDF:RENDER","detail":"format=A4 media=screen landscape=false","method":"POST","url":"/tpr-invoice/pdf"}
{"ts":"2026-05-24T15:50:35.021Z","level":"STEP","reqId":"MPJYF0HS-YCZ57G","route":"INVOICE","stage":"PDF:BUFFER_READY","detail":"pdf size 203 KB","method":"POST","url":"/tpr-invoice/pdf"}
{"ts":"2026-05-24T15:50:35.021Z","level":"STEP","reqId":"MPJYF0HS-YCZ57G","route":"INVOICE","stage":"PDF:PAGE_CLOSE","detail":"close page","method":"POST","url":"/tpr-invoice/pdf"}
{"ts":"2026-05-24T15:50:35.034Z","level":"STEP","reqId":"MPJYF0HS-YCZ57G","route":"INVOICE","stage":"RESPOND_PDF","detail":"filename=tpr_invoice.pdf","method":"POST","url":"/tpr-invoice/pdf"}
{"ts":"2026-05-24T15:50:35.034Z","level":"PDF_RESPONSE","reqId":"MPJYF0HS-YCZ57G","route":"INVOICE","method":"POST","url":"/tpr-invoice/pdf","filename":"tpr_invoice.pdf","pdfBytes":208166}
{"ts":"2026-05-24T15:50:35.036Z","level":"REQUEST_DONE","reqId":"MPJYF0HS-YCZ57G","route":"INVOICE","method":"POST","url":"/tpr-invoice/pdf","status":200,"durationMs":1756,"responseSize":"203 KB"}
{"ts":"2026-05-24T15:54:46.667Z","level":"INFO","title":"TEMPLATE","message":"compile templates\\tpr_quotation.hbs","templatePath":"C:\\Projcet TPR\\report-server\\templates\\tpr_quotation.hbs"}
{"ts":"2026-05-24T15:54:46.669Z","level":"INFO","title":"TEMPLATE","message":"compile templates\\tpr_credit_note.hbs","templatePath":"C:\\Projcet TPR\\report-server\\templates\\tpr_credit_note.hbs"}
{"ts":"2026-05-24T15:54:46.670Z","level":"INFO","title":"TEMPLATE","message":"compile templates\\tpr_invoice.hbs","templatePath":"C:\\Projcet TPR\\report-server\\templates\\tpr_invoice.hbs"}
{"ts":"2026-05-24T15:54:46.671Z","level":"INFO","title":"TEMPLATE","message":"compile templates\\tpr_purchase_order.hbs","templatePath":"C:\\Projcet TPR\\report-server\\templates\\tpr_purchase_order.hbs"}
{"ts":"2026-05-24T15:54:46.671Z","level":"INFO","title":"TEMPLATE","message":"compile templates\\tpr_receipt.hbs","templatePath":"C:\\Projcet TPR\\report-server\\templates\\tpr_receipt.hbs"}
{"ts":"2026-05-24T15:54:46.672Z","level":"INFO","title":"TEMPLATE","message":"compile templates\\tpr_tax_receipt.hbs","templatePath":"C:\\Projcet TPR\\report-server\\templates\\tpr_tax_receipt.hbs"}
{"ts":"2026-05-24T15:54:46.673Z","level":"INFO","title":"TEMPLATE","message":"compile templates\\tpr_withholding_tax_certificate.hbs","templatePath":"C:\\Projcet TPR\\report-server\\templates\\tpr_withholding_tax_certificate.hbs"}
{"ts":"2026-05-24T15:54:46.674Z","level":"INFO","title":"TEMPLATE","message":"compile templates\\tpr_payment_voucher.hbs","templatePath":"C:\\Projcet TPR\\report-server\\templates\\tpr_payment_voucher.hbs"}
{"ts":"2026-05-24T15:54:46.674Z","level":"INFO","title":"TEMPLATE","message":"compile templates\\tpr_receipt_voucher.hbs","templatePath":"C:\\Projcet TPR\\report-server\\templates\\tpr_receipt_voucher.hbs"}
{"ts":"2026-05-24T15:54:46.675Z","level":"INFO","title":"TEMPLATE","message":"compile templates\\tpr_petty_cash_voucher.hbs","templatePath":"C:\\Projcet TPR\\report-server\\templates\\tpr_petty_cash_voucher.hbs"}
{"ts":"2026-05-24T15:54:46.675Z","level":"INFO","title":"TEMPLATE","message":"compile templates\\tpr_petty_cash_request.hbs","templatePath":"C:\\Projcet TPR\\report-server\\templates\\tpr_petty_cash_request.hbs"}
{"ts":"2026-05-24T15:54:46.676Z","level":"INFO","title":"TEMPLATE","message":"compile templates\\tpr_petty_cash_payment_report.hbs","templatePath":"C:\\Projcet TPR\\report-server\\templates\\tpr_petty_cash_payment_report.hbs"}
{"ts":"2026-05-24T15:54:46.676Z","level":"INFO","title":"TEMPLATE","message":"compile templates\\tpr_receipt_certification.hbs","templatePath":"C:\\Projcet TPR\\report-server\\templates\\tpr_receipt_certification.hbs"}
{"ts":"2026-05-24T15:54:46.677Z","level":"INFO","title":"TEMPLATE","message":"compile templates\\tpr_payroll_slip.hbs","templatePath":"C:\\Projcet TPR\\report-server\\templates\\tpr_payroll_slip.hbs"}
{"ts":"2026-05-24T15:54:46.677Z","level":"WARN","title":"CSS","message":"inline missing: C:\\Projcet TPR\\report-server\\public\\css\\quotation.css (ไม่จำเป็นถ้า CSS อยู่ใน hbs แล้ว)","cssPath":"C:\\Projcet TPR\\report-server\\public\\css\\quotation.css"}
{"ts":"2026-05-24T15:54:46.702Z","level":"OK","title":"READY","message":"PDF server is running","port":4100,"logFile":"C:\\Projcet TPR\\report-server\\logs\\server-2026-05-24.log"}
{"ts":"2026-05-24T15:54:46.702Z","level":"BOOT","message":"PDF server is running","port":4100,"logFile":"C:\\Projcet TPR\\report-server\\logs\\server-2026-05-24.log"}
{"ts":"2026-05-24T15:55:33.485Z","level":"STEP","reqId":"MPJYLG4T-OPM9QE","route":"QUOTATION","stage":"START","detail":"OPTIONS /tpr-quotation/pdf","method":"OPTIONS","url":"/tpr-quotation/pdf"}
{"ts":"2026-05-24T15:55:33.486Z","level":"REQUEST_START","reqId":"MPJYLG4T-OPM9QE","route":"QUOTATION","method":"OPTIONS","url":"/tpr-quotation/pdf","ip":"::1","origin":"http://localhost:5174","ua":"Mozilla/5.0 (Windows NT 10.0; Win64; x64) AppleWebKit/537.36 (KHTML, like Gecko) Chrome/148.0.0.0 Safari/537.36","payloadBytes":2}
{"ts":"2026-05-24T15:55:33.487Z","level":"REQUEST_DONE","reqId":"MPJYLG4T-OPM9QE","route":"QUOTATION","method":"OPTIONS","url":"/tpr-quotation/pdf","status":204,"durationMs":2,"responseSize":"0 B"}
{"ts":"2026-05-24T15:55:33.488Z","level":"STEP","reqId":"MPJYLG4W-X7CE0F","route":"QUOTATION","stage":"START","detail":"POST /tpr-quotation/pdf","method":"POST","url":"/tpr-quotation/pdf"}
{"ts":"2026-05-24T15:55:33.489Z","level":"REQUEST_START","reqId":"MPJYLG4W-X7CE0F","route":"QUOTATION","method":"POST","url":"/tpr-quotation/pdf","ip":"::1","origin":"http://localhost:5174","ua":"Mozilla/5.0 (Windows NT 10.0; Win64; x64) AppleWebKit/537.36 (KHTML, like Gecko) Chrome/148.0.0.0 Safari/537.36","payloadBytes":2}
{"ts":"2026-05-24T15:55:33.490Z","level":"STEP","reqId":"MPJYLG4W-X7CE0F","route":"QUOTATION","stage":"ROUTE","detail":"pdf mode","method":"POST","url":"/tpr-quotation/pdf"}
{"ts":"2026-05-24T15:55:33.490Z","level":"STEP","reqId":"MPJYLG4W-X7CE0F","route":"QUOTATION","stage":"NORMALIZE","detail":"payload 1.68 KB","method":"POST","url":"/tpr-quotation/pdf"}
{"ts":"2026-05-24T15:55:33.491Z","level":"STEP","reqId":"MPJYLG4W-X7CE0F","route":"QUOTATION","stage":"TEMPLATE","detail":"render html before pdf","method":"POST","url":"/tpr-quotation/pdf"}
{"ts":"2026-05-24T15:55:33.500Z","level":"INFO","title":"PUPPETEER","message":"reuse existing browser instance"}
{"ts":"2026-05-24T15:55:33.540Z","level":"STEP","reqId":"MPJYLG4W-X7CE0F","route":"QUOTATION","stage":"PDF:PAGE_OPEN","detail":"create new page","method":"POST","url":"/tpr-quotation/pdf"}
{"ts":"2026-05-24T15:55:33.545Z","level":"STEP","reqId":"MPJYLG4W-X7CE0F","route":"QUOTATION","stage":"PDF:SET_CONTENT","detail":"html size 9.22 KB","method":"POST","url":"/tpr-quotation/pdf"}
{"ts":"2026-05-24T15:55:35.052Z","level":"STEP","reqId":"MPJYLG4W-X7CE0F","route":"QUOTATION","stage":"PDF:FONTS_READY","detail":"waiting document.fonts.ready","method":"POST","url":"/tpr-quotation/pdf"}
{"ts":"2026-05-24T15:55:35.056Z","level":"STEP","reqId":"MPJYLG4W-X7CE0F","route":"QUOTATION","stage":"PDF:RENDER","detail":"format=A4 media=screen landscape=false","method":"POST","url":"/tpr-quotation/pdf"}
{"ts":"2026-05-24T15:55:35.248Z","level":"STEP","reqId":"MPJYLG4W-X7CE0F","route":"QUOTATION","stage":"PDF:BUFFER_READY","detail":"pdf size 209 KB","method":"POST","url":"/tpr-quotation/pdf"}
{"ts":"2026-05-24T15:55:35.249Z","level":"STEP","reqId":"MPJYLG4W-X7CE0F","route":"QUOTATION","stage":"PDF:PAGE_CLOSE","detail":"close page","method":"POST","url":"/tpr-quotation/pdf"}
{"ts":"2026-05-24T15:55:35.262Z","level":"STEP","reqId":"MPJYLG4W-X7CE0F","route":"QUOTATION","stage":"RESPOND_PDF","detail":"filename=tpr_quotation.pdf","method":"POST","url":"/tpr-quotation/pdf"}
{"ts":"2026-05-24T15:55:35.263Z","level":"PDF_RESPONSE","reqId":"MPJYLG4W-X7CE0F","route":"QUOTATION","method":"POST","url":"/tpr-quotation/pdf","filename":"tpr_quotation.pdf","pdfBytes":214364}
{"ts":"2026-05-24T15:55:35.265Z","level":"REQUEST_DONE","reqId":"MPJYLG4W-X7CE0F","route":"QUOTATION","method":"POST","url":"/tpr-quotation/pdf","status":200,"durationMs":1777,"responseSize":"209 KB"}
{"ts":"2026-05-24T15:58:25.740Z","level":"STEP","reqId":"MPJYP51O-SNU3YY","route":"GENERAL","stage":"START","detail":"GET /","method":"GET","url":"/"}
{"ts":"2026-05-24T15:58:25.741Z","level":"REQUEST_START","reqId":"MPJYP51O-SNU3YY","route":"GENERAL","method":"GET","url":"/","ip":"::1","origin":"http://localhost:5174","ua":"Mozilla/5.0 (Windows NT 10.0; Win64; x64) AppleWebKit/537.36 (KHTML, like Gecko) Chrome/148.0.0.0 Safari/537.36","payloadBytes":2}
{"ts":"2026-05-24T15:58:25.743Z","level":"STEP","reqId":"MPJYP51O-SNU3YY","route":"GENERAL","stage":"NOT_FOUND","detail":"GET /","method":"GET","url":"/"}
{"ts":"2026-05-24T15:58:25.744Z","level":"REQUEST_DONE","reqId":"MPJYP51O-SNU3YY","route":"GENERAL","method":"GET","url":"/","status":404,"durationMs":4,"responseSize":"56.0 B"}
{"ts":"2026-05-24T16:01:30.810Z","level":"STEP","reqId":"MPJYT3UI-LEY09E","route":"INVOICE","stage":"START","detail":"OPTIONS /tpr-invoice/pdf","method":"OPTIONS","url":"/tpr-invoice/pdf"}
{"ts":"2026-05-24T16:01:30.811Z","level":"REQUEST_START","reqId":"MPJYT3UI-LEY09E","route":"INVOICE","method":"OPTIONS","url":"/tpr-invoice/pdf","ip":"::1","origin":"http://localhost:5174","ua":"Mozilla/5.0 (iPhone; CPU iPhone OS 18_5 like Mac OS X) AppleWebKit/605.1.15 (KHTML, like Gecko) Version/18.5 Mobile/15E148 Safari/604.1","payloadBytes":2}
{"ts":"2026-05-24T16:01:30.811Z","level":"REQUEST_DONE","reqId":"MPJYT3UI-LEY09E","route":"INVOICE","method":"OPTIONS","url":"/tpr-invoice/pdf","status":204,"durationMs":1,"responseSize":"0 B"}
{"ts":"2026-05-24T16:01:30.813Z","level":"STEP","reqId":"MPJYT3UL-L2H2MZ","route":"INVOICE","stage":"START","detail":"POST /tpr-invoice/pdf","method":"POST","url":"/tpr-invoice/pdf"}
{"ts":"2026-05-24T16:01:30.813Z","level":"REQUEST_START","reqId":"MPJYT3UL-L2H2MZ","route":"INVOICE","method":"POST","url":"/tpr-invoice/pdf","ip":"::1","origin":"http://localhost:5174","ua":"Mozilla/5.0 (iPhone; CPU iPhone OS 18_5 like Mac OS X) AppleWebKit/605.1.15 (KHTML, like Gecko) Version/18.5 Mobile/15E148 Safari/604.1","payloadBytes":2}
{"ts":"2026-05-24T16:01:30.814Z","level":"STEP","reqId":"MPJYT3UL-L2H2MZ","route":"INVOICE","stage":"ROUTE","detail":"pdf mode","method":"POST","url":"/tpr-invoice/pdf"}
{"ts":"2026-05-24T16:01:30.815Z","level":"STEP","reqId":"MPJYT3UL-L2H2MZ","route":"INVOICE","stage":"NORMALIZE","detail":"payload 1.41 KB","method":"POST","url":"/tpr-invoice/pdf"}
{"ts":"2026-05-24T16:01:30.815Z","level":"STEP","reqId":"MPJYT3UL-L2H2MZ","route":"INVOICE","stage":"TEMPLATE","detail":"render html before pdf","method":"POST","url":"/tpr-invoice/pdf"}
{"ts":"2026-05-24T16:01:30.816Z","level":"INFO","title":"PUPPETEER","message":"reuse existing browser instance"}
{"ts":"2026-05-24T16:01:30.861Z","level":"STEP","reqId":"MPJYT3UL-L2H2MZ","route":"INVOICE","stage":"PDF:PAGE_OPEN","detail":"create new page","method":"POST","url":"/tpr-invoice/pdf"}
{"ts":"2026-05-24T16:01:30.865Z","level":"STEP","reqId":"MPJYT3UL-L2H2MZ","route":"INVOICE","stage":"PDF:SET_CONTENT","detail":"html size 9.60 KB","method":"POST","url":"/tpr-invoice/pdf"}
{"ts":"2026-05-24T16:01:32.404Z","level":"STEP","reqId":"MPJYT3UL-L2H2MZ","route":"INVOICE","stage":"PDF:FONTS_READY","detail":"waiting document.fonts.ready","method":"POST","url":"/tpr-invoice/pdf"}
{"ts":"2026-05-24T16:01:32.406Z","level":"STEP","reqId":"MPJYT3UL-L2H2MZ","route":"INVOICE","stage":"PDF:RENDER","detail":"format=A4 media=screen landscape=false","method":"POST","url":"/tpr-invoice/pdf"}
{"ts":"2026-05-24T16:01:32.567Z","level":"STEP","reqId":"MPJYT3UL-L2H2MZ","route":"INVOICE","stage":"PDF:BUFFER_READY","detail":"pdf size 203 KB","method":"POST","url":"/tpr-invoice/pdf"}
{"ts":"2026-05-24T16:01:32.568Z","level":"STEP","reqId":"MPJYT3UL-L2H2MZ","route":"INVOICE","stage":"PDF:PAGE_CLOSE","detail":"close page","method":"POST","url":"/tpr-invoice/pdf"}
{"ts":"2026-05-24T16:01:32.578Z","level":"STEP","reqId":"MPJYT3UL-L2H2MZ","route":"INVOICE","stage":"RESPOND_PDF","detail":"filename=tpr_invoice.pdf","method":"POST","url":"/tpr-invoice/pdf"}
{"ts":"2026-05-24T16:01:32.579Z","level":"PDF_RESPONSE","reqId":"MPJYT3UL-L2H2MZ","route":"INVOICE","method":"POST","url":"/tpr-invoice/pdf","filename":"tpr_invoice.pdf","pdfBytes":208166}
{"ts":"2026-05-24T16:01:32.580Z","level":"REQUEST_DONE","reqId":"MPJYT3UL-L2H2MZ","route":"INVOICE","method":"POST","url":"/tpr-invoice/pdf","status":200,"durationMs":1767,"responseSize":"203 KB"}
{"ts":"2026-05-24T16:04:50.056Z","level":"INFO","title":"TEMPLATE","message":"compile templates\\tpr_quotation.hbs","templatePath":"C:\\Projcet TPR\\report-server\\templates\\tpr_quotation.hbs"}
{"ts":"2026-05-24T16:04:50.058Z","level":"INFO","title":"TEMPLATE","message":"compile templates\\tpr_credit_note.hbs","templatePath":"C:\\Projcet TPR\\report-server\\templates\\tpr_credit_note.hbs"}
{"ts":"2026-05-24T16:04:50.059Z","level":"INFO","title":"TEMPLATE","message":"compile templates\\tpr_invoice.hbs","templatePath":"C:\\Projcet TPR\\report-server\\templates\\tpr_invoice.hbs"}
{"ts":"2026-05-24T16:04:50.059Z","level":"INFO","title":"TEMPLATE","message":"compile templates\\tpr_purchase_order.hbs","templatePath":"C:\\Projcet TPR\\report-server\\templates\\tpr_purchase_order.hbs"}
{"ts":"2026-05-24T16:04:50.060Z","level":"INFO","title":"TEMPLATE","message":"compile templates\\tpr_receipt.hbs","templatePath":"C:\\Projcet TPR\\report-server\\templates\\tpr_receipt.hbs"}
{"ts":"2026-05-24T16:04:50.060Z","level":"INFO","title":"TEMPLATE","message":"compile templates\\tpr_tax_receipt.hbs","templatePath":"C:\\Projcet TPR\\report-server\\templates\\tpr_tax_receipt.hbs"}
{"ts":"2026-05-24T16:04:50.062Z","level":"INFO","title":"TEMPLATE","message":"compile templates\\tpr_withholding_tax_certificate.hbs","templatePath":"C:\\Projcet TPR\\report-server\\templates\\tpr_withholding_tax_certificate.hbs"}
{"ts":"2026-05-24T16:04:50.063Z","level":"INFO","title":"TEMPLATE","message":"compile templates\\tpr_payment_voucher.hbs","templatePath":"C:\\Projcet TPR\\report-server\\templates\\tpr_payment_voucher.hbs"}
{"ts":"2026-05-24T16:04:50.063Z","level":"INFO","title":"TEMPLATE","message":"compile templates\\tpr_receipt_voucher.hbs","templatePath":"C:\\Projcet TPR\\report-server\\templates\\tpr_receipt_voucher.hbs"}
{"ts":"2026-05-24T16:04:50.064Z","level":"INFO","title":"TEMPLATE","message":"compile templates\\tpr_petty_cash_voucher.hbs","templatePath":"C:\\Projcet TPR\\report-server\\templates\\tpr_petty_cash_voucher.hbs"}
{"ts":"2026-05-24T16:04:50.065Z","level":"INFO","title":"TEMPLATE","message":"compile templates\\tpr_petty_cash_request.hbs","templatePath":"C:\\Projcet TPR\\report-server\\templates\\tpr_petty_cash_request.hbs"}
{"ts":"2026-05-24T16:04:50.066Z","level":"INFO","title":"TEMPLATE","message":"compile templates\\tpr_petty_cash_payment_report.hbs","templatePath":"C:\\Projcet TPR\\report-server\\templates\\tpr_petty_cash_payment_report.hbs"}
{"ts":"2026-05-24T16:04:50.066Z","level":"INFO","title":"TEMPLATE","message":"compile templates\\tpr_receipt_certification.hbs","templatePath":"C:\\Projcet TPR\\report-server\\templates\\tpr_receipt_certification.hbs"}
{"ts":"2026-05-24T16:04:50.067Z","level":"INFO","title":"TEMPLATE","message":"compile templates\\tpr_payroll_slip.hbs","templatePath":"C:\\Projcet TPR\\report-server\\templates\\tpr_payroll_slip.hbs"}
{"ts":"2026-05-24T16:04:50.068Z","level":"WARN","title":"CSS","message":"inline missing: C:\\Projcet TPR\\report-server\\public\\css\\quotation.css (ไม่จำเป็นถ้า CSS อยู่ใน hbs แล้ว)","cssPath":"C:\\Projcet TPR\\report-server\\public\\css\\quotation.css"}
{"ts":"2026-05-24T16:04:50.091Z","level":"OK","title":"READY","message":"PDF server is running","port":4100,"logFile":"C:\\Projcet TPR\\report-server\\logs\\server-2026-05-24.log"}
{"ts":"2026-05-24T16:04:50.091Z","level":"BOOT","message":"PDF server is running","port":4100,"logFile":"C:\\Projcet TPR\\report-server\\logs\\server-2026-05-24.log"}
{"ts":"2026-05-24T16:04:52.619Z","level":"INFO","title":"TEMPLATE","message":"compile templates\\tpr_quotation.hbs","templatePath":"C:\\Projcet TPR\\report-server\\templates\\tpr_quotation.hbs"}
{"ts":"2026-05-24T16:04:52.620Z","level":"INFO","title":"TEMPLATE","message":"compile templates\\tpr_credit_note.hbs","templatePath":"C:\\Projcet TPR\\report-server\\templates\\tpr_credit_note.hbs"}
{"ts":"2026-05-24T16:04:52.622Z","level":"INFO","title":"TEMPLATE","message":"compile templates\\tpr_invoice.hbs","templatePath":"C:\\Projcet TPR\\report-server\\templates\\tpr_invoice.hbs"}
{"ts":"2026-05-24T16:04:52.623Z","level":"INFO","title":"TEMPLATE","message":"compile templates\\tpr_purchase_order.hbs","templatePath":"C:\\Projcet TPR\\report-server\\templates\\tpr_purchase_order.hbs"}
{"ts":"2026-05-24T16:04:52.623Z","level":"INFO","title":"TEMPLATE","message":"compile templates\\tpr_receipt.hbs","templatePath":"C:\\Projcet TPR\\report-server\\templates\\tpr_receipt.hbs"}
{"ts":"2026-05-24T16:04:52.624Z","level":"INFO","title":"TEMPLATE","message":"compile templates\\tpr_tax_receipt.hbs","templatePath":"C:\\Projcet TPR\\report-server\\templates\\tpr_tax_receipt.hbs"}
{"ts":"2026-05-24T16:04:52.624Z","level":"INFO","title":"TEMPLATE","message":"compile templates\\tpr_withholding_tax_certificate.hbs","templatePath":"C:\\Projcet TPR\\report-server\\templates\\tpr_withholding_tax_certificate.hbs"}
{"ts":"2026-05-24T16:04:52.625Z","level":"INFO","title":"TEMPLATE","message":"compile templates\\tpr_payment_voucher.hbs","templatePath":"C:\\Projcet TPR\\report-server\\templates\\tpr_payment_voucher.hbs"}
{"ts":"2026-05-24T16:04:52.625Z","level":"INFO","title":"TEMPLATE","message":"compile templates\\tpr_receipt_voucher.hbs","templatePath":"C:\\Projcet TPR\\report-server\\templates\\tpr_receipt_voucher.hbs"}
{"ts":"2026-05-24T16:04:52.626Z","level":"INFO","title":"TEMPLATE","message":"compile templates\\tpr_petty_cash_voucher.hbs","templatePath":"C:\\Projcet TPR\\report-server\\templates\\tpr_petty_cash_voucher.hbs"}
{"ts":"2026-05-24T16:04:52.628Z","level":"INFO","title":"TEMPLATE","message":"compile templates\\tpr_petty_cash_request.hbs","templatePath":"C:\\Projcet TPR\\report-server\\templates\\tpr_petty_cash_request.hbs"}
{"ts":"2026-05-24T16:04:52.628Z","level":"INFO","title":"TEMPLATE","message":"compile templates\\tpr_petty_cash_payment_report.hbs","templatePath":"C:\\Projcet TPR\\report-server\\templates\\tpr_petty_cash_payment_report.hbs"}
{"ts":"2026-05-24T16:04:52.629Z","level":"INFO","title":"TEMPLATE","message":"compile templates\\tpr_receipt_certification.hbs","templatePath":"C:\\Projcet TPR\\report-server\\templates\\tpr_receipt_certification.hbs"}
{"ts":"2026-05-24T16:04:52.629Z","level":"INFO","title":"TEMPLATE","message":"compile templates\\tpr_payroll_slip.hbs","templatePath":"C:\\Projcet TPR\\report-server\\templates\\tpr_payroll_slip.hbs"}
{"ts":"2026-05-24T16:04:52.630Z","level":"WARN","title":"CSS","message":"inline missing: C:\\Projcet TPR\\report-server\\public\\css\\quotation.css (ไม่จำเป็นถ้า CSS อยู่ใน hbs แล้ว)","cssPath":"C:\\Projcet TPR\\report-server\\public\\css\\quotation.css"}
{"ts":"2026-05-24T16:04:52.653Z","level":"OK","title":"READY","message":"PDF server is running","port":4100,"logFile":"C:\\Projcet TPR\\report-server\\logs\\server-2026-05-24.log"}
{"ts":"2026-05-24T16:04:52.654Z","level":"BOOT","message":"PDF server is running","port":4100,"logFile":"C:\\Projcet TPR\\report-server\\logs\\server-2026-05-24.log"}
{"ts":"2026-05-24T16:05:09.588Z","level":"INFO","title":"TEMPLATE","message":"compile templates\\tpr_quotation.hbs","templatePath":"C:\\Projcet TPR\\report-server\\templates\\tpr_quotation.hbs"}
{"ts":"2026-05-24T16:05:09.589Z","level":"INFO","title":"TEMPLATE","message":"compile templates\\tpr_credit_note.hbs","templatePath":"C:\\Projcet TPR\\report-server\\templates\\tpr_credit_note.hbs"}
{"ts":"2026-05-24T16:05:09.590Z","level":"INFO","title":"TEMPLATE","message":"compile templates\\tpr_invoice.hbs","templatePath":"C:\\Projcet TPR\\report-server\\templates\\tpr_invoice.hbs"}
{"ts":"2026-05-24T16:05:09.591Z","level":"INFO","title":"TEMPLATE","message":"compile templates\\tpr_purchase_order.hbs","templatePath":"C:\\Projcet TPR\\report-server\\templates\\tpr_purchase_order.hbs"}
{"ts":"2026-05-24T16:05:09.591Z","level":"INFO","title":"TEMPLATE","message":"compile templates\\tpr_receipt.hbs","templatePath":"C:\\Projcet TPR\\report-server\\templates\\tpr_receipt.hbs"}
{"ts":"2026-05-24T16:05:09.592Z","level":"INFO","title":"TEMPLATE","message":"compile templates\\tpr_tax_receipt.hbs","templatePath":"C:\\Projcet TPR\\report-server\\templates\\tpr_tax_receipt.hbs"}
{"ts":"2026-05-24T16:05:09.592Z","level":"INFO","title":"TEMPLATE","message":"compile templates\\tpr_withholding_tax_certificate.hbs","templatePath":"C:\\Projcet TPR\\report-server\\templates\\tpr_withholding_tax_certificate.hbs"}
{"ts":"2026-05-24T16:05:09.593Z","level":"INFO","title":"TEMPLATE","message":"compile templates\\tpr_payment_voucher.hbs","templatePath":"C:\\Projcet TPR\\report-server\\templates\\tpr_payment_voucher.hbs"}
{"ts":"2026-05-24T16:05:09.593Z","level":"INFO","title":"TEMPLATE","message":"compile templates\\tpr_receipt_voucher.hbs","templatePath":"C:\\Projcet TPR\\report-server\\templates\\tpr_receipt_voucher.hbs"}
{"ts":"2026-05-24T16:05:09.595Z","level":"INFO","title":"TEMPLATE","message":"compile templates\\tpr_petty_cash_voucher.hbs","templatePath":"C:\\Projcet TPR\\report-server\\templates\\tpr_petty_cash_voucher.hbs"}
{"ts":"2026-05-24T16:05:09.595Z","level":"INFO","title":"TEMPLATE","message":"compile templates\\tpr_petty_cash_request.hbs","templatePath":"C:\\Projcet TPR\\report-server\\templates\\tpr_petty_cash_request.hbs"}
{"ts":"2026-05-24T16:05:09.596Z","level":"INFO","title":"TEMPLATE","message":"compile templates\\tpr_petty_cash_payment_report.hbs","templatePath":"C:\\Projcet TPR\\report-server\\templates\\tpr_petty_cash_payment_report.hbs"}
{"ts":"2026-05-24T16:05:09.596Z","level":"INFO","title":"TEMPLATE","message":"compile templates\\tpr_receipt_certification.hbs","templatePath":"C:\\Projcet TPR\\report-server\\templates\\tpr_receipt_certification.hbs"}
{"ts":"2026-05-24T16:05:09.597Z","level":"INFO","title":"TEMPLATE","message":"compile templates\\tpr_payroll_slip.hbs","templatePath":"C:\\Projcet TPR\\report-server\\templates\\tpr_payroll_slip.hbs"}
{"ts":"2026-05-24T16:05:09.597Z","level":"WARN","title":"CSS","message":"inline missing: C:\\Projcet TPR\\report-server\\public\\css\\quotation.css (ไม่จำเป็นถ้า CSS อยู่ใน hbs แล้ว)","cssPath":"C:\\Projcet TPR\\report-server\\public\\css\\quotation.css"}
{"ts":"2026-05-24T16:05:09.617Z","level":"OK","title":"READY","message":"PDF server is running","port":4100,"logFile":"C:\\Projcet TPR\\report-server\\logs\\server-2026-05-24.log"}
{"ts":"2026-05-24T16:05:09.618Z","level":"BOOT","message":"PDF server is running","port":4100,"logFile":"C:\\Projcet TPR\\report-server\\logs\\server-2026-05-24.log"}
{"ts":"2026-05-24T16:05:26.814Z","level":"STEP","reqId":"MPJYY5Y5-8KRFKB","route":"QUOTATION","stage":"START","detail":"OPTIONS /tpr-quotation/pdf","method":"OPTIONS","url":"/tpr-quotation/pdf"}
{"ts":"2026-05-24T16:05:26.814Z","level":"REQUEST_START","reqId":"MPJYY5Y5-8KRFKB","route":"QUOTATION","method":"OPTIONS","url":"/tpr-quotation/pdf","ip":"::1","origin":"http://localhost:5174","ua":"Mozilla/5.0 (Windows NT 10.0; Win64; x64) AppleWebKit/537.36 (KHTML, like Gecko) Chrome/148.0.0.0 Safari/537.36","payloadBytes":2}
{"ts":"2026-05-24T16:05:26.815Z","level":"REQUEST_DONE","reqId":"MPJYY5Y5-8KRFKB","route":"QUOTATION","method":"OPTIONS","url":"/tpr-quotation/pdf","status":204,"durationMs":2,"responseSize":"0 B"}
{"ts":"2026-05-24T16:05:26.817Z","level":"STEP","reqId":"MPJYY5Y9-U1ZN2M","route":"QUOTATION","stage":"START","detail":"POST /tpr-quotation/pdf","method":"POST","url":"/tpr-quotation/pdf"}
{"ts":"2026-05-24T16:05:26.817Z","level":"REQUEST_START","reqId":"MPJYY5Y9-U1ZN2M","route":"QUOTATION","method":"POST","url":"/tpr-quotation/pdf","ip":"::1","origin":"http://localhost:5174","ua":"Mozilla/5.0 (Windows NT 10.0; Win64; x64) AppleWebKit/537.36 (KHTML, like Gecko) Chrome/148.0.0.0 Safari/537.36","payloadBytes":2}
{"ts":"2026-05-24T16:05:26.818Z","level":"STEP","reqId":"MPJYY5Y9-U1ZN2M","route":"QUOTATION","stage":"ROUTE","detail":"pdf mode","method":"POST","url":"/tpr-quotation/pdf"}
{"ts":"2026-05-24T16:05:26.819Z","level":"STEP","reqId":"MPJYY5Y9-U1ZN2M","route":"QUOTATION","stage":"NORMALIZE","detail":"payload 1.68 KB","method":"POST","url":"/tpr-quotation/pdf"}
{"ts":"2026-05-24T16:05:26.819Z","level":"STEP","reqId":"MPJYY5Y9-U1ZN2M","route":"QUOTATION","stage":"TEMPLATE","detail":"render html before pdf","method":"POST","url":"/tpr-quotation/pdf"}
{"ts":"2026-05-24T16:05:26.820Z","level":"INFO","title":"PUPPETEER","message":"reuse existing browser instance"}
{"ts":"2026-05-24T16:05:26.860Z","level":"STEP","reqId":"MPJYY5Y9-U1ZN2M","route":"QUOTATION","stage":"PDF:PAGE_OPEN","detail":"create new page","method":"POST","url":"/tpr-quotation/pdf"}
{"ts":"2026-05-24T16:05:26.863Z","level":"STEP","reqId":"MPJYY5Y9-U1ZN2M","route":"QUOTATION","stage":"PDF:SET_CONTENT","detail":"html size 9.22 KB","method":"POST","url":"/tpr-quotation/pdf"}
{"ts":"2026-05-24T16:05:28.437Z","level":"STEP","reqId":"MPJYY5Y9-U1ZN2M","route":"QUOTATION","stage":"PDF:FONTS_READY","detail":"waiting document.fonts.ready","method":"POST","url":"/tpr-quotation/pdf"}
{"ts":"2026-05-24T16:05:28.440Z","level":"STEP","reqId":"MPJYY5Y9-U1ZN2M","route":"QUOTATION","stage":"PDF:RENDER","detail":"format=A4 media=screen landscape=false","method":"POST","url":"/tpr-quotation/pdf"}
{"ts":"2026-05-24T16:05:28.598Z","level":"STEP","reqId":"MPJYY5Y9-U1ZN2M","route":"QUOTATION","stage":"PDF:BUFFER_READY","detail":"pdf size 209 KB","method":"POST","url":"/tpr-quotation/pdf"}
{"ts":"2026-05-24T16:05:28.599Z","level":"STEP","reqId":"MPJYY5Y9-U1ZN2M","route":"QUOTATION","stage":"PDF:PAGE_CLOSE","detail":"close page","method":"POST","url":"/tpr-quotation/pdf"}
{"ts":"2026-05-24T16:05:28.610Z","level":"STEP","reqId":"MPJYY5Y9-U1ZN2M","route":"QUOTATION","stage":"RESPOND_PDF","detail":"filename=tpr_quotation.pdf","method":"POST","url":"/tpr-quotation/pdf"}
{"ts":"2026-05-24T16:05:28.611Z","level":"PDF_RESPONSE","reqId":"MPJYY5Y9-U1ZN2M","route":"QUOTATION","method":"POST","url":"/tpr-quotation/pdf","filename":"tpr_quotation.pdf","pdfBytes":214364}
{"ts":"2026-05-24T16:05:28.612Z","level":"REQUEST_DONE","reqId":"MPJYY5Y9-U1ZN2M","route":"QUOTATION","method":"POST","url":"/tpr-quotation/pdf","status":200,"durationMs":1795,"responseSize":"209 KB"}
{"ts":"2026-05-24T16:05:39.962Z","level":"STEP","reqId":"MPJYYG3E-W9NJ8C","route":"INVOICE","stage":"START","detail":"OPTIONS /tpr-invoice/pdf","method":"OPTIONS","url":"/tpr-invoice/pdf"}
{"ts":"2026-05-24T16:05:39.963Z","level":"REQUEST_START","reqId":"MPJYYG3E-W9NJ8C","route":"INVOICE","method":"OPTIONS","url":"/tpr-invoice/pdf","ip":"::1","origin":"http://localhost:5174","ua":"Mozilla/5.0 (Windows NT 10.0; Win64; x64) AppleWebKit/537.36 (KHTML, like Gecko) Chrome/148.0.0.0 Safari/537.36","payloadBytes":2}
{"ts":"2026-05-24T16:05:39.964Z","level":"REQUEST_DONE","reqId":"MPJYYG3E-W9NJ8C","route":"INVOICE","method":"OPTIONS","url":"/tpr-invoice/pdf","status":204,"durationMs":1,"responseSize":"0 B"}
{"ts":"2026-05-24T16:05:39.964Z","level":"STEP","reqId":"MPJYYG3G-3ITRMA","route":"INVOICE","stage":"START","detail":"POST /tpr-invoice/pdf","method":"POST","url":"/tpr-invoice/pdf"}
{"ts":"2026-05-24T16:05:39.965Z","level":"REQUEST_START","reqId":"MPJYYG3G-3ITRMA","route":"INVOICE","method":"POST","url":"/tpr-invoice/pdf","ip":"::1","origin":"http://localhost:5174","ua":"Mozilla/5.0 (Windows NT 10.0; Win64; x64) AppleWebKit/537.36 (KHTML, like Gecko) Chrome/148.0.0.0 Safari/537.36","payloadBytes":2}
{"ts":"2026-05-24T16:05:39.966Z","level":"STEP","reqId":"MPJYYG3G-3ITRMA","route":"INVOICE","stage":"ROUTE","detail":"pdf mode","method":"POST","url":"/tpr-invoice/pdf"}
{"ts":"2026-05-24T16:05:39.966Z","level":"STEP","reqId":"MPJYYG3G-3ITRMA","route":"INVOICE","stage":"NORMALIZE","detail":"payload 1.41 KB","method":"POST","url":"/tpr-invoice/pdf"}
{"ts":"2026-05-24T16:05:39.967Z","level":"STEP","reqId":"MPJYYG3G-3ITRMA","route":"INVOICE","stage":"TEMPLATE","detail":"render html before pdf","method":"POST","url":"/tpr-invoice/pdf"}
{"ts":"2026-05-24T16:05:39.968Z","level":"INFO","title":"PUPPETEER","message":"reuse existing browser instance"}
{"ts":"2026-05-24T16:05:40.003Z","level":"STEP","reqId":"MPJYYG3G-3ITRMA","route":"INVOICE","stage":"PDF:PAGE_OPEN","detail":"create new page","method":"POST","url":"/tpr-invoice/pdf"}
{"ts":"2026-05-24T16:05:40.006Z","level":"STEP","reqId":"MPJYYG3G-3ITRMA","route":"INVOICE","stage":"PDF:SET_CONTENT","detail":"html size 9.60 KB","method":"POST","url":"/tpr-invoice/pdf"}
{"ts":"2026-05-24T16:05:40.997Z","level":"STEP","reqId":"MPJYYG3G-3ITRMA","route":"INVOICE","stage":"PDF:FONTS_READY","detail":"waiting document.fonts.ready","method":"POST","url":"/tpr-invoice/pdf"}
{"ts":"2026-05-24T16:05:40.998Z","level":"STEP","reqId":"MPJYYG3G-3ITRMA","route":"INVOICE","stage":"PDF:RENDER","detail":"format=A4 media=screen landscape=false","method":"POST","url":"/tpr-invoice/pdf"}
{"ts":"2026-05-24T16:05:41.149Z","level":"STEP","reqId":"MPJYYG3G-3ITRMA","route":"INVOICE","stage":"PDF:BUFFER_READY","detail":"pdf size 203 KB","method":"POST","url":"/tpr-invoice/pdf"}
{"ts":"2026-05-24T16:05:41.149Z","level":"STEP","reqId":"MPJYYG3G-3ITRMA","route":"INVOICE","stage":"PDF:PAGE_CLOSE","detail":"close page","method":"POST","url":"/tpr-invoice/pdf"}
{"ts":"2026-05-24T16:05:41.158Z","level":"STEP","reqId":"MPJYYG3G-3ITRMA","route":"INVOICE","stage":"RESPOND_PDF","detail":"filename=tpr_invoice.pdf","method":"POST","url":"/tpr-invoice/pdf"}
{"ts":"2026-05-24T16:05:41.158Z","level":"PDF_RESPONSE","reqId":"MPJYYG3G-3ITRMA","route":"INVOICE","method":"POST","url":"/tpr-invoice/pdf","filename":"tpr_invoice.pdf","pdfBytes":208166}
{"ts":"2026-05-24T16:05:41.160Z","level":"REQUEST_DONE","reqId":"MPJYYG3G-3ITRMA","route":"INVOICE","method":"POST","url":"/tpr-invoice/pdf","status":200,"durationMs":1195,"responseSize":"203 KB"}
{"ts":"2026-05-24T16:08:41.489Z","level":"INFO","title":"TEMPLATE","message":"compile templates\\tpr_quotation.hbs","templatePath":"C:\\Projcet TPR\\report-server\\templates\\tpr_quotation.hbs"}
{"ts":"2026-05-24T16:08:41.490Z","level":"INFO","title":"TEMPLATE","message":"compile templates\\tpr_credit_note.hbs","templatePath":"C:\\Projcet TPR\\report-server\\templates\\tpr_credit_note.hbs"}
{"ts":"2026-05-24T16:08:41.491Z","level":"INFO","title":"TEMPLATE","message":"compile templates\\tpr_invoice.hbs","templatePath":"C:\\Projcet TPR\\report-server\\templates\\tpr_invoice.hbs"}
{"ts":"2026-05-24T16:08:41.491Z","level":"INFO","title":"TEMPLATE","message":"compile templates\\tpr_purchase_order.hbs","templatePath":"C:\\Projcet TPR\\report-server\\templates\\tpr_purchase_order.hbs"}
{"ts":"2026-05-24T16:08:41.492Z","level":"INFO","title":"TEMPLATE","message":"compile templates\\tpr_receipt.hbs","templatePath":"C:\\Projcet TPR\\report-server\\templates\\tpr_receipt.hbs"}
{"ts":"2026-05-24T16:08:41.493Z","level":"INFO","title":"TEMPLATE","message":"compile templates\\tpr_tax_receipt.hbs","templatePath":"C:\\Projcet TPR\\report-server\\templates\\tpr_tax_receipt.hbs"}
{"ts":"2026-05-24T16:08:41.494Z","level":"INFO","title":"TEMPLATE","message":"compile templates\\tpr_withholding_tax_certificate.hbs","templatePath":"C:\\Projcet TPR\\report-server\\templates\\tpr_withholding_tax_certificate.hbs"}
{"ts":"2026-05-24T16:08:41.495Z","level":"INFO","title":"TEMPLATE","message":"compile templates\\tpr_payment_voucher.hbs","templatePath":"C:\\Projcet TPR\\report-server\\templates\\tpr_payment_voucher.hbs"}
{"ts":"2026-05-24T16:08:41.495Z","level":"INFO","title":"TEMPLATE","message":"compile templates\\tpr_receipt_voucher.hbs","templatePath":"C:\\Projcet TPR\\report-server\\templates\\tpr_receipt_voucher.hbs"}
{"ts":"2026-05-24T16:08:41.496Z","level":"INFO","title":"TEMPLATE","message":"compile templates\\tpr_petty_cash_voucher.hbs","templatePath":"C:\\Projcet TPR\\report-server\\templates\\tpr_petty_cash_voucher.hbs"}
{"ts":"2026-05-24T16:08:41.496Z","level":"INFO","title":"TEMPLATE","message":"compile templates\\tpr_petty_cash_request.hbs","templatePath":"C:\\Projcet TPR\\report-server\\templates\\tpr_petty_cash_request.hbs"}
{"ts":"2026-05-24T16:08:41.497Z","level":"INFO","title":"TEMPLATE","message":"compile templates\\tpr_petty_cash_payment_report.hbs","templatePath":"C:\\Projcet TPR\\report-server\\templates\\tpr_petty_cash_payment_report.hbs"}
{"ts":"2026-05-24T16:08:41.497Z","level":"INFO","title":"TEMPLATE","message":"compile templates\\tpr_receipt_certification.hbs","templatePath":"C:\\Projcet TPR\\report-server\\templates\\tpr_receipt_certification.hbs"}
{"ts":"2026-05-24T16:08:41.497Z","level":"INFO","title":"TEMPLATE","message":"compile templates\\tpr_payroll_slip.hbs","templatePath":"C:\\Projcet TPR\\report-server\\templates\\tpr_payroll_slip.hbs"}
{"ts":"2026-05-24T16:08:41.498Z","level":"WARN","title":"CSS","message":"inline missing: C:\\Projcet TPR\\report-server\\public\\css\\quotation.css (ไม่จำเป็นถ้า CSS อยู่ใน hbs แล้ว)","cssPath":"C:\\Projcet TPR\\report-server\\public\\css\\quotation.css"}
{"ts":"2026-05-24T16:08:41.517Z","level":"OK","title":"READY","message":"PDF server is running","port":4100,"logFile":"C:\\Projcet TPR\\report-server\\logs\\server-2026-05-24.log"}
{"ts":"2026-05-24T16:08:41.517Z","level":"BOOT","message":"PDF server is running","port":4100,"logFile":"C:\\Projcet TPR\\report-server\\logs\\server-2026-05-24.log"}
{"ts":"2026-05-24T16:09:06.144Z","level":"INFO","title":"TEMPLATE","message":"compile templates\\tpr_quotation.hbs","templatePath":"C:\\Projcet TPR\\report-server\\templates\\tpr_quotation.hbs"}
{"ts":"2026-05-24T16:09:06.146Z","level":"INFO","title":"TEMPLATE","message":"compile templates\\tpr_credit_note.hbs","templatePath":"C:\\Projcet TPR\\report-server\\templates\\tpr_credit_note.hbs"}
{"ts":"2026-05-24T16:09:06.147Z","level":"INFO","title":"TEMPLATE","message":"compile templates\\tpr_invoice.hbs","templatePath":"C:\\Projcet TPR\\report-server\\templates\\tpr_invoice.hbs"}
{"ts":"2026-05-24T16:09:06.147Z","level":"INFO","title":"TEMPLATE","message":"compile templates\\tpr_purchase_order.hbs","templatePath":"C:\\Projcet TPR\\report-server\\templates\\tpr_purchase_order.hbs"}
{"ts":"2026-05-24T16:09:06.148Z","level":"INFO","title":"TEMPLATE","message":"compile templates\\tpr_receipt.hbs","templatePath":"C:\\Projcet TPR\\report-server\\templates\\tpr_receipt.hbs"}
{"ts":"2026-05-24T16:09:06.148Z","level":"INFO","title":"TEMPLATE","message":"compile templates\\tpr_tax_receipt.hbs","templatePath":"C:\\Projcet TPR\\report-server\\templates\\tpr_tax_receipt.hbs"}
{"ts":"2026-05-24T16:09:06.149Z","level":"INFO","title":"TEMPLATE","message":"compile templates\\tpr_withholding_tax_certificate.hbs","templatePath":"C:\\Projcet TPR\\report-server\\templates\\tpr_withholding_tax_certificate.hbs"}
{"ts":"2026-05-24T16:09:06.150Z","level":"INFO","title":"TEMPLATE","message":"compile templates\\tpr_payment_voucher.hbs","templatePath":"C:\\Projcet TPR\\report-server\\templates\\tpr_payment_voucher.hbs"}
{"ts":"2026-05-24T16:09:06.151Z","level":"INFO","title":"TEMPLATE","message":"compile templates\\tpr_receipt_voucher.hbs","templatePath":"C:\\Projcet TPR\\report-server\\templates\\tpr_receipt_voucher.hbs"}
{"ts":"2026-05-24T16:09:06.152Z","level":"INFO","title":"TEMPLATE","message":"compile templates\\tpr_petty_cash_voucher.hbs","templatePath":"C:\\Projcet TPR\\report-server\\templates\\tpr_petty_cash_voucher.hbs"}
{"ts":"2026-05-24T16:09:06.153Z","level":"INFO","title":"TEMPLATE","message":"compile templates\\tpr_petty_cash_request.hbs","templatePath":"C:\\Projcet TPR\\report-server\\templates\\tpr_petty_cash_request.hbs"}
{"ts":"2026-05-24T16:09:06.153Z","level":"INFO","title":"TEMPLATE","message":"compile templates\\tpr_petty_cash_payment_report.hbs","templatePath":"C:\\Projcet TPR\\report-server\\templates\\tpr_petty_cash_payment_report.hbs"}
{"ts":"2026-05-24T16:09:06.153Z","level":"INFO","title":"TEMPLATE","message":"compile templates\\tpr_receipt_certification.hbs","templatePath":"C:\\Projcet TPR\\report-server\\templates\\tpr_receipt_certification.hbs"}
{"ts":"2026-05-24T16:09:06.154Z","level":"INFO","title":"TEMPLATE","message":"compile templates\\tpr_payroll_slip.hbs","templatePath":"C:\\Projcet TPR\\report-server\\templates\\tpr_payroll_slip.hbs"}
{"ts":"2026-05-24T16:09:06.155Z","level":"WARN","title":"CSS","message":"inline missing: C:\\Projcet TPR\\report-server\\public\\css\\quotation.css (ไม่จำเป็นถ้า CSS อยู่ใน hbs แล้ว)","cssPath":"C:\\Projcet TPR\\report-server\\public\\css\\quotation.css"}
{"ts":"2026-05-24T16:09:06.181Z","level":"OK","title":"READY","message":"PDF server is running","port":4100,"logFile":"C:\\Projcet TPR\\report-server\\logs\\server-2026-05-24.log"}
{"ts":"2026-05-24T16:09:06.181Z","level":"BOOT","message":"PDF server is running","port":4100,"logFile":"C:\\Projcet TPR\\report-server\\logs\\server-2026-05-24.log"}
{"ts":"2026-05-24T16:09:19.779Z","level":"INFO","title":"TEMPLATE","message":"compile templates\\tpr_quotation.hbs","templatePath":"C:\\Projcet TPR\\report-server\\templates\\tpr_quotation.hbs"}
{"ts":"2026-05-24T16:09:19.780Z","level":"INFO","title":"TEMPLATE","message":"compile templates\\tpr_credit_note.hbs","templatePath":"C:\\Projcet TPR\\report-server\\templates\\tpr_credit_note.hbs"}
{"ts":"2026-05-24T16:09:19.782Z","level":"INFO","title":"TEMPLATE","message":"compile templates\\tpr_invoice.hbs","templatePath":"C:\\Projcet TPR\\report-server\\templates\\tpr_invoice.hbs"}
{"ts":"2026-05-24T16:09:19.782Z","level":"INFO","title":"TEMPLATE","message":"compile templates\\tpr_purchase_order.hbs","templatePath":"C:\\Projcet TPR\\report-server\\templates\\tpr_purchase_order.hbs"}
{"ts":"2026-05-24T16:09:19.783Z","level":"INFO","title":"TEMPLATE","message":"compile templates\\tpr_receipt.hbs","templatePath":"C:\\Projcet TPR\\report-server\\templates\\tpr_receipt.hbs"}
{"ts":"2026-05-24T16:09:19.784Z","level":"INFO","title":"TEMPLATE","message":"compile templates\\tpr_tax_receipt.hbs","templatePath":"C:\\Projcet TPR\\report-server\\templates\\tpr_tax_receipt.hbs"}
{"ts":"2026-05-24T16:09:19.784Z","level":"INFO","title":"TEMPLATE","message":"compile templates\\tpr_withholding_tax_certificate.hbs","templatePath":"C:\\Projcet TPR\\report-server\\templates\\tpr_withholding_tax_certificate.hbs"}
{"ts":"2026-05-24T16:09:19.786Z","level":"INFO","title":"TEMPLATE","message":"compile templates\\tpr_payment_voucher.hbs","templatePath":"C:\\Projcet TPR\\report-server\\templates\\tpr_payment_voucher.hbs"}
{"ts":"2026-05-24T16:09:19.787Z","level":"INFO","title":"TEMPLATE","message":"compile templates\\tpr_receipt_voucher.hbs","templatePath":"C:\\Projcet TPR\\report-server\\templates\\tpr_receipt_voucher.hbs"}
{"ts":"2026-05-24T16:09:19.788Z","level":"INFO","title":"TEMPLATE","message":"compile templates\\tpr_petty_cash_voucher.hbs","templatePath":"C:\\Projcet TPR\\report-server\\templates\\tpr_petty_cash_voucher.hbs"}
{"ts":"2026-05-24T16:09:19.789Z","level":"INFO","title":"TEMPLATE","message":"compile templates\\tpr_petty_cash_request.hbs","templatePath":"C:\\Projcet TPR\\report-server\\templates\\tpr_petty_cash_request.hbs"}
{"ts":"2026-05-24T16:09:19.790Z","level":"INFO","title":"TEMPLATE","message":"compile templates\\tpr_petty_cash_payment_report.hbs","templatePath":"C:\\Projcet TPR\\report-server\\templates\\tpr_petty_cash_payment_report.hbs"}
{"ts":"2026-05-24T16:09:19.790Z","level":"INFO","title":"TEMPLATE","message":"compile templates\\tpr_receipt_certification.hbs","templatePath":"C:\\Projcet TPR\\report-server\\templates\\tpr_receipt_certification.hbs"}
{"ts":"2026-05-24T16:09:19.791Z","level":"INFO","title":"TEMPLATE","message":"compile templates\\tpr_payroll_slip.hbs","templatePath":"C:\\Projcet TPR\\report-server\\templates\\tpr_payroll_slip.hbs"}
{"ts":"2026-05-24T16:09:19.791Z","level":"WARN","title":"CSS","message":"inline missing: C:\\Projcet TPR\\report-server\\public\\css\\quotation.css (ไม่จำเป็นถ้า CSS อยู่ใน hbs แล้ว)","cssPath":"C:\\Projcet TPR\\report-server\\public\\css\\quotation.css"}
{"ts":"2026-05-24T16:09:19.811Z","level":"OK","title":"READY","message":"PDF server is running","port":4100,"logFile":"C:\\Projcet TPR\\report-server\\logs\\server-2026-05-24.log"}
{"ts":"2026-05-24T16:09:19.812Z","level":"BOOT","message":"PDF server is running","port":4100,"logFile":"C:\\Projcet TPR\\report-server\\logs\\server-2026-05-24.log"}
{"ts":"2026-05-24T16:09:41.354Z","level":"STEP","reqId":"MPJZ3MCQ-D3EE6N","route":"HEALTH","stage":"START","detail":"GET /health","method":"GET","url":"/health"}
{"ts":"2026-05-24T16:09:41.354Z","level":"REQUEST_START","reqId":"MPJZ3MCQ-D3EE6N","route":"HEALTH","method":"GET","url":"/health","ip":"::1","origin":"-","ua":"Mozilla/5.0 (Windows NT; Windows NT 10.0; en-US) WindowsPowerShell/5.1.26100.8457","payloadBytes":2}
{"ts":"2026-05-24T16:09:41.355Z","level":"STEP","reqId":"MPJZ3MCQ-D3EE6N","route":"HEALTH","stage":"HEALTH","detail":"ok","method":"GET","url":"/health"}
{"ts":"2026-05-24T16:09:41.357Z","level":"REQUEST_DONE","reqId":"MPJZ3MCQ-D3EE6N","route":"HEALTH","method":"GET","url":"/health","status":200,"durationMs":2,"responseSize":"45.0 B"}
{"ts":"2026-05-24T16:10:12.160Z","level":"STEP","reqId":"MPJZ4A4G-TZX5V4","route":"HEALTH","stage":"START","detail":"GET /health","method":"GET","url":"/health"}
{"ts":"2026-05-24T16:10:12.160Z","level":"REQUEST_START","reqId":"MPJZ4A4G-TZX5V4","route":"HEALTH","method":"GET","url":"/health","ip":"::1","origin":"-","ua":"Mozilla/5.0 (Windows NT; Windows NT 10.0; en-US) WindowsPowerShell/5.1.26100.8457","payloadBytes":2}
{"ts":"2026-05-24T16:10:12.161Z","level":"STEP","reqId":"MPJZ4A4G-TZX5V4","route":"HEALTH","stage":"HEALTH","detail":"ok","method":"GET","url":"/health"}
{"ts":"2026-05-24T16:10:12.162Z","level":"REQUEST_DONE","reqId":"MPJZ4A4G-TZX5V4","route":"HEALTH","method":"GET","url":"/health","status":200,"durationMs":2,"responseSize":"45.0 B"}
{"ts":"2026-05-24T16:11:58.377Z","level":"INFO","title":"TEMPLATE","message":"compile templates\\tpr_quotation.hbs","templatePath":"C:\\Projcet TPR\\report-server\\templates\\tpr_quotation.hbs"}
{"ts":"2026-05-24T16:11:58.378Z","level":"INFO","title":"TEMPLATE","message":"compile templates\\tpr_credit_note.hbs","templatePath":"C:\\Projcet TPR\\report-server\\templates\\tpr_credit_note.hbs"}
{"ts":"2026-05-24T16:11:58.379Z","level":"INFO","title":"TEMPLATE","message":"compile templates\\tpr_invoice.hbs","templatePath":"C:\\Projcet TPR\\report-server\\templates\\tpr_invoice.hbs"}
{"ts":"2026-05-24T16:11:58.379Z","level":"INFO","title":"TEMPLATE","message":"compile templates\\tpr_purchase_order.hbs","templatePath":"C:\\Projcet TPR\\report-server\\templates\\tpr_purchase_order.hbs"}
{"ts":"2026-05-24T16:11:58.380Z","level":"INFO","title":"TEMPLATE","message":"compile templates\\tpr_receipt.hbs","templatePath":"C:\\Projcet TPR\\report-server\\templates\\tpr_receipt.hbs"}
{"ts":"2026-05-24T16:11:58.380Z","level":"INFO","title":"TEMPLATE","message":"compile templates\\tpr_tax_receipt.hbs","templatePath":"C:\\Projcet TPR\\report-server\\templates\\tpr_tax_receipt.hbs"}
{"ts":"2026-05-24T16:11:58.381Z","level":"INFO","title":"TEMPLATE","message":"compile templates\\tpr_withholding_tax_certificate.hbs","templatePath":"C:\\Projcet TPR\\report-server\\templates\\tpr_withholding_tax_certificate.hbs"}
{"ts":"2026-05-24T16:11:58.381Z","level":"INFO","title":"TEMPLATE","message":"compile templates\\tpr_payment_voucher.hbs","templatePath":"C:\\Projcet TPR\\report-server\\templates\\tpr_payment_voucher.hbs"}
{"ts":"2026-05-24T16:11:58.383Z","level":"INFO","title":"TEMPLATE","message":"compile templates\\tpr_receipt_voucher.hbs","templatePath":"C:\\Projcet TPR\\report-server\\templates\\tpr_receipt_voucher.hbs"}
{"ts":"2026-05-24T16:11:58.383Z","level":"INFO","title":"TEMPLATE","message":"compile templates\\tpr_petty_cash_voucher.hbs","templatePath":"C:\\Projcet TPR\\report-server\\templates\\tpr_petty_cash_voucher.hbs"}
{"ts":"2026-05-24T16:11:58.384Z","level":"INFO","title":"TEMPLATE","message":"compile templates\\tpr_petty_cash_request.hbs","templatePath":"C:\\Projcet TPR\\report-server\\templates\\tpr_petty_cash_request.hbs"}
{"ts":"2026-05-24T16:11:58.384Z","level":"INFO","title":"TEMPLATE","message":"compile templates\\tpr_petty_cash_payment_report.hbs","templatePath":"C:\\Projcet TPR\\report-server\\templates\\tpr_petty_cash_payment_report.hbs"}
{"ts":"2026-05-24T16:11:58.385Z","level":"INFO","title":"TEMPLATE","message":"compile templates\\tpr_receipt_certification.hbs","templatePath":"C:\\Projcet TPR\\report-server\\templates\\tpr_receipt_certification.hbs"}
{"ts":"2026-05-24T16:11:58.385Z","level":"INFO","title":"TEMPLATE","message":"compile templates\\tpr_payroll_slip.hbs","templatePath":"C:\\Projcet TPR\\report-server\\templates\\tpr_payroll_slip.hbs"}
{"ts":"2026-05-24T16:11:58.386Z","level":"WARN","title":"CSS","message":"inline missing: C:\\Projcet TPR\\report-server\\public\\css\\quotation.css (ไม่จำเป็นถ้า CSS อยู่ใน hbs แล้ว)","cssPath":"C:\\Projcet TPR\\report-server\\public\\css\\quotation.css"}
{"ts":"2026-05-24T16:11:58.415Z","level":"OK","title":"READY","message":"PDF server is running","port":4100,"logFile":"C:\\Projcet TPR\\report-server\\logs\\server-2026-05-24.log"}
{"ts":"2026-05-24T16:11:58.416Z","level":"BOOT","message":"PDF server is running","port":4100,"logFile":"C:\\Projcet TPR\\report-server\\logs\\server-2026-05-24.log"}
{"ts":"2026-05-24T16:12:03.550Z","level":"STEP","reqId":"MPJZ6O2M-GZUJPC","route":"INVOICE","stage":"START","detail":"OPTIONS /tpr-invoice/pdf","method":"OPTIONS","url":"/tpr-invoice/pdf"}
{"ts":"2026-05-24T16:12:03.551Z","level":"REQUEST_START","reqId":"MPJZ6O2M-GZUJPC","route":"INVOICE","method":"OPTIONS","url":"/tpr-invoice/pdf","ip":"::1","origin":"http://localhost:5174","ua":"Mozilla/5.0 (Windows NT 10.0; Win64; x64) AppleWebKit/537.36 (KHTML, like Gecko) Chrome/148.0.0.0 Safari/537.36","payloadBytes":2}
{"ts":"2026-05-24T16:12:03.555Z","level":"REQUEST_DONE","reqId":"MPJZ6O2M-GZUJPC","route":"INVOICE","method":"OPTIONS","url":"/tpr-invoice/pdf","status":204,"durationMs":5,"responseSize":"0 B"}
{"ts":"2026-05-24T16:12:03.556Z","level":"STEP","reqId":"MPJZ6O2S-CZMCAB","route":"INVOICE","stage":"START","detail":"POST /tpr-invoice/pdf","method":"POST","url":"/tpr-invoice/pdf"}
{"ts":"2026-05-24T16:12:03.557Z","level":"REQUEST_START","reqId":"MPJZ6O2S-CZMCAB","route":"INVOICE","method":"POST","url":"/tpr-invoice/pdf","ip":"::1","origin":"http://localhost:5174","ua":"Mozilla/5.0 (Windows NT 10.0; Win64; x64) AppleWebKit/537.36 (KHTML, like Gecko) Chrome/148.0.0.0 Safari/537.36","payloadBytes":2}
{"ts":"2026-05-24T16:12:03.572Z","level":"STEP","reqId":"MPJZ6O2S-CZMCAB","route":"INVOICE","stage":"ROUTE","detail":"pdf mode","method":"POST","url":"/tpr-invoice/pdf"}
{"ts":"2026-05-24T16:12:03.573Z","level":"STEP","reqId":"MPJZ6O2S-CZMCAB","route":"INVOICE","stage":"NORMALIZE","detail":"payload 1.41 KB","method":"POST","url":"/tpr-invoice/pdf"}
{"ts":"2026-05-24T16:12:03.574Z","level":"STEP","reqId":"MPJZ6O2S-CZMCAB","route":"INVOICE","stage":"TEMPLATE","detail":"render html before pdf","method":"POST","url":"/tpr-invoice/pdf"}
{"ts":"2026-05-24T16:12:03.605Z","level":"INFO","title":"PUPPETEER","message":"launch browser..."}
{"ts":"2026-05-24T16:12:04.058Z","level":"OK","title":"PUPPETEER","message":"browser launched"}
{"ts":"2026-05-24T16:12:04.102Z","level":"STEP","reqId":"MPJZ6O2S-CZMCAB","route":"INVOICE","stage":"PDF:PAGE_OPEN","detail":"create new page","method":"POST","url":"/tpr-invoice/pdf"}
{"ts":"2026-05-24T16:12:04.107Z","level":"STEP","reqId":"MPJZ6O2S-CZMCAB","route":"INVOICE","stage":"PDF:SET_CONTENT","detail":"html size 9.98 KB","method":"POST","url":"/tpr-invoice/pdf"}
{"ts":"2026-05-24T16:12:05.627Z","level":"STEP","reqId":"MPJZ6O2S-CZMCAB","route":"INVOICE","stage":"PDF:FONTS_READY","detail":"waiting document.fonts.ready","method":"POST","url":"/tpr-invoice/pdf"}
{"ts":"2026-05-24T16:12:05.629Z","level":"STEP","reqId":"MPJZ6O2S-CZMCAB","route":"INVOICE","stage":"PDF:RENDER","detail":"format=A4 media=screen landscape=false","method":"POST","url":"/tpr-invoice/pdf"}
{"ts":"2026-05-24T16:12:05.793Z","level":"STEP","reqId":"MPJZ6O2S-CZMCAB","route":"INVOICE","stage":"PDF:BUFFER_READY","detail":"pdf size 216 KB","method":"POST","url":"/tpr-invoice/pdf"}
{"ts":"2026-05-24T16:12:05.793Z","level":"STEP","reqId":"MPJZ6O2S-CZMCAB","route":"INVOICE","stage":"PDF:PAGE_CLOSE","detail":"close page","method":"POST","url":"/tpr-invoice/pdf"}
{"ts":"2026-05-24T16:12:05.804Z","level":"STEP","reqId":"MPJZ6O2S-CZMCAB","route":"INVOICE","stage":"RESPOND_PDF","detail":"filename=tpr_invoice.pdf","method":"POST","url":"/tpr-invoice/pdf"}
{"ts":"2026-05-24T16:12:05.805Z","level":"PDF_RESPONSE","reqId":"MPJZ6O2S-CZMCAB","route":"INVOICE","method":"POST","url":"/tpr-invoice/pdf","filename":"tpr_invoice.pdf","pdfBytes":220971}
{"ts":"2026-05-24T16:12:05.807Z","level":"REQUEST_DONE","reqId":"MPJZ6O2S-CZMCAB","route":"INVOICE","method":"POST","url":"/tpr-invoice/pdf","status":200,"durationMs":2251,"responseSize":"216 KB"}
{"ts":"2026-05-24T16:12:17.232Z","level":"STEP","reqId":"MPJZ6YMO-D2EMI0","route":"INVOICE","stage":"START","detail":"OPTIONS /tpr-invoice/pdf","method":"OPTIONS","url":"/tpr-invoice/pdf"}
{"ts":"2026-05-24T16:12:17.233Z","level":"REQUEST_START","reqId":"MPJZ6YMO-D2EMI0","route":"INVOICE","method":"OPTIONS","url":"/tpr-invoice/pdf","ip":"::1","origin":"http://localhost:5174","ua":"Mozilla/5.0 (Windows NT 10.0; Win64; x64) AppleWebKit/537.36 (KHTML, like Gecko) Chrome/148.0.0.0 Safari/537.36","payloadBytes":2}
{"ts":"2026-05-24T16:12:17.234Z","level":"REQUEST_DONE","reqId":"MPJZ6YMO-D2EMI0","route":"INVOICE","method":"OPTIONS","url":"/tpr-invoice/pdf","status":204,"durationMs":2,"responseSize":"0 B"}
{"ts":"2026-05-24T16:12:17.235Z","level":"STEP","reqId":"MPJZ6YMR-EQTI71","route":"INVOICE","stage":"START","detail":"POST /tpr-invoice/pdf","method":"POST","url":"/tpr-invoice/pdf"}
{"ts":"2026-05-24T16:12:17.236Z","level":"REQUEST_START","reqId":"MPJZ6YMR-EQTI71","route":"INVOICE","method":"POST","url":"/tpr-invoice/pdf","ip":"::1","origin":"http://localhost:5174","ua":"Mozilla/5.0 (Windows NT 10.0; Win64; x64) AppleWebKit/537.36 (KHTML, like Gecko) Chrome/148.0.0.0 Safari/537.36","payloadBytes":2}
{"ts":"2026-05-24T16:12:17.237Z","level":"STEP","reqId":"MPJZ6YMR-EQTI71","route":"INVOICE","stage":"ROUTE","detail":"pdf mode","method":"POST","url":"/tpr-invoice/pdf"}
{"ts":"2026-05-24T16:12:17.238Z","level":"STEP","reqId":"MPJZ6YMR-EQTI71","route":"INVOICE","stage":"NORMALIZE","detail":"payload 1.41 KB","method":"POST","url":"/tpr-invoice/pdf"}
{"ts":"2026-05-24T16:12:17.238Z","level":"STEP","reqId":"MPJZ6YMR-EQTI71","route":"INVOICE","stage":"TEMPLATE","detail":"render html before pdf","method":"POST","url":"/tpr-invoice/pdf"}
{"ts":"2026-05-24T16:12:17.240Z","level":"INFO","title":"PUPPETEER","message":"reuse existing browser instance"}
{"ts":"2026-05-24T16:12:17.276Z","level":"STEP","reqId":"MPJZ6YMR-EQTI71","route":"INVOICE","stage":"PDF:PAGE_OPEN","detail":"create new page","method":"POST","url":"/tpr-invoice/pdf"}
{"ts":"2026-05-24T16:12:17.280Z","level":"STEP","reqId":"MPJZ6YMR-EQTI71","route":"INVOICE","stage":"PDF:SET_CONTENT","detail":"html size 9.98 KB","method":"POST","url":"/tpr-invoice/pdf"}
{"ts":"2026-05-24T16:12:18.302Z","level":"STEP","reqId":"MPJZ6YMR-EQTI71","route":"INVOICE","stage":"PDF:FONTS_READY","detail":"waiting document.fonts.ready","method":"POST","url":"/tpr-invoice/pdf"}
{"ts":"2026-05-24T16:12:18.304Z","level":"STEP","reqId":"MPJZ6YMR-EQTI71","route":"INVOICE","stage":"PDF:RENDER","detail":"format=A4 media=screen landscape=false","method":"POST","url":"/tpr-invoice/pdf"}
{"ts":"2026-05-24T16:12:18.469Z","level":"STEP","reqId":"MPJZ6YMR-EQTI71","route":"INVOICE","stage":"PDF:BUFFER_READY","detail":"pdf size 216 KB","method":"POST","url":"/tpr-invoice/pdf"}
{"ts":"2026-05-24T16:12:18.469Z","level":"STEP","reqId":"MPJZ6YMR-EQTI71","route":"INVOICE","stage":"PDF:PAGE_CLOSE","detail":"close page","method":"POST","url":"/tpr-invoice/pdf"}
{"ts":"2026-05-24T16:12:18.478Z","level":"STEP","reqId":"MPJZ6YMR-EQTI71","route":"INVOICE","stage":"RESPOND_PDF","detail":"filename=tpr_invoice.pdf","method":"POST","url":"/tpr-invoice/pdf"}
{"ts":"2026-05-24T16:12:18.479Z","level":"PDF_RESPONSE","reqId":"MPJZ6YMR-EQTI71","route":"INVOICE","method":"POST","url":"/tpr-invoice/pdf","filename":"tpr_invoice.pdf","pdfBytes":220971}
{"ts":"2026-05-24T16:12:18.480Z","level":"REQUEST_DONE","reqId":"MPJZ6YMR-EQTI71","route":"INVOICE","method":"POST","url":"/tpr-invoice/pdf","status":200,"durationMs":1245,"responseSize":"216 KB"}
{"ts":"2026-05-24T16:13:23.365Z","level":"INFO","title":"TEMPLATE","message":"compile templates\\tpr_quotation.hbs","templatePath":"C:\\Projcet TPR\\report-server\\templates\\tpr_quotation.hbs"}
{"ts":"2026-05-24T16:13:23.366Z","level":"INFO","title":"TEMPLATE","message":"compile templates\\tpr_credit_note.hbs","templatePath":"C:\\Projcet TPR\\report-server\\templates\\tpr_credit_note.hbs"}
{"ts":"2026-05-24T16:13:23.367Z","level":"INFO","title":"TEMPLATE","message":"compile templates\\tpr_invoice.hbs","templatePath":"C:\\Projcet TPR\\report-server\\templates\\tpr_invoice.hbs"}
{"ts":"2026-05-24T16:13:23.368Z","level":"INFO","title":"TEMPLATE","message":"compile templates\\tpr_purchase_order.hbs","templatePath":"C:\\Projcet TPR\\report-server\\templates\\tpr_purchase_order.hbs"}
{"ts":"2026-05-24T16:13:23.368Z","level":"INFO","title":"TEMPLATE","message":"compile templates\\tpr_receipt.hbs","templatePath":"C:\\Projcet TPR\\report-server\\templates\\tpr_receipt.hbs"}
{"ts":"2026-05-24T16:13:23.369Z","level":"INFO","title":"TEMPLATE","message":"compile templates\\tpr_tax_receipt.hbs","templatePath":"C:\\Projcet TPR\\report-server\\templates\\tpr_tax_receipt.hbs"}
{"ts":"2026-05-24T16:13:23.370Z","level":"INFO","title":"TEMPLATE","message":"compile templates\\tpr_withholding_tax_certificate.hbs","templatePath":"C:\\Projcet TPR\\report-server\\templates\\tpr_withholding_tax_certificate.hbs"}
{"ts":"2026-05-24T16:13:23.370Z","level":"INFO","title":"TEMPLATE","message":"compile templates\\tpr_payment_voucher.hbs","templatePath":"C:\\Projcet TPR\\report-server\\templates\\tpr_payment_voucher.hbs"}
{"ts":"2026-05-24T16:13:23.371Z","level":"INFO","title":"TEMPLATE","message":"compile templates\\tpr_receipt_voucher.hbs","templatePath":"C:\\Projcet TPR\\report-server\\templates\\tpr_receipt_voucher.hbs"}
{"ts":"2026-05-24T16:13:23.372Z","level":"INFO","title":"TEMPLATE","message":"compile templates\\tpr_petty_cash_voucher.hbs","templatePath":"C:\\Projcet TPR\\report-server\\templates\\tpr_petty_cash_voucher.hbs"}
{"ts":"2026-05-24T16:13:23.373Z","level":"INFO","title":"TEMPLATE","message":"compile templates\\tpr_petty_cash_request.hbs","templatePath":"C:\\Projcet TPR\\report-server\\templates\\tpr_petty_cash_request.hbs"}
{"ts":"2026-05-24T16:13:23.373Z","level":"INFO","title":"TEMPLATE","message":"compile templates\\tpr_petty_cash_payment_report.hbs","templatePath":"C:\\Projcet TPR\\report-server\\templates\\tpr_petty_cash_payment_report.hbs"}
{"ts":"2026-05-24T16:13:23.374Z","level":"INFO","title":"TEMPLATE","message":"compile templates\\tpr_receipt_certification.hbs","templatePath":"C:\\Projcet TPR\\report-server\\templates\\tpr_receipt_certification.hbs"}
{"ts":"2026-05-24T16:13:23.375Z","level":"INFO","title":"TEMPLATE","message":"compile templates\\tpr_payroll_slip.hbs","templatePath":"C:\\Projcet TPR\\report-server\\templates\\tpr_payroll_slip.hbs"}
{"ts":"2026-05-24T16:13:23.376Z","level":"WARN","title":"CSS","message":"inline missing: C:\\Projcet TPR\\report-server\\public\\css\\quotation.css (ไม่จำเป็นถ้า CSS อยู่ใน hbs แล้ว)","cssPath":"C:\\Projcet TPR\\report-server\\public\\css\\quotation.css"}
{"ts":"2026-05-24T16:13:23.395Z","level":"OK","title":"READY","message":"PDF server is running","port":4100,"logFile":"C:\\Projcet TPR\\report-server\\logs\\server-2026-05-24.log"}
{"ts":"2026-05-24T16:13:23.396Z","level":"BOOT","message":"PDF server is running","port":4100,"logFile":"C:\\Projcet TPR\\report-server\\logs\\server-2026-05-24.log"}
{"ts":"2026-05-24T16:13:46.108Z","level":"STEP","reqId":"MPJZ8V7G-BHNNKS","route":"RECEIPT","stage":"START","detail":"OPTIONS /tpr-receipt/pdf","method":"OPTIONS","url":"/tpr-receipt/pdf"}
{"ts":"2026-05-24T16:13:46.109Z","level":"REQUEST_START","reqId":"MPJZ8V7G-BHNNKS","route":"RECEIPT","method":"OPTIONS","url":"/tpr-receipt/pdf","ip":"::1","origin":"http://localhost:5174","ua":"Mozilla/5.0 (Windows NT 10.0; Win64; x64) AppleWebKit/537.36 (KHTML, like Gecko) Chrome/148.0.0.0 Safari/537.36","payloadBytes":2}
{"ts":"2026-05-24T16:13:46.112Z","level":"REQUEST_DONE","reqId":"MPJZ8V7G-BHNNKS","route":"RECEIPT","method":"OPTIONS","url":"/tpr-receipt/pdf","status":204,"durationMs":4,"responseSize":"0 B"}
{"ts":"2026-05-24T16:13:46.114Z","level":"STEP","reqId":"MPJZ8V7M-IRKRJX","route":"RECEIPT","stage":"START","detail":"POST /tpr-receipt/pdf","method":"POST","url":"/tpr-receipt/pdf"}
{"ts":"2026-05-24T16:13:46.114Z","level":"REQUEST_START","reqId":"MPJZ8V7M-IRKRJX","route":"RECEIPT","method":"POST","url":"/tpr-receipt/pdf","ip":"::1","origin":"http://localhost:5174","ua":"Mozilla/5.0 (Windows NT 10.0; Win64; x64) AppleWebKit/537.36 (KHTML, like Gecko) Chrome/148.0.0.0 Safari/537.36","payloadBytes":2}
{"ts":"2026-05-24T16:13:46.125Z","level":"STEP","reqId":"MPJZ8V7M-IRKRJX","route":"RECEIPT","stage":"ROUTE","detail":"pdf mode","method":"POST","url":"/tpr-receipt/pdf"}
{"ts":"2026-05-24T16:13:46.125Z","level":"STEP","reqId":"MPJZ8V7M-IRKRJX","route":"RECEIPT","stage":"NORMALIZE","detail":"payload 1.07 KB","method":"POST","url":"/tpr-receipt/pdf"}
{"ts":"2026-05-24T16:13:46.131Z","level":"STEP","reqId":"MPJZ8V7M-IRKRJX","route":"RECEIPT","stage":"TEMPLATE","detail":"render html before pdf","method":"POST","url":"/tpr-receipt/pdf"}
{"ts":"2026-05-24T16:13:46.155Z","level":"INFO","title":"PUPPETEER","message":"launch browser..."}
{"ts":"2026-05-24T16:13:46.491Z","level":"OK","title":"PUPPETEER","message":"browser launched"}
{"ts":"2026-05-24T16:13:46.531Z","level":"STEP","reqId":"MPJZ8V7M-IRKRJX","route":"RECEIPT","stage":"PDF:PAGE_OPEN","detail":"create new page","method":"POST","url":"/tpr-receipt/pdf"}
{"ts":"2026-05-24T16:13:46.535Z","level":"STEP","reqId":"MPJZ8V7M-IRKRJX","route":"RECEIPT","stage":"PDF:SET_CONTENT","detail":"html size 10.0 KB","method":"POST","url":"/tpr-receipt/pdf"}
{"ts":"2026-05-24T16:13:48.061Z","level":"STEP","reqId":"MPJZ8V7M-IRKRJX","route":"RECEIPT","stage":"PDF:FONTS_READY","detail":"waiting document.fonts.ready","method":"POST","url":"/tpr-receipt/pdf"}
{"ts":"2026-05-24T16:13:48.064Z","level":"STEP","reqId":"MPJZ8V7M-IRKRJX","route":"RECEIPT","stage":"PDF:RENDER","detail":"format=A4 media=screen landscape=false","method":"POST","url":"/tpr-receipt/pdf"}
{"ts":"2026-05-24T16:13:48.203Z","level":"STEP","reqId":"MPJZ8V7M-IRKRJX","route":"RECEIPT","stage":"PDF:BUFFER_READY","detail":"pdf size 204 KB","method":"POST","url":"/tpr-receipt/pdf"}
{"ts":"2026-05-24T16:13:48.204Z","level":"STEP","reqId":"MPJZ8V7M-IRKRJX","route":"RECEIPT","stage":"PDF:PAGE_CLOSE","detail":"close page","method":"POST","url":"/tpr-receipt/pdf"}
{"ts":"2026-05-24T16:13:48.212Z","level":"STEP","reqId":"MPJZ8V7M-IRKRJX","route":"RECEIPT","stage":"RESPOND_PDF","detail":"filename=tpr_receipt.pdf","method":"POST","url":"/tpr-receipt/pdf"}
{"ts":"2026-05-24T16:13:48.213Z","level":"PDF_RESPONSE","reqId":"MPJZ8V7M-IRKRJX","route":"RECEIPT","method":"POST","url":"/tpr-receipt/pdf","filename":"tpr_receipt.pdf","pdfBytes":208590}
{"ts":"2026-05-24T16:13:48.214Z","level":"REQUEST_DONE","reqId":"MPJZ8V7M-IRKRJX","route":"RECEIPT","method":"POST","url":"/tpr-receipt/pdf","status":200,"durationMs":2100,"responseSize":"204 KB"}
{"ts":"2026-05-24T16:21:27.341Z","level":"INFO","title":"TEMPLATE","message":"compile templates\\tpr_quotation.hbs","templatePath":"C:\\Projcet TPR\\report-server\\templates\\tpr_quotation.hbs"}
{"ts":"2026-05-24T16:21:27.343Z","level":"INFO","title":"TEMPLATE","message":"compile templates\\tpr_credit_note.hbs","templatePath":"C:\\Projcet TPR\\report-server\\templates\\tpr_credit_note.hbs"}
{"ts":"2026-05-24T16:21:27.343Z","level":"INFO","title":"TEMPLATE","message":"compile templates\\tpr_invoice.hbs","templatePath":"C:\\Projcet TPR\\report-server\\templates\\tpr_invoice.hbs"}
{"ts":"2026-05-24T16:21:27.344Z","level":"INFO","title":"TEMPLATE","message":"compile templates\\tpr_purchase_order.hbs","templatePath":"C:\\Projcet TPR\\report-server\\templates\\tpr_purchase_order.hbs"}
{"ts":"2026-05-24T16:21:27.345Z","level":"INFO","title":"TEMPLATE","message":"compile templates\\tpr_receipt.hbs","templatePath":"C:\\Projcet TPR\\report-server\\templates\\tpr_receipt.hbs"}
{"ts":"2026-05-24T16:21:27.345Z","level":"INFO","title":"TEMPLATE","message":"compile templates\\tpr_tax_receipt.hbs","templatePath":"C:\\Projcet TPR\\report-server\\templates\\tpr_tax_receipt.hbs"}
{"ts":"2026-05-24T16:21:27.346Z","level":"INFO","title":"TEMPLATE","message":"compile templates\\tpr_withholding_tax_certificate.hbs","templatePath":"C:\\Projcet TPR\\report-server\\templates\\tpr_withholding_tax_certificate.hbs"}
{"ts":"2026-05-24T16:21:27.346Z","level":"INFO","title":"TEMPLATE","message":"compile templates\\tpr_payment_voucher.hbs","templatePath":"C:\\Projcet TPR\\report-server\\templates\\tpr_payment_voucher.hbs"}
{"ts":"2026-05-24T16:21:27.347Z","level":"INFO","title":"TEMPLATE","message":"compile templates\\tpr_receipt_voucher.hbs","templatePath":"C:\\Projcet TPR\\report-server\\templates\\tpr_receipt_voucher.hbs"}
{"ts":"2026-05-24T16:21:27.348Z","level":"INFO","title":"TEMPLATE","message":"compile templates\\tpr_petty_cash_voucher.hbs","templatePath":"C:\\Projcet TPR\\report-server\\templates\\tpr_petty_cash_voucher.hbs"}
{"ts":"2026-05-24T16:21:27.349Z","level":"INFO","title":"TEMPLATE","message":"compile templates\\tpr_petty_cash_request.hbs","templatePath":"C:\\Projcet TPR\\report-server\\templates\\tpr_petty_cash_request.hbs"}
{"ts":"2026-05-24T16:21:27.349Z","level":"INFO","title":"TEMPLATE","message":"compile templates\\tpr_petty_cash_payment_report.hbs","templatePath":"C:\\Projcet TPR\\report-server\\templates\\tpr_petty_cash_payment_report.hbs"}
{"ts":"2026-05-24T16:21:27.351Z","level":"INFO","title":"TEMPLATE","message":"compile templates\\tpr_receipt_certification.hbs","templatePath":"C:\\Projcet TPR\\report-server\\templates\\tpr_receipt_certification.hbs"}
{"ts":"2026-05-24T16:21:27.351Z","level":"INFO","title":"TEMPLATE","message":"compile templates\\tpr_payroll_slip.hbs","templatePath":"C:\\Projcet TPR\\report-server\\templates\\tpr_payroll_slip.hbs"}
{"ts":"2026-05-24T16:21:27.352Z","level":"WARN","title":"CSS","message":"inline missing: C:\\Projcet TPR\\report-server\\public\\css\\quotation.css (ไม่จำเป็นถ้า CSS อยู่ใน hbs แล้ว)","cssPath":"C:\\Projcet TPR\\report-server\\public\\css\\quotation.css"}
{"ts":"2026-05-24T16:21:27.373Z","level":"OK","title":"READY","message":"PDF server is running","port":4100,"logFile":"C:\\Projcet TPR\\report-server\\logs\\server-2026-05-24.log"}
{"ts":"2026-05-24T16:21:27.373Z","level":"BOOT","message":"PDF server is running","port":4100,"logFile":"C:\\Projcet TPR\\report-server\\logs\\server-2026-05-24.log"}
{"ts":"2026-05-24T16:24:36.682Z","level":"STEP","reqId":"MPJZMT6X-DY9HPP","route":"RECEIPT","stage":"START","detail":"OPTIONS /tpr-receipt/pdf","method":"OPTIONS","url":"/tpr-receipt/pdf"}
{"ts":"2026-05-24T16:24:36.683Z","level":"REQUEST_START","reqId":"MPJZMT6X-DY9HPP","route":"RECEIPT","method":"OPTIONS","url":"/tpr-receipt/pdf","ip":"::1","origin":"http://localhost:5174","ua":"Mozilla/5.0 (Windows NT 10.0; Win64; x64) AppleWebKit/537.36 (KHTML, like Gecko) Chrome/148.0.0.0 Safari/537.36","payloadBytes":2}
{"ts":"2026-05-24T16:24:36.687Z","level":"REQUEST_DONE","reqId":"MPJZMT6X-DY9HPP","route":"RECEIPT","method":"OPTIONS","url":"/tpr-receipt/pdf","status":204,"durationMs":6,"responseSize":"0 B"}
{"ts":"2026-05-24T16:24:36.689Z","level":"STEP","reqId":"MPJZMT75-QZA6D1","route":"RECEIPT","stage":"START","detail":"POST /tpr-receipt/pdf","method":"POST","url":"/tpr-receipt/pdf"}
{"ts":"2026-05-24T16:24:36.690Z","level":"REQUEST_START","reqId":"MPJZMT75-QZA6D1","route":"RECEIPT","method":"POST","url":"/tpr-receipt/pdf","ip":"::1","origin":"http://localhost:5174","ua":"Mozilla/5.0 (Windows NT 10.0; Win64; x64) AppleWebKit/537.36 (KHTML, like Gecko) Chrome/148.0.0.0 Safari/537.36","payloadBytes":2}
{"ts":"2026-05-24T16:24:36.702Z","level":"STEP","reqId":"MPJZMT75-QZA6D1","route":"RECEIPT","stage":"ROUTE","detail":"pdf mode","method":"POST","url":"/tpr-receipt/pdf"}
{"ts":"2026-05-24T16:24:36.702Z","level":"STEP","reqId":"MPJZMT75-QZA6D1","route":"RECEIPT","stage":"NORMALIZE","detail":"payload 1.15 KB","method":"POST","url":"/tpr-receipt/pdf"}
{"ts":"2026-05-24T16:24:36.703Z","level":"STEP","reqId":"MPJZMT75-QZA6D1","route":"RECEIPT","stage":"TEMPLATE","detail":"render html before pdf","method":"POST","url":"/tpr-receipt/pdf"}
{"ts":"2026-05-24T16:24:36.732Z","level":"INFO","title":"PUPPETEER","message":"launch browser..."}
{"ts":"2026-05-24T16:24:37.069Z","level":"OK","title":"PUPPETEER","message":"browser launched"}
{"ts":"2026-05-24T16:24:37.115Z","level":"STEP","reqId":"MPJZMT75-QZA6D1","route":"RECEIPT","stage":"PDF:PAGE_OPEN","detail":"create new page","method":"POST","url":"/tpr-receipt/pdf"}
{"ts":"2026-05-24T16:24:37.119Z","level":"STEP","reqId":"MPJZMT75-QZA6D1","route":"RECEIPT","stage":"PDF:SET_CONTENT","detail":"html size 10.0 KB","method":"POST","url":"/tpr-receipt/pdf"}
{"ts":"2026-05-24T16:24:38.629Z","level":"STEP","reqId":"MPJZMT75-QZA6D1","route":"RECEIPT","stage":"PDF:FONTS_READY","detail":"waiting document.fonts.ready","method":"POST","url":"/tpr-receipt/pdf"}
{"ts":"2026-05-24T16:24:38.632Z","level":"STEP","reqId":"MPJZMT75-QZA6D1","route":"RECEIPT","stage":"PDF:RENDER","detail":"format=A4 media=screen landscape=false","method":"POST","url":"/tpr-receipt/pdf"}
{"ts":"2026-05-24T16:24:38.788Z","level":"STEP","reqId":"MPJZMT75-QZA6D1","route":"RECEIPT","stage":"PDF:BUFFER_READY","detail":"pdf size 207 KB","method":"POST","url":"/tpr-receipt/pdf"}
{"ts":"2026-05-24T16:24:38.789Z","level":"STEP","reqId":"MPJZMT75-QZA6D1","route":"RECEIPT","stage":"PDF:PAGE_CLOSE","detail":"close page","method":"POST","url":"/tpr-receipt/pdf"}
{"ts":"2026-05-24T16:24:38.798Z","level":"STEP","reqId":"MPJZMT75-QZA6D1","route":"RECEIPT","stage":"RESPOND_PDF","detail":"filename=tpr_receipt.pdf","method":"POST","url":"/tpr-receipt/pdf"}
{"ts":"2026-05-24T16:24:38.799Z","level":"PDF_RESPONSE","reqId":"MPJZMT75-QZA6D1","route":"RECEIPT","method":"POST","url":"/tpr-receipt/pdf","filename":"tpr_receipt.pdf","pdfBytes":212391}
{"ts":"2026-05-24T16:24:38.801Z","level":"REQUEST_DONE","reqId":"MPJZMT75-QZA6D1","route":"RECEIPT","method":"POST","url":"/tpr-receipt/pdf","status":200,"durationMs":2111,"responseSize":"207 KB"}
{"ts":"2026-05-24T16:25:06.832Z","level":"WARN","title":"SHUTDOWN","message":"received SIGINT, closing server resources...","signal":"SIGINT"}
{"ts":"2026-05-24T16:25:06.832Z","level":"INFO","title":"PUPPETEER","message":"closing browser..."}
{"ts":"2026-05-24T16:25:13.775Z","level":"INFO","title":"TEMPLATE","message":"compile templates\\tpr_quotation.hbs","templatePath":"C:\\Projcet TPR\\report-server\\templates\\tpr_quotation.hbs"}
{"ts":"2026-05-24T16:25:13.776Z","level":"INFO","title":"TEMPLATE","message":"compile templates\\tpr_credit_note.hbs","templatePath":"C:\\Projcet TPR\\report-server\\templates\\tpr_credit_note.hbs"}
{"ts":"2026-05-24T16:25:13.776Z","level":"INFO","title":"TEMPLATE","message":"compile templates\\tpr_invoice.hbs","templatePath":"C:\\Projcet TPR\\report-server\\templates\\tpr_invoice.hbs"}
{"ts":"2026-05-24T16:25:13.777Z","level":"INFO","title":"TEMPLATE","message":"compile templates\\tpr_purchase_order.hbs","templatePath":"C:\\Projcet TPR\\report-server\\templates\\tpr_purchase_order.hbs"}
{"ts":"2026-05-24T16:25:13.778Z","level":"INFO","title":"TEMPLATE","message":"compile templates\\tpr_receipt.hbs","templatePath":"C:\\Projcet TPR\\report-server\\templates\\tpr_receipt.hbs"}
{"ts":"2026-05-24T16:25:13.778Z","level":"INFO","title":"TEMPLATE","message":"compile templates\\tpr_tax_receipt.hbs","templatePath":"C:\\Projcet TPR\\report-server\\templates\\tpr_tax_receipt.hbs"}
{"ts":"2026-05-24T16:25:13.779Z","level":"INFO","title":"TEMPLATE","message":"compile templates\\tpr_withholding_tax_certificate.hbs","templatePath":"C:\\Projcet TPR\\report-server\\templates\\tpr_withholding_tax_certificate.hbs"}
{"ts":"2026-05-24T16:25:13.779Z","level":"INFO","title":"TEMPLATE","message":"compile templates\\tpr_payment_voucher.hbs","templatePath":"C:\\Projcet TPR\\report-server\\templates\\tpr_payment_voucher.hbs"}
{"ts":"2026-05-24T16:25:13.780Z","level":"INFO","title":"TEMPLATE","message":"compile templates\\tpr_receipt_voucher.hbs","templatePath":"C:\\Projcet TPR\\report-server\\templates\\tpr_receipt_voucher.hbs"}
{"ts":"2026-05-24T16:25:13.781Z","level":"INFO","title":"TEMPLATE","message":"compile templates\\tpr_petty_cash_voucher.hbs","templatePath":"C:\\Projcet TPR\\report-server\\templates\\tpr_petty_cash_voucher.hbs"}
{"ts":"2026-05-24T16:25:13.782Z","level":"INFO","title":"TEMPLATE","message":"compile templates\\tpr_petty_cash_request.hbs","templatePath":"C:\\Projcet TPR\\report-server\\templates\\tpr_petty_cash_request.hbs"}
{"ts":"2026-05-24T16:25:13.783Z","level":"INFO","title":"TEMPLATE","message":"compile templates\\tpr_petty_cash_payment_report.hbs","templatePath":"C:\\Projcet TPR\\report-server\\templates\\tpr_petty_cash_payment_report.hbs"}
{"ts":"2026-05-24T16:25:13.783Z","level":"INFO","title":"TEMPLATE","message":"compile templates\\tpr_receipt_certification.hbs","templatePath":"C:\\Projcet TPR\\report-server\\templates\\tpr_receipt_certification.hbs"}
{"ts":"2026-05-24T16:25:13.783Z","level":"INFO","title":"TEMPLATE","message":"compile templates\\tpr_payroll_slip.hbs","templatePath":"C:\\Projcet TPR\\report-server\\templates\\tpr_payroll_slip.hbs"}
{"ts":"2026-05-24T16:25:13.784Z","level":"WARN","title":"CSS","message":"inline missing: C:\\Projcet TPR\\report-server\\public\\css\\quotation.css (ไม่จำเป็นถ้า CSS อยู่ใน hbs แล้ว)","cssPath":"C:\\Projcet TPR\\report-server\\public\\css\\quotation.css"}
{"ts":"2026-05-24T16:25:13.804Z","level":"OK","title":"READY","message":"PDF server is running","port":4100,"logFile":"C:\\Projcet TPR\\report-server\\logs\\server-2026-05-24.log"}
{"ts":"2026-05-24T16:25:13.805Z","level":"BOOT","message":"PDF server is running","port":4100,"logFile":"C:\\Projcet TPR\\report-server\\logs\\server-2026-05-24.log"}
{"ts":"2026-05-24T16:25:27.790Z","level":"STEP","reqId":"MPJZNWMM-CDTZF3","route":"RECEIPT","stage":"START","detail":"OPTIONS /tpr-receipt/pdf","method":"OPTIONS","url":"/tpr-receipt/pdf"}
{"ts":"2026-05-24T16:25:27.791Z","level":"REQUEST_START","reqId":"MPJZNWMM-CDTZF3","route":"RECEIPT","method":"OPTIONS","url":"/tpr-receipt/pdf","ip":"::1","origin":"http://localhost:5174","ua":"Mozilla/5.0 (Windows NT 10.0; Win64; x64) AppleWebKit/537.36 (KHTML, like Gecko) Chrome/148.0.0.0 Safari/537.36","payloadBytes":2}
{"ts":"2026-05-24T16:25:27.797Z","level":"REQUEST_DONE","reqId":"MPJZNWMM-CDTZF3","route":"RECEIPT","method":"OPTIONS","url":"/tpr-receipt/pdf","status":204,"durationMs":6,"responseSize":"0 B"}
{"ts":"2026-05-24T16:25:27.799Z","level":"STEP","reqId":"MPJZNWMU-XV84KZ","route":"RECEIPT","stage":"START","detail":"POST /tpr-receipt/pdf","method":"POST","url":"/tpr-receipt/pdf"}
{"ts":"2026-05-24T16:25:27.799Z","level":"REQUEST_START","reqId":"MPJZNWMU-XV84KZ","route":"RECEIPT","method":"POST","url":"/tpr-receipt/pdf","ip":"::1","origin":"http://localhost:5174","ua":"Mozilla/5.0 (Windows NT 10.0; Win64; x64) AppleWebKit/537.36 (KHTML, like Gecko) Chrome/148.0.0.0 Safari/537.36","payloadBytes":2}
{"ts":"2026-05-24T16:25:27.815Z","level":"STEP","reqId":"MPJZNWMU-XV84KZ","route":"RECEIPT","stage":"ROUTE","detail":"pdf mode","method":"POST","url":"/tpr-receipt/pdf"}
{"ts":"2026-05-24T16:25:27.816Z","level":"STEP","reqId":"MPJZNWMU-XV84KZ","route":"RECEIPT","stage":"NORMALIZE","detail":"payload 1.15 KB","method":"POST","url":"/tpr-receipt/pdf"}
{"ts":"2026-05-24T16:25:27.817Z","level":"STEP","reqId":"MPJZNWMU-XV84KZ","route":"RECEIPT","stage":"TEMPLATE","detail":"render html before pdf","method":"POST","url":"/tpr-receipt/pdf"}
{"ts":"2026-05-24T16:25:27.845Z","level":"INFO","title":"PUPPETEER","message":"launch browser..."}
{"ts":"2026-05-24T16:25:28.182Z","level":"OK","title":"PUPPETEER","message":"browser launched"}
{"ts":"2026-05-24T16:25:28.225Z","level":"STEP","reqId":"MPJZNWMU-XV84KZ","route":"RECEIPT","stage":"PDF:PAGE_OPEN","detail":"create new page","method":"POST","url":"/tpr-receipt/pdf"}
{"ts":"2026-05-24T16:25:28.229Z","level":"STEP","reqId":"MPJZNWMU-XV84KZ","route":"RECEIPT","stage":"PDF:SET_CONTENT","detail":"html size 10.0 KB","method":"POST","url":"/tpr-receipt/pdf"}
{"ts":"2026-05-24T16:25:29.307Z","level":"STEP","reqId":"MPJZNWMU-XV84KZ","route":"RECEIPT","stage":"PDF:FONTS_READY","detail":"waiting document.fonts.ready","method":"POST","url":"/tpr-receipt/pdf"}
{"ts":"2026-05-24T16:25:29.309Z","level":"STEP","reqId":"MPJZNWMU-XV84KZ","route":"RECEIPT","stage":"PDF:RENDER","detail":"format=A4 media=screen landscape=false","method":"POST","url":"/tpr-receipt/pdf"}
{"ts":"2026-05-24T16:25:29.460Z","level":"STEP","reqId":"MPJZNWMU-XV84KZ","route":"RECEIPT","stage":"PDF:BUFFER_READY","detail":"pdf size 207 KB","method":"POST","url":"/tpr-receipt/pdf"}
{"ts":"2026-05-24T16:25:29.460Z","level":"STEP","reqId":"MPJZNWMU-XV84KZ","route":"RECEIPT","stage":"PDF:PAGE_CLOSE","detail":"close page","method":"POST","url":"/tpr-receipt/pdf"}
{"ts":"2026-05-24T16:25:29.471Z","level":"STEP","reqId":"MPJZNWMU-XV84KZ","route":"RECEIPT","stage":"RESPOND_PDF","detail":"filename=tpr_receipt.pdf","method":"POST","url":"/tpr-receipt/pdf"}
{"ts":"2026-05-24T16:25:29.471Z","level":"PDF_RESPONSE","reqId":"MPJZNWMU-XV84KZ","route":"RECEIPT","method":"POST","url":"/tpr-receipt/pdf","filename":"tpr_receipt.pdf","pdfBytes":212347}
{"ts":"2026-05-24T16:25:29.474Z","level":"REQUEST_DONE","reqId":"MPJZNWMU-XV84KZ","route":"RECEIPT","method":"POST","url":"/tpr-receipt/pdf","status":200,"durationMs":1675,"responseSize":"207 KB"}
{"ts":"2026-05-24T16:27:09.887Z","level":"STEP","reqId":"MPJZQ3EM-GI8GZF","route":"INVOICE","stage":"START","detail":"OPTIONS /tpr-invoice/pdf","method":"OPTIONS","url":"/tpr-invoice/pdf"}
{"ts":"2026-05-24T16:27:09.888Z","level":"REQUEST_START","reqId":"MPJZQ3EM-GI8GZF","route":"INVOICE","method":"OPTIONS","url":"/tpr-invoice/pdf","ip":"::1","origin":"http://localhost:5174","ua":"Mozilla/5.0 (Windows NT 10.0; Win64; x64) AppleWebKit/537.36 (KHTML, like Gecko) Chrome/148.0.0.0 Safari/537.36","payloadBytes":2}
{"ts":"2026-05-24T16:27:09.889Z","level":"REQUEST_DONE","reqId":"MPJZQ3EM-GI8GZF","route":"INVOICE","method":"OPTIONS","url":"/tpr-invoice/pdf","status":204,"durationMs":3,"responseSize":"0 B"}
{"ts":"2026-05-24T16:27:09.890Z","level":"STEP","reqId":"MPJZQ3EQ-910QG1","route":"INVOICE","stage":"START","detail":"POST /tpr-invoice/pdf","method":"POST","url":"/tpr-invoice/pdf"}
{"ts":"2026-05-24T16:27:09.891Z","level":"REQUEST_START","reqId":"MPJZQ3EQ-910QG1","route":"INVOICE","method":"POST","url":"/tpr-invoice/pdf","ip":"::1","origin":"http://localhost:5174","ua":"Mozilla/5.0 (Windows NT 10.0; Win64; x64) AppleWebKit/537.36 (KHTML, like Gecko) Chrome/148.0.0.0 Safari/537.36","payloadBytes":2}
{"ts":"2026-05-24T16:27:09.892Z","level":"STEP","reqId":"MPJZQ3EQ-910QG1","route":"INVOICE","stage":"ROUTE","detail":"pdf mode","method":"POST","url":"/tpr-invoice/pdf"}
{"ts":"2026-05-24T16:27:09.892Z","level":"STEP","reqId":"MPJZQ3EQ-910QG1","route":"INVOICE","stage":"NORMALIZE","detail":"payload 1.23 KB","method":"POST","url":"/tpr-invoice/pdf"}
{"ts":"2026-05-24T16:27:09.893Z","level":"STEP","reqId":"MPJZQ3EQ-910QG1","route":"INVOICE","stage":"TEMPLATE","detail":"render html before pdf","method":"POST","url":"/tpr-invoice/pdf"}
{"ts":"2026-05-24T16:27:09.903Z","level":"INFO","title":"PUPPETEER","message":"reuse existing browser instance"}
{"ts":"2026-05-24T16:27:09.969Z","level":"STEP","reqId":"MPJZQ3EQ-910QG1","route":"INVOICE","stage":"PDF:PAGE_OPEN","detail":"create new page","method":"POST","url":"/tpr-invoice/pdf"}
{"ts":"2026-05-24T16:27:09.973Z","level":"STEP","reqId":"MPJZQ3EQ-910QG1","route":"INVOICE","stage":"PDF:SET_CONTENT","detail":"html size 9.91 KB","method":"POST","url":"/tpr-invoice/pdf"}
{"ts":"2026-05-24T16:27:11.497Z","level":"STEP","reqId":"MPJZQ3EQ-910QG1","route":"INVOICE","stage":"PDF:FONTS_READY","detail":"waiting document.fonts.ready","method":"POST","url":"/tpr-invoice/pdf"}
{"ts":"2026-05-24T16:27:11.499Z","level":"STEP","reqId":"MPJZQ3EQ-910QG1","route":"INVOICE","stage":"PDF:RENDER","detail":"format=A4 media=screen landscape=false","method":"POST","url":"/tpr-invoice/pdf"}
{"ts":"2026-05-24T16:27:11.651Z","level":"STEP","reqId":"MPJZQ3EQ-910QG1","route":"INVOICE","stage":"PDF:BUFFER_READY","detail":"pdf size 205 KB","method":"POST","url":"/tpr-invoice/pdf"}
{"ts":"2026-05-24T16:27:11.652Z","level":"STEP","reqId":"MPJZQ3EQ-910QG1","route":"INVOICE","stage":"PDF:PAGE_CLOSE","detail":"close page","method":"POST","url":"/tpr-invoice/pdf"}
{"ts":"2026-05-24T16:27:11.659Z","level":"STEP","reqId":"MPJZQ3EQ-910QG1","route":"INVOICE","stage":"RESPOND_PDF","detail":"filename=tpr_invoice.pdf","method":"POST","url":"/tpr-invoice/pdf"}
{"ts":"2026-05-24T16:27:11.660Z","level":"PDF_RESPONSE","reqId":"MPJZQ3EQ-910QG1","route":"INVOICE","method":"POST","url":"/tpr-invoice/pdf","filename":"tpr_invoice.pdf","pdfBytes":209905}
{"ts":"2026-05-24T16:27:11.661Z","level":"REQUEST_DONE","reqId":"MPJZQ3EQ-910QG1","route":"INVOICE","method":"POST","url":"/tpr-invoice/pdf","status":200,"durationMs":1771,"responseSize":"205 KB"}
{"ts":"2026-05-24T16:29:35.644Z","level":"STEP","reqId":"MPJZT7VF-X3B3CB","route":"INVOICE","stage":"START","detail":"OPTIONS /tpr-invoice/pdf","method":"OPTIONS","url":"/tpr-invoice/pdf"}
{"ts":"2026-05-24T16:29:35.644Z","level":"REQUEST_START","reqId":"MPJZT7VF-X3B3CB","route":"INVOICE","method":"OPTIONS","url":"/tpr-invoice/pdf","ip":"::1","origin":"http://localhost:5174","ua":"Mozilla/5.0 (Windows NT 10.0; Win64; x64) AppleWebKit/537.36 (KHTML, like Gecko) Chrome/148.0.0.0 Safari/537.36","payloadBytes":2}
{"ts":"2026-05-24T16:29:35.646Z","level":"REQUEST_DONE","reqId":"MPJZT7VF-X3B3CB","route":"INVOICE","method":"OPTIONS","url":"/tpr-invoice/pdf","status":204,"durationMs":3,"responseSize":"0 B"}
{"ts":"2026-05-24T16:29:35.647Z","level":"STEP","reqId":"MPJZT7VI-6S1P92","route":"INVOICE","stage":"START","detail":"POST /tpr-invoice/pdf","method":"POST","url":"/tpr-invoice/pdf"}
{"ts":"2026-05-24T16:29:35.647Z","level":"REQUEST_START","reqId":"MPJZT7VI-6S1P92","route":"INVOICE","method":"POST","url":"/tpr-invoice/pdf","ip":"::1","origin":"http://localhost:5174","ua":"Mozilla/5.0 (Windows NT 10.0; Win64; x64) AppleWebKit/537.36 (KHTML, like Gecko) Chrome/148.0.0.0 Safari/537.36","payloadBytes":2}
{"ts":"2026-05-24T16:29:35.648Z","level":"STEP","reqId":"MPJZT7VI-6S1P92","route":"INVOICE","stage":"ROUTE","detail":"pdf mode","method":"POST","url":"/tpr-invoice/pdf"}
{"ts":"2026-05-24T16:29:35.648Z","level":"STEP","reqId":"MPJZT7VI-6S1P92","route":"INVOICE","stage":"NORMALIZE","detail":"payload 1.23 KB","method":"POST","url":"/tpr-invoice/pdf"}
{"ts":"2026-05-24T16:29:35.649Z","level":"STEP","reqId":"MPJZT7VI-6S1P92","route":"INVOICE","stage":"TEMPLATE","detail":"render html before pdf","method":"POST","url":"/tpr-invoice/pdf"}
{"ts":"2026-05-24T16:29:35.649Z","level":"INFO","title":"PUPPETEER","message":"reuse existing browser instance"}
{"ts":"2026-05-24T16:29:35.686Z","level":"STEP","reqId":"MPJZT7VI-6S1P92","route":"INVOICE","stage":"PDF:PAGE_OPEN","detail":"create new page","method":"POST","url":"/tpr-invoice/pdf"}
{"ts":"2026-05-24T16:29:35.690Z","level":"STEP","reqId":"MPJZT7VI-6S1P92","route":"INVOICE","stage":"PDF:SET_CONTENT","detail":"html size 9.91 KB","method":"POST","url":"/tpr-invoice/pdf"}
{"ts":"2026-05-24T16:29:37.361Z","level":"STEP","reqId":"MPJZT7VI-6S1P92","route":"INVOICE","stage":"PDF:FONTS_READY","detail":"waiting document.fonts.ready","method":"POST","url":"/tpr-invoice/pdf"}
{"ts":"2026-05-24T16:29:37.363Z","level":"STEP","reqId":"MPJZT7VI-6S1P92","route":"INVOICE","stage":"PDF:RENDER","detail":"format=A4 media=screen landscape=false","method":"POST","url":"/tpr-invoice/pdf"}
{"ts":"2026-05-24T16:29:37.516Z","level":"STEP","reqId":"MPJZT7VI-6S1P92","route":"INVOICE","stage":"PDF:BUFFER_READY","detail":"pdf size 205 KB","method":"POST","url":"/tpr-invoice/pdf"}
{"ts":"2026-05-24T16:29:37.517Z","level":"STEP","reqId":"MPJZT7VI-6S1P92","route":"INVOICE","stage":"PDF:PAGE_CLOSE","detail":"close page","method":"POST","url":"/tpr-invoice/pdf"}
{"ts":"2026-05-24T16:29:37.526Z","level":"STEP","reqId":"MPJZT7VI-6S1P92","route":"INVOICE","stage":"RESPOND_PDF","detail":"filename=tpr_invoice.pdf","method":"POST","url":"/tpr-invoice/pdf"}
{"ts":"2026-05-24T16:29:37.526Z","level":"PDF_RESPONSE","reqId":"MPJZT7VI-6S1P92","route":"INVOICE","method":"POST","url":"/tpr-invoice/pdf","filename":"tpr_invoice.pdf","pdfBytes":209905}
{"ts":"2026-05-24T16:29:37.528Z","level":"REQUEST_DONE","reqId":"MPJZT7VI-6S1P92","route":"INVOICE","method":"POST","url":"/tpr-invoice/pdf","status":200,"durationMs":1882,"responseSize":"205 KB"}
{"ts":"2026-05-24T16:41:12.542Z","level":"WARN","title":"SHUTDOWN","message":"received SIGINT, closing server resources...","signal":"SIGINT"}
{"ts":"2026-05-24T16:41:15.291Z","level":"INFO","title":"TEMPLATE","message":"compile templates\\tpr_quotation.hbs","templatePath":"C:\\Projcet TPR\\report-server\\templates\\tpr_quotation.hbs"}
{"ts":"2026-05-24T16:41:15.293Z","level":"INFO","title":"TEMPLATE","message":"compile templates\\tpr_credit_note.hbs","templatePath":"C:\\Projcet TPR\\report-server\\templates\\tpr_credit_note.hbs"}
{"ts":"2026-05-24T16:41:15.294Z","level":"INFO","title":"TEMPLATE","message":"compile templates\\tpr_invoice.hbs","templatePath":"C:\\Projcet TPR\\report-server\\templates\\tpr_invoice.hbs"}
{"ts":"2026-05-24T16:41:15.294Z","level":"INFO","title":"TEMPLATE","message":"compile templates\\tpr_purchase_order.hbs","templatePath":"C:\\Projcet TPR\\report-server\\templates\\tpr_purchase_order.hbs"}
{"ts":"2026-05-24T16:41:15.295Z","level":"INFO","title":"TEMPLATE","message":"compile templates\\tpr_receipt.hbs","templatePath":"C:\\Projcet TPR\\report-server\\templates\\tpr_receipt.hbs"}
{"ts":"2026-05-24T16:41:15.295Z","level":"INFO","title":"TEMPLATE","message":"compile templates\\tpr_tax_receipt.hbs","templatePath":"C:\\Projcet TPR\\report-server\\templates\\tpr_tax_receipt.hbs"}
{"ts":"2026-05-24T16:41:15.296Z","level":"INFO","title":"TEMPLATE","message":"compile templates\\tpr_withholding_tax_certificate.hbs","templatePath":"C:\\Projcet TPR\\report-server\\templates\\tpr_withholding_tax_certificate.hbs"}
{"ts":"2026-05-24T16:41:15.297Z","level":"INFO","title":"TEMPLATE","message":"compile templates\\tpr_payment_voucher.hbs","templatePath":"C:\\Projcet TPR\\report-server\\templates\\tpr_payment_voucher.hbs"}
{"ts":"2026-05-24T16:41:15.298Z","level":"INFO","title":"TEMPLATE","message":"compile templates\\tpr_receipt_voucher.hbs","templatePath":"C:\\Projcet TPR\\report-server\\templates\\tpr_receipt_voucher.hbs"}
{"ts":"2026-05-24T16:41:15.299Z","level":"INFO","title":"TEMPLATE","message":"compile templates\\tpr_petty_cash_voucher.hbs","templatePath":"C:\\Projcet TPR\\report-server\\templates\\tpr_petty_cash_voucher.hbs"}
{"ts":"2026-05-24T16:41:15.300Z","level":"INFO","title":"TEMPLATE","message":"compile templates\\tpr_petty_cash_request.hbs","templatePath":"C:\\Projcet TPR\\report-server\\templates\\tpr_petty_cash_request.hbs"}
{"ts":"2026-05-24T16:41:15.300Z","level":"INFO","title":"TEMPLATE","message":"compile templates\\tpr_petty_cash_payment_report.hbs","templatePath":"C:\\Projcet TPR\\report-server\\templates\\tpr_petty_cash_payment_report.hbs"}
{"ts":"2026-05-24T16:41:15.300Z","level":"INFO","title":"TEMPLATE","message":"compile templates\\tpr_receipt_certification.hbs","templatePath":"C:\\Projcet TPR\\report-server\\templates\\tpr_receipt_certification.hbs"}
{"ts":"2026-05-24T16:41:15.301Z","level":"INFO","title":"TEMPLATE","message":"compile templates\\tpr_payroll_slip.hbs","templatePath":"C:\\Projcet TPR\\report-server\\templates\\tpr_payroll_slip.hbs"}
{"ts":"2026-05-24T16:41:15.301Z","level":"WARN","title":"CSS","message":"inline missing: C:\\Projcet TPR\\report-server\\public\\css\\quotation.css (ไม่จำเป็นถ้า CSS อยู่ใน hbs แล้ว)","cssPath":"C:\\Projcet TPR\\report-server\\public\\css\\quotation.css"}
{"ts":"2026-05-24T16:41:15.320Z","level":"OK","title":"READY","message":"PDF server is running","port":4100,"logFile":"C:\\Projcet TPR\\report-server\\logs\\server-2026-05-24.log"}
{"ts":"2026-05-24T16:41:15.321Z","level":"BOOT","message":"PDF server is running","port":4100,"logFile":"C:\\Projcet TPR\\report-server\\logs\\server-2026-05-24.log"}
{"ts":"2026-05-24T16:41:35.522Z","level":"STEP","reqId":"MPK08NC1-HQKW48","route":"RECEIPT","stage":"START","detail":"OPTIONS /tpr-receipt/pdf","method":"OPTIONS","url":"/tpr-receipt/pdf"}
{"ts":"2026-05-24T16:41:35.522Z","level":"REQUEST_START","reqId":"MPK08NC1-HQKW48","route":"RECEIPT","method":"OPTIONS","url":"/tpr-receipt/pdf","ip":"::1","origin":"http://localhost:5174","ua":"Mozilla/5.0 (Windows NT 10.0; Win64; x64) AppleWebKit/537.36 (KHTML, like Gecko) Chrome/148.0.0.0 Safari/537.36","payloadBytes":2}
{"ts":"2026-05-24T16:41:35.527Z","level":"REQUEST_DONE","reqId":"MPK08NC1-HQKW48","route":"RECEIPT","method":"OPTIONS","url":"/tpr-receipt/pdf","status":204,"durationMs":5,"responseSize":"0 B"}
{"ts":"2026-05-24T16:41:35.528Z","level":"STEP","reqId":"MPK08NC8-QLGPL9","route":"RECEIPT","stage":"START","detail":"POST /tpr-receipt/pdf","method":"POST","url":"/tpr-receipt/pdf"}
{"ts":"2026-05-24T16:41:35.529Z","level":"REQUEST_START","reqId":"MPK08NC8-QLGPL9","route":"RECEIPT","method":"POST","url":"/tpr-receipt/pdf","ip":"::1","origin":"http://localhost:5174","ua":"Mozilla/5.0 (Windows NT 10.0; Win64; x64) AppleWebKit/537.36 (KHTML, like Gecko) Chrome/148.0.0.0 Safari/537.36","payloadBytes":2}
{"ts":"2026-05-24T16:41:35.540Z","level":"STEP","reqId":"MPK08NC8-QLGPL9","route":"RECEIPT","stage":"ROUTE","detail":"pdf mode","method":"POST","url":"/tpr-receipt/pdf"}
{"ts":"2026-05-24T16:41:35.541Z","level":"STEP","reqId":"MPK08NC8-QLGPL9","route":"RECEIPT","stage":"NORMALIZE","detail":"payload 1.15 KB","method":"POST","url":"/tpr-receipt/pdf"}
{"ts":"2026-05-24T16:41:35.542Z","level":"STEP","reqId":"MPK08NC8-QLGPL9","route":"RECEIPT","stage":"TEMPLATE","detail":"render html before pdf","method":"POST","url":"/tpr-receipt/pdf"}
{"ts":"2026-05-24T16:41:35.572Z","level":"INFO","title":"PUPPETEER","message":"launch browser..."}
{"ts":"2026-05-24T16:41:35.949Z","level":"OK","title":"PUPPETEER","message":"browser launched"}
{"ts":"2026-05-24T16:41:36.000Z","level":"STEP","reqId":"MPK08NC8-QLGPL9","route":"RECEIPT","stage":"PDF:PAGE_OPEN","detail":"create new page","method":"POST","url":"/tpr-receipt/pdf"}
{"ts":"2026-05-24T16:41:36.004Z","level":"STEP","reqId":"MPK08NC8-QLGPL9","route":"RECEIPT","stage":"PDF:SET_CONTENT","detail":"html size 10.0 KB","method":"POST","url":"/tpr-receipt/pdf"}
{"ts":"2026-05-24T16:41:37.533Z","level":"STEP","reqId":"MPK08NC8-QLGPL9","route":"RECEIPT","stage":"PDF:FONTS_READY","detail":"waiting document.fonts.ready","method":"POST","url":"/tpr-receipt/pdf"}
{"ts":"2026-05-24T16:41:37.535Z","level":"STEP","reqId":"MPK08NC8-QLGPL9","route":"RECEIPT","stage":"PDF:RENDER","detail":"format=A4 media=screen landscape=false","method":"POST","url":"/tpr-receipt/pdf"}
{"ts":"2026-05-24T16:41:37.746Z","level":"STEP","reqId":"MPK08NC8-QLGPL9","route":"RECEIPT","stage":"PDF:BUFFER_READY","detail":"pdf size 207 KB","method":"POST","url":"/tpr-receipt/pdf"}
{"ts":"2026-05-24T16:41:37.746Z","level":"STEP","reqId":"MPK08NC8-QLGPL9","route":"RECEIPT","stage":"PDF:PAGE_CLOSE","detail":"close page","method":"POST","url":"/tpr-receipt/pdf"}
{"ts":"2026-05-24T16:41:37.760Z","level":"STEP","reqId":"MPK08NC8-QLGPL9","route":"RECEIPT","stage":"RESPOND_PDF","detail":"filename=tpr_receipt.pdf","method":"POST","url":"/tpr-receipt/pdf"}
{"ts":"2026-05-24T16:41:37.760Z","level":"PDF_RESPONSE","reqId":"MPK08NC8-QLGPL9","route":"RECEIPT","method":"POST","url":"/tpr-receipt/pdf","filename":"tpr_receipt.pdf","pdfBytes":212347}
{"ts":"2026-05-24T16:41:37.765Z","level":"REQUEST_DONE","reqId":"MPK08NC8-QLGPL9","route":"RECEIPT","method":"POST","url":"/tpr-receipt/pdf","status":200,"durationMs":2236,"responseSize":"207 KB"}
{"ts":"2026-05-24T16:42:42.418Z","level":"STEP","reqId":"MPK0A2Y9-D1TT33","route":"INVOICE","stage":"START","detail":"OPTIONS /tpr-invoice/pdf","method":"OPTIONS","url":"/tpr-invoice/pdf"}
{"ts":"2026-05-24T16:42:42.418Z","level":"REQUEST_START","reqId":"MPK0A2Y9-D1TT33","route":"INVOICE","method":"OPTIONS","url":"/tpr-invoice/pdf","ip":"::1","origin":"http://localhost:5174","ua":"Mozilla/5.0 (Windows NT 10.0; Win64; x64) AppleWebKit/537.36 (KHTML, like Gecko) Chrome/148.0.0.0 Safari/537.36","payloadBytes":2}
{"ts":"2026-05-24T16:42:42.419Z","level":"REQUEST_DONE","reqId":"MPK0A2Y9-D1TT33","route":"INVOICE","method":"OPTIONS","url":"/tpr-invoice/pdf","status":204,"durationMs":2,"responseSize":"0 B"}
{"ts":"2026-05-24T16:42:42.420Z","level":"STEP","reqId":"MPK0A2YC-PVTXYD","route":"INVOICE","stage":"START","detail":"POST /tpr-invoice/pdf","method":"POST","url":"/tpr-invoice/pdf"}
{"ts":"2026-05-24T16:42:42.420Z","level":"REQUEST_START","reqId":"MPK0A2YC-PVTXYD","route":"INVOICE","method":"POST","url":"/tpr-invoice/pdf","ip":"::1","origin":"http://localhost:5174","ua":"Mozilla/5.0 (Windows NT 10.0; Win64; x64) AppleWebKit/537.36 (KHTML, like Gecko) Chrome/148.0.0.0 Safari/537.36","payloadBytes":2}
{"ts":"2026-05-24T16:42:42.422Z","level":"STEP","reqId":"MPK0A2YC-PVTXYD","route":"INVOICE","stage":"ROUTE","detail":"pdf mode","method":"POST","url":"/tpr-invoice/pdf"}
{"ts":"2026-05-24T16:42:42.422Z","level":"STEP","reqId":"MPK0A2YC-PVTXYD","route":"INVOICE","stage":"NORMALIZE","detail":"payload 1.23 KB","method":"POST","url":"/tpr-invoice/pdf"}
{"ts":"2026-05-24T16:42:42.423Z","level":"STEP","reqId":"MPK0A2YC-PVTXYD","route":"INVOICE","stage":"TEMPLATE","detail":"render html before pdf","method":"POST","url":"/tpr-invoice/pdf"}
{"ts":"2026-05-24T16:42:42.431Z","level":"INFO","title":"PUPPETEER","message":"reuse existing browser instance"}
{"ts":"2026-05-24T16:42:42.470Z","level":"STEP","reqId":"MPK0A2YC-PVTXYD","route":"INVOICE","stage":"PDF:PAGE_OPEN","detail":"create new page","method":"POST","url":"/tpr-invoice/pdf"}
{"ts":"2026-05-24T16:42:42.473Z","level":"STEP","reqId":"MPK0A2YC-PVTXYD","route":"INVOICE","stage":"PDF:SET_CONTENT","detail":"html size 9.91 KB","method":"POST","url":"/tpr-invoice/pdf"}
{"ts":"2026-05-24T16:42:45.490Z","level":"STEP","reqId":"MPK0A2YC-PVTXYD","route":"INVOICE","stage":"PDF:FONTS_READY","detail":"waiting document.fonts.ready","method":"POST","url":"/tpr-invoice/pdf"}
{"ts":"2026-05-24T16:42:45.492Z","level":"STEP","reqId":"MPK0A2YC-PVTXYD","route":"INVOICE","stage":"PDF:RENDER","detail":"format=A4 media=screen landscape=false","method":"POST","url":"/tpr-invoice/pdf"}
{"ts":"2026-05-24T16:42:45.669Z","level":"STEP","reqId":"MPK0A2YC-PVTXYD","route":"INVOICE","stage":"PDF:BUFFER_READY","detail":"pdf size 205 KB","method":"POST","url":"/tpr-invoice/pdf"}
{"ts":"2026-05-24T16:42:45.669Z","level":"STEP","reqId":"MPK0A2YC-PVTXYD","route":"INVOICE","stage":"PDF:PAGE_CLOSE","detail":"close page","method":"POST","url":"/tpr-invoice/pdf"}
{"ts":"2026-05-24T16:42:45.681Z","level":"STEP","reqId":"MPK0A2YC-PVTXYD","route":"INVOICE","stage":"RESPOND_PDF","detail":"filename=tpr_invoice.pdf","method":"POST","url":"/tpr-invoice/pdf"}
{"ts":"2026-05-24T16:42:45.682Z","level":"PDF_RESPONSE","reqId":"MPK0A2YC-PVTXYD","route":"INVOICE","method":"POST","url":"/tpr-invoice/pdf","filename":"tpr_invoice.pdf","pdfBytes":209905}
{"ts":"2026-05-24T16:42:45.683Z","level":"REQUEST_DONE","reqId":"MPK0A2YC-PVTXYD","route":"INVOICE","method":"POST","url":"/tpr-invoice/pdf","status":200,"durationMs":3263,"responseSize":"205 KB"}
{"ts":"2026-05-24T16:50:20.879Z","level":"STEP","reqId":"MPK0JWPB-D450A8","route":"INVOICE","stage":"START","detail":"OPTIONS /tpr-invoice/pdf","method":"OPTIONS","url":"/tpr-invoice/pdf"}
{"ts":"2026-05-24T16:50:20.880Z","level":"REQUEST_START","reqId":"MPK0JWPB-D450A8","route":"INVOICE","method":"OPTIONS","url":"/tpr-invoice/pdf","ip":"::1","origin":"http://localhost:5174","ua":"Mozilla/5.0 (Windows NT 10.0; Win64; x64) AppleWebKit/537.36 (KHTML, like Gecko) Chrome/148.0.0.0 Safari/537.36","payloadBytes":2}
{"ts":"2026-05-24T16:50:20.881Z","level":"REQUEST_DONE","reqId":"MPK0JWPB-D450A8","route":"INVOICE","method":"OPTIONS","url":"/tpr-invoice/pdf","status":204,"durationMs":2,"responseSize":"0 B"}
{"ts":"2026-05-24T16:50:20.882Z","level":"STEP","reqId":"MPK0JWPE-3Z8XDT","route":"INVOICE","stage":"START","detail":"POST /tpr-invoice/pdf","method":"POST","url":"/tpr-invoice/pdf"}
{"ts":"2026-05-24T16:50:20.883Z","level":"REQUEST_START","reqId":"MPK0JWPE-3Z8XDT","route":"INVOICE","method":"POST","url":"/tpr-invoice/pdf","ip":"::1","origin":"http://localhost:5174","ua":"Mozilla/5.0 (Windows NT 10.0; Win64; x64) AppleWebKit/537.36 (KHTML, like Gecko) Chrome/148.0.0.0 Safari/537.36","payloadBytes":2}
{"ts":"2026-05-24T16:50:20.884Z","level":"STEP","reqId":"MPK0JWPE-3Z8XDT","route":"INVOICE","stage":"ROUTE","detail":"pdf mode","method":"POST","url":"/tpr-invoice/pdf"}
{"ts":"2026-05-24T16:50:20.884Z","level":"STEP","reqId":"MPK0JWPE-3Z8XDT","route":"INVOICE","stage":"NORMALIZE","detail":"payload 1.46 KB","method":"POST","url":"/tpr-invoice/pdf"}
{"ts":"2026-05-24T16:50:20.885Z","level":"STEP","reqId":"MPK0JWPE-3Z8XDT","route":"INVOICE","stage":"TEMPLATE","detail":"render html before pdf","method":"POST","url":"/tpr-invoice/pdf"}
{"ts":"2026-05-24T16:50:20.886Z","level":"INFO","title":"PUPPETEER","message":"reuse existing browser instance"}
{"ts":"2026-05-24T16:50:20.939Z","level":"STEP","reqId":"MPK0JWPE-3Z8XDT","route":"INVOICE","stage":"PDF:PAGE_OPEN","detail":"create new page","method":"POST","url":"/tpr-invoice/pdf"}
{"ts":"2026-05-24T16:50:20.944Z","level":"STEP","reqId":"MPK0JWPE-3Z8XDT","route":"INVOICE","stage":"PDF:SET_CONTENT","detail":"html size 10.3 KB","method":"POST","url":"/tpr-invoice/pdf"}
{"ts":"2026-05-24T16:50:22.457Z","level":"STEP","reqId":"MPK0JWPE-3Z8XDT","route":"INVOICE","stage":"PDF:FONTS_READY","detail":"waiting document.fonts.ready","method":"POST","url":"/tpr-invoice/pdf"}
{"ts":"2026-05-24T16:50:22.459Z","level":"STEP","reqId":"MPK0JWPE-3Z8XDT","route":"INVOICE","stage":"PDF:RENDER","detail":"format=A4 media=screen landscape=false","method":"POST","url":"/tpr-invoice/pdf"}
{"ts":"2026-05-24T16:50:22.630Z","level":"STEP","reqId":"MPK0JWPE-3Z8XDT","route":"INVOICE","stage":"PDF:BUFFER_READY","detail":"pdf size 217 KB","method":"POST","url":"/tpr-invoice/pdf"}
{"ts":"2026-05-24T16:50:22.630Z","level":"STEP","reqId":"MPK0JWPE-3Z8XDT","route":"INVOICE","stage":"PDF:PAGE_CLOSE","detail":"close page","method":"POST","url":"/tpr-invoice/pdf"}
{"ts":"2026-05-24T16:50:22.641Z","level":"STEP","reqId":"MPK0JWPE-3Z8XDT","route":"INVOICE","stage":"RESPOND_PDF","detail":"filename=tpr_invoice.pdf","method":"POST","url":"/tpr-invoice/pdf"}
{"ts":"2026-05-24T16:50:22.641Z","level":"PDF_RESPONSE","reqId":"MPK0JWPE-3Z8XDT","route":"INVOICE","method":"POST","url":"/tpr-invoice/pdf","filename":"tpr_invoice.pdf","pdfBytes":222713}
{"ts":"2026-05-24T16:50:22.643Z","level":"REQUEST_DONE","reqId":"MPK0JWPE-3Z8XDT","route":"INVOICE","method":"POST","url":"/tpr-invoice/pdf","status":200,"durationMs":1761,"responseSize":"217 KB"}
{"ts":"2026-05-24T16:50:34.361Z","level":"STEP","reqId":"MPK0K73T-XF93D2","route":"RECEIPT","stage":"START","detail":"OPTIONS /tpr-receipt/pdf","method":"OPTIONS","url":"/tpr-receipt/pdf"}
{"ts":"2026-05-24T16:50:34.362Z","level":"REQUEST_START","reqId":"MPK0K73T-XF93D2","route":"RECEIPT","method":"OPTIONS","url":"/tpr-receipt/pdf","ip":"::1","origin":"http://localhost:5174","ua":"Mozilla/5.0 (Windows NT 10.0; Win64; x64) AppleWebKit/537.36 (KHTML, like Gecko) Chrome/148.0.0.0 Safari/537.36","payloadBytes":2}
{"ts":"2026-05-24T16:50:34.363Z","level":"REQUEST_DONE","reqId":"MPK0K73T-XF93D2","route":"RECEIPT","method":"OPTIONS","url":"/tpr-receipt/pdf","status":204,"durationMs":2,"responseSize":"0 B"}
{"ts":"2026-05-24T16:50:34.364Z","level":"STEP","reqId":"MPK0K73W-4EODBU","route":"RECEIPT","stage":"START","detail":"POST /tpr-receipt/pdf","method":"POST","url":"/tpr-receipt/pdf"}
{"ts":"2026-05-24T16:50:34.365Z","level":"REQUEST_START","reqId":"MPK0K73W-4EODBU","route":"RECEIPT","method":"POST","url":"/tpr-receipt/pdf","ip":"::1","origin":"http://localhost:5174","ua":"Mozilla/5.0 (Windows NT 10.0; Win64; x64) AppleWebKit/537.36 (KHTML, like Gecko) Chrome/148.0.0.0 Safari/537.36","payloadBytes":2}
{"ts":"2026-05-24T16:50:34.366Z","level":"STEP","reqId":"MPK0K73W-4EODBU","route":"RECEIPT","stage":"ROUTE","detail":"pdf mode","method":"POST","url":"/tpr-receipt/pdf"}
{"ts":"2026-05-24T16:50:34.366Z","level":"STEP","reqId":"MPK0K73W-4EODBU","route":"RECEIPT","stage":"NORMALIZE","detail":"payload 1.38 KB","method":"POST","url":"/tpr-receipt/pdf"}
{"ts":"2026-05-24T16:50:34.367Z","level":"STEP","reqId":"MPK0K73W-4EODBU","route":"RECEIPT","stage":"TEMPLATE","detail":"render html before pdf","method":"POST","url":"/tpr-receipt/pdf"}
{"ts":"2026-05-24T16:50:34.368Z","level":"INFO","title":"PUPPETEER","message":"reuse existing browser instance"}
{"ts":"2026-05-24T16:50:34.407Z","level":"STEP","reqId":"MPK0K73W-4EODBU","route":"RECEIPT","stage":"PDF:PAGE_OPEN","detail":"create new page","method":"POST","url":"/tpr-receipt/pdf"}
{"ts":"2026-05-24T16:50:34.409Z","level":"STEP","reqId":"MPK0K73W-4EODBU","route":"RECEIPT","stage":"PDF:SET_CONTENT","detail":"html size 10.4 KB","method":"POST","url":"/tpr-receipt/pdf"}
{"ts":"2026-05-24T16:50:35.397Z","level":"STEP","reqId":"MPK0K73W-4EODBU","route":"RECEIPT","stage":"PDF:FONTS_READY","detail":"waiting document.fonts.ready","method":"POST","url":"/tpr-receipt/pdf"}
{"ts":"2026-05-24T16:50:35.399Z","level":"STEP","reqId":"MPK0K73W-4EODBU","route":"RECEIPT","stage":"PDF:RENDER","detail":"format=A4 media=screen landscape=false","method":"POST","url":"/tpr-receipt/pdf"}
{"ts":"2026-05-24T16:50:35.573Z","level":"STEP","reqId":"MPK0K73W-4EODBU","route":"RECEIPT","stage":"PDF:BUFFER_READY","detail":"pdf size 221 KB","method":"POST","url":"/tpr-receipt/pdf"}
{"ts":"2026-05-24T16:50:35.574Z","level":"STEP","reqId":"MPK0K73W-4EODBU","route":"RECEIPT","stage":"PDF:PAGE_CLOSE","detail":"close page","method":"POST","url":"/tpr-receipt/pdf"}
{"ts":"2026-05-24T16:50:35.585Z","level":"STEP","reqId":"MPK0K73W-4EODBU","route":"RECEIPT","stage":"RESPOND_PDF","detail":"filename=tpr_receipt.pdf","method":"POST","url":"/tpr-receipt/pdf"}
{"ts":"2026-05-24T16:50:35.586Z","level":"PDF_RESPONSE","reqId":"MPK0K73W-4EODBU","route":"RECEIPT","method":"POST","url":"/tpr-receipt/pdf","filename":"tpr_receipt.pdf","pdfBytes":225925}
{"ts":"2026-05-24T16:50:35.588Z","level":"REQUEST_DONE","reqId":"MPK0K73W-4EODBU","route":"RECEIPT","method":"POST","url":"/tpr-receipt/pdf","status":200,"durationMs":1224,"responseSize":"221 KB"}
