{"ts":"2026-04-30T02:25:43.100Z","level":"INFO","title":"TEMPLATE","message":"compile templates\\tpr_quotation.hbs","templatePath":"C:\\Projcet TPR\\report-server\\templates\\tpr_quotation.hbs"}
{"ts":"2026-04-30T02:25:43.102Z","level":"INFO","title":"TEMPLATE","message":"compile templates\\tpr_credit_note.hbs","templatePath":"C:\\Projcet TPR\\report-server\\templates\\tpr_credit_note.hbs"}
{"ts":"2026-04-30T02:25:43.103Z","level":"INFO","title":"TEMPLATE","message":"compile templates\\tpr_invoice.hbs","templatePath":"C:\\Projcet TPR\\report-server\\templates\\tpr_invoice.hbs"}
{"ts":"2026-04-30T02:25:43.103Z","level":"INFO","title":"TEMPLATE","message":"compile templates\\tpr_purchase_order.hbs","templatePath":"C:\\Projcet TPR\\report-server\\templates\\tpr_purchase_order.hbs"}
{"ts":"2026-04-30T02:25:43.104Z","level":"INFO","title":"TEMPLATE","message":"compile templates\\tpr_receipt.hbs","templatePath":"C:\\Projcet TPR\\report-server\\templates\\tpr_receipt.hbs"}
{"ts":"2026-04-30T02:25:43.105Z","level":"INFO","title":"TEMPLATE","message":"compile templates\\tpr_tax_receipt.hbs","templatePath":"C:\\Projcet TPR\\report-server\\templates\\tpr_tax_receipt.hbs"}
{"ts":"2026-04-30T02:25:43.105Z","level":"INFO","title":"TEMPLATE","message":"compile templates\\tpr_withholding_tax_certificate.hbs","templatePath":"C:\\Projcet TPR\\report-server\\templates\\tpr_withholding_tax_certificate.hbs"}
{"ts":"2026-04-30T02:25:43.106Z","level":"INFO","title":"TEMPLATE","message":"compile templates\\tpr_payment_voucher.hbs","templatePath":"C:\\Projcet TPR\\report-server\\templates\\tpr_payment_voucher.hbs"}
{"ts":"2026-04-30T02:25:43.107Z","level":"INFO","title":"TEMPLATE","message":"compile templates\\tpr_receipt_voucher.hbs","templatePath":"C:\\Projcet TPR\\report-server\\templates\\tpr_receipt_voucher.hbs"}
{"ts":"2026-04-30T02:25:43.109Z","level":"INFO","title":"TEMPLATE","message":"compile templates\\tpr_petty_cash_voucher.hbs","templatePath":"C:\\Projcet TPR\\report-server\\templates\\tpr_petty_cash_voucher.hbs"}
{"ts":"2026-04-30T02:25:43.110Z","level":"INFO","title":"TEMPLATE","message":"compile templates\\tpr_petty_cash_request.hbs","templatePath":"C:\\Projcet TPR\\report-server\\templates\\tpr_petty_cash_request.hbs"}
{"ts":"2026-04-30T02:25:43.111Z","level":"INFO","title":"TEMPLATE","message":"compile templates\\tpr_petty_cash_payment_report.hbs","templatePath":"C:\\Projcet TPR\\report-server\\templates\\tpr_petty_cash_payment_report.hbs"}
{"ts":"2026-04-30T02:25:43.113Z","level":"INFO","title":"TEMPLATE","message":"compile templates\\tpr_receipt_certification.hbs","templatePath":"C:\\Projcet TPR\\report-server\\templates\\tpr_receipt_certification.hbs"}
{"ts":"2026-04-30T02:25:43.115Z","level":"WARN","title":"CSS","message":"inline missing: C:\\Projcet TPR\\report-server\\public\\css\\quotation.css (ไม่จำเป็นถ้า CSS อยู่ใน hbs แล้ว)","cssPath":"C:\\Projcet TPR\\report-server\\public\\css\\quotation.css"}
{"ts":"2026-04-30T02:25:43.121Z","level":"LOG_CLEANUP","message":"old log deleted","file":"server-2026-03-16.log"}
{"ts":"2026-04-30T02:25:43.121Z","level":"LOG_CLEANUP","message":"old log deleted","file":"server-2026-03-17.log"}
{"ts":"2026-04-30T02:25:43.122Z","level":"LOG_CLEANUP","message":"old log deleted","file":"server-2026-03-18.log"}
{"ts":"2026-04-30T02:25:43.122Z","level":"LOG_CLEANUP","message":"old log deleted","file":"server-2026-03-19.log"}
{"ts":"2026-04-30T02:25:43.122Z","level":"LOG_CLEANUP","message":"old log deleted","file":"server-2026-03-20.log"}
{"ts":"2026-04-30T02:25:43.123Z","level":"LOG_CLEANUP","message":"old log deleted","file":"server-2026-03-25.log"}
{"ts":"2026-04-30T02:25:43.142Z","level":"OK","title":"READY","message":"PDF server is running","port":4100,"logFile":"C:\\Projcet TPR\\report-server\\logs\\server-2026-04-30.log"}
{"ts":"2026-04-30T02:25:43.142Z","level":"BOOT","message":"PDF server is running","port":4100,"logFile":"C:\\Projcet TPR\\report-server\\logs\\server-2026-04-30.log"}
{"ts":"2026-04-30T03:43:35.791Z","level":"STEP","reqId":"MOKXVP0U-BON7TJ","route":"INVOICE","stage":"START","detail":"OPTIONS /tpr-invoice/pdf","method":"OPTIONS","url":"/tpr-invoice/pdf"}
{"ts":"2026-04-30T03:43:35.795Z","level":"REQUEST_START","reqId":"MOKXVP0U-BON7TJ","route":"INVOICE","method":"OPTIONS","url":"/tpr-invoice/pdf","ip":"::1","origin":"http://localhost:5174","ua":"Mozilla/5.0 (Windows NT 10.0; Win64; x64) AppleWebKit/537.36 (KHTML, like Gecko) Chrome/147.0.0.0 Safari/537.36","payloadBytes":2}
{"ts":"2026-04-30T03:43:35.799Z","level":"REQUEST_DONE","reqId":"MOKXVP0U-BON7TJ","route":"INVOICE","method":"OPTIONS","url":"/tpr-invoice/pdf","status":204,"durationMs":8,"responseSize":"0 B"}
{"ts":"2026-04-30T03:43:35.801Z","level":"STEP","reqId":"MOKXVP14-YTM4WV","route":"INVOICE","stage":"START","detail":"POST /tpr-invoice/pdf","method":"POST","url":"/tpr-invoice/pdf"}
{"ts":"2026-04-30T03:43:35.801Z","level":"REQUEST_START","reqId":"MOKXVP14-YTM4WV","route":"INVOICE","method":"POST","url":"/tpr-invoice/pdf","ip":"::1","origin":"http://localhost:5174","ua":"Mozilla/5.0 (Windows NT 10.0; Win64; x64) AppleWebKit/537.36 (KHTML, like Gecko) Chrome/147.0.0.0 Safari/537.36","payloadBytes":2}
{"ts":"2026-04-30T03:43:35.826Z","level":"STEP","reqId":"MOKXVP14-YTM4WV","route":"INVOICE","stage":"ROUTE","detail":"pdf mode","method":"POST","url":"/tpr-invoice/pdf"}
{"ts":"2026-04-30T03:43:35.827Z","level":"STEP","reqId":"MOKXVP14-YTM4WV","route":"INVOICE","stage":"NORMALIZE","detail":"payload 738 B","method":"POST","url":"/tpr-invoice/pdf"}
{"ts":"2026-04-30T03:43:35.833Z","level":"STEP","reqId":"MOKXVP14-YTM4WV","route":"INVOICE","stage":"TEMPLATE","detail":"render html before pdf","method":"POST","url":"/tpr-invoice/pdf"}
{"ts":"2026-04-30T03:43:35.861Z","level":"INFO","title":"PUPPETEER","message":"launch browser..."}
{"ts":"2026-04-30T03:43:36.357Z","level":"OK","title":"PUPPETEER","message":"browser launched"}
{"ts":"2026-04-30T03:43:36.394Z","level":"STEP","reqId":"MOKXVP14-YTM4WV","route":"INVOICE","stage":"PDF:PAGE_OPEN","detail":"create new page","method":"POST","url":"/tpr-invoice/pdf"}
{"ts":"2026-04-30T03:43:36.399Z","level":"STEP","reqId":"MOKXVP14-YTM4WV","route":"INVOICE","stage":"PDF:SET_CONTENT","detail":"html size 10.7 KB","method":"POST","url":"/tpr-invoice/pdf"}
{"ts":"2026-04-30T03:43:37.237Z","level":"STEP","reqId":"MOKXVP14-YTM4WV","route":"INVOICE","stage":"PDF:FONTS_READY","detail":"waiting document.fonts.ready","method":"POST","url":"/tpr-invoice/pdf"}
{"ts":"2026-04-30T03:43:37.240Z","level":"STEP","reqId":"MOKXVP14-YTM4WV","route":"INVOICE","stage":"PDF:RENDER","detail":"format=A4 media=screen landscape=false","method":"POST","url":"/tpr-invoice/pdf"}
{"ts":"2026-04-30T03:43:37.408Z","level":"STEP","reqId":"MOKXVP14-YTM4WV","route":"INVOICE","stage":"PDF:BUFFER_READY","detail":"pdf size 150 KB","method":"POST","url":"/tpr-invoice/pdf"}
{"ts":"2026-04-30T03:43:37.409Z","level":"STEP","reqId":"MOKXVP14-YTM4WV","route":"INVOICE","stage":"PDF:PAGE_CLOSE","detail":"close page","method":"POST","url":"/tpr-invoice/pdf"}
{"ts":"2026-04-30T03:43:37.418Z","level":"STEP","reqId":"MOKXVP14-YTM4WV","route":"INVOICE","stage":"RESPOND_PDF","detail":"filename=tpr_invoice.pdf","method":"POST","url":"/tpr-invoice/pdf"}
{"ts":"2026-04-30T03:43:37.418Z","level":"PDF_RESPONSE","reqId":"MOKXVP14-YTM4WV","route":"INVOICE","method":"POST","url":"/tpr-invoice/pdf","filename":"tpr_invoice.pdf","pdfBytes":153970}
{"ts":"2026-04-30T03:43:37.421Z","level":"REQUEST_DONE","reqId":"MOKXVP14-YTM4WV","route":"INVOICE","method":"POST","url":"/tpr-invoice/pdf","status":200,"durationMs":1621,"responseSize":"150 KB"}
{"ts":"2026-04-30T03:50:12.624Z","level":"STEP","reqId":"MOKY477Z-WH4SEN","route":"INVOICE","stage":"START","detail":"OPTIONS /tpr-invoice/pdf","method":"OPTIONS","url":"/tpr-invoice/pdf"}
{"ts":"2026-04-30T03:50:12.624Z","level":"REQUEST_START","reqId":"MOKY477Z-WH4SEN","route":"INVOICE","method":"OPTIONS","url":"/tpr-invoice/pdf","ip":"::1","origin":"http://localhost:5174","ua":"Mozilla/5.0 (Windows NT 10.0; Win64; x64) AppleWebKit/537.36 (KHTML, like Gecko) Chrome/147.0.0.0 Safari/537.36","payloadBytes":2}
{"ts":"2026-04-30T03:50:12.626Z","level":"REQUEST_DONE","reqId":"MOKY477Z-WH4SEN","route":"INVOICE","method":"OPTIONS","url":"/tpr-invoice/pdf","status":204,"durationMs":2,"responseSize":"0 B"}
{"ts":"2026-04-30T03:50:12.627Z","level":"STEP","reqId":"MOKY4783-N3KCGP","route":"INVOICE","stage":"START","detail":"POST /tpr-invoice/pdf","method":"POST","url":"/tpr-invoice/pdf"}
{"ts":"2026-04-30T03:50:12.628Z","level":"REQUEST_START","reqId":"MOKY4783-N3KCGP","route":"INVOICE","method":"POST","url":"/tpr-invoice/pdf","ip":"::1","origin":"http://localhost:5174","ua":"Mozilla/5.0 (Windows NT 10.0; Win64; x64) AppleWebKit/537.36 (KHTML, like Gecko) Chrome/147.0.0.0 Safari/537.36","payloadBytes":2}
{"ts":"2026-04-30T03:50:12.630Z","level":"STEP","reqId":"MOKY4783-N3KCGP","route":"INVOICE","stage":"ROUTE","detail":"pdf mode","method":"POST","url":"/tpr-invoice/pdf"}
{"ts":"2026-04-30T03:50:12.630Z","level":"STEP","reqId":"MOKY4783-N3KCGP","route":"INVOICE","stage":"NORMALIZE","detail":"payload 738 B","method":"POST","url":"/tpr-invoice/pdf"}
{"ts":"2026-04-30T03:50:12.631Z","level":"STEP","reqId":"MOKY4783-N3KCGP","route":"INVOICE","stage":"TEMPLATE","detail":"render html before pdf","method":"POST","url":"/tpr-invoice/pdf"}
{"ts":"2026-04-30T03:50:12.633Z","level":"INFO","title":"PUPPETEER","message":"reuse existing browser instance"}
{"ts":"2026-04-30T03:50:12.673Z","level":"STEP","reqId":"MOKY4783-N3KCGP","route":"INVOICE","stage":"PDF:PAGE_OPEN","detail":"create new page","method":"POST","url":"/tpr-invoice/pdf"}
{"ts":"2026-04-30T03:50:12.677Z","level":"STEP","reqId":"MOKY4783-N3KCGP","route":"INVOICE","stage":"PDF:SET_CONTENT","detail":"html size 10.7 KB","method":"POST","url":"/tpr-invoice/pdf"}
{"ts":"2026-04-30T03:50:13.666Z","level":"STEP","reqId":"MOKY4783-N3KCGP","route":"INVOICE","stage":"PDF:FONTS_READY","detail":"waiting document.fonts.ready","method":"POST","url":"/tpr-invoice/pdf"}
{"ts":"2026-04-30T03:50:13.669Z","level":"STEP","reqId":"MOKY4783-N3KCGP","route":"INVOICE","stage":"PDF:RENDER","detail":"format=A4 media=screen landscape=false","method":"POST","url":"/tpr-invoice/pdf"}
{"ts":"2026-04-30T03:50:13.825Z","level":"STEP","reqId":"MOKY4783-N3KCGP","route":"INVOICE","stage":"PDF:BUFFER_READY","detail":"pdf size 150 KB","method":"POST","url":"/tpr-invoice/pdf"}
{"ts":"2026-04-30T03:50:13.826Z","level":"STEP","reqId":"MOKY4783-N3KCGP","route":"INVOICE","stage":"PDF:PAGE_CLOSE","detail":"close page","method":"POST","url":"/tpr-invoice/pdf"}
{"ts":"2026-04-30T03:50:13.836Z","level":"STEP","reqId":"MOKY4783-N3KCGP","route":"INVOICE","stage":"RESPOND_PDF","detail":"filename=tpr_invoice.pdf","method":"POST","url":"/tpr-invoice/pdf"}
{"ts":"2026-04-30T03:50:13.837Z","level":"PDF_RESPONSE","reqId":"MOKY4783-N3KCGP","route":"INVOICE","method":"POST","url":"/tpr-invoice/pdf","filename":"tpr_invoice.pdf","pdfBytes":153970}
{"ts":"2026-04-30T03:50:13.838Z","level":"REQUEST_DONE","reqId":"MOKY4783-N3KCGP","route":"INVOICE","method":"POST","url":"/tpr-invoice/pdf","status":200,"durationMs":1211,"responseSize":"150 KB"}
{"ts":"2026-04-30T04:02:10.729Z","level":"STEP","reqId":"MOKYJLBC-RHCI23","route":"INVOICE","stage":"START","detail":"OPTIONS /tpr-invoice/pdf","method":"OPTIONS","url":"/tpr-invoice/pdf"}
{"ts":"2026-04-30T04:02:10.729Z","level":"REQUEST_START","reqId":"MOKYJLBC-RHCI23","route":"INVOICE","method":"OPTIONS","url":"/tpr-invoice/pdf","ip":"::1","origin":"http://localhost:5174","ua":"Mozilla/5.0 (Windows NT 10.0; Win64; x64) AppleWebKit/537.36 (KHTML, like Gecko) Chrome/147.0.0.0 Safari/537.36","payloadBytes":2}
{"ts":"2026-04-30T04:02:10.731Z","level":"REQUEST_DONE","reqId":"MOKYJLBC-RHCI23","route":"INVOICE","method":"OPTIONS","url":"/tpr-invoice/pdf","status":204,"durationMs":2,"responseSize":"0 B"}
{"ts":"2026-04-30T04:02:10.732Z","level":"STEP","reqId":"MOKYJLBG-0Y8LIV","route":"INVOICE","stage":"START","detail":"POST /tpr-invoice/pdf","method":"POST","url":"/tpr-invoice/pdf"}
{"ts":"2026-04-30T04:02:10.733Z","level":"REQUEST_START","reqId":"MOKYJLBG-0Y8LIV","route":"INVOICE","method":"POST","url":"/tpr-invoice/pdf","ip":"::1","origin":"http://localhost:5174","ua":"Mozilla/5.0 (Windows NT 10.0; Win64; x64) AppleWebKit/537.36 (KHTML, like Gecko) Chrome/147.0.0.0 Safari/537.36","payloadBytes":2}
{"ts":"2026-04-30T04:02:10.734Z","level":"STEP","reqId":"MOKYJLBG-0Y8LIV","route":"INVOICE","stage":"ROUTE","detail":"pdf mode","method":"POST","url":"/tpr-invoice/pdf"}
{"ts":"2026-04-30T04:02:10.735Z","level":"STEP","reqId":"MOKYJLBG-0Y8LIV","route":"INVOICE","stage":"NORMALIZE","detail":"payload 738 B","method":"POST","url":"/tpr-invoice/pdf"}
{"ts":"2026-04-30T04:02:10.736Z","level":"STEP","reqId":"MOKYJLBG-0Y8LIV","route":"INVOICE","stage":"TEMPLATE","detail":"render html before pdf","method":"POST","url":"/tpr-invoice/pdf"}
{"ts":"2026-04-30T04:02:10.737Z","level":"INFO","title":"PUPPETEER","message":"reuse existing browser instance"}
{"ts":"2026-04-30T04:02:10.776Z","level":"STEP","reqId":"MOKYJLBG-0Y8LIV","route":"INVOICE","stage":"PDF:PAGE_OPEN","detail":"create new page","method":"POST","url":"/tpr-invoice/pdf"}
{"ts":"2026-04-30T04:02:10.779Z","level":"STEP","reqId":"MOKYJLBG-0Y8LIV","route":"INVOICE","stage":"PDF:SET_CONTENT","detail":"html size 10.7 KB","method":"POST","url":"/tpr-invoice/pdf"}
{"ts":"2026-04-30T04:02:11.774Z","level":"STEP","reqId":"MOKYJLBG-0Y8LIV","route":"INVOICE","stage":"PDF:FONTS_READY","detail":"waiting document.fonts.ready","method":"POST","url":"/tpr-invoice/pdf"}
{"ts":"2026-04-30T04:02:11.775Z","level":"STEP","reqId":"MOKYJLBG-0Y8LIV","route":"INVOICE","stage":"PDF:RENDER","detail":"format=A4 media=screen landscape=false","method":"POST","url":"/tpr-invoice/pdf"}
{"ts":"2026-04-30T04:02:11.934Z","level":"STEP","reqId":"MOKYJLBG-0Y8LIV","route":"INVOICE","stage":"PDF:BUFFER_READY","detail":"pdf size 150 KB","method":"POST","url":"/tpr-invoice/pdf"}
{"ts":"2026-04-30T04:02:11.935Z","level":"STEP","reqId":"MOKYJLBG-0Y8LIV","route":"INVOICE","stage":"PDF:PAGE_CLOSE","detail":"close page","method":"POST","url":"/tpr-invoice/pdf"}
{"ts":"2026-04-30T04:02:11.943Z","level":"STEP","reqId":"MOKYJLBG-0Y8LIV","route":"INVOICE","stage":"RESPOND_PDF","detail":"filename=tpr_invoice.pdf","method":"POST","url":"/tpr-invoice/pdf"}
{"ts":"2026-04-30T04:02:11.944Z","level":"PDF_RESPONSE","reqId":"MOKYJLBG-0Y8LIV","route":"INVOICE","method":"POST","url":"/tpr-invoice/pdf","filename":"tpr_invoice.pdf","pdfBytes":153970}
{"ts":"2026-04-30T04:02:11.945Z","level":"REQUEST_DONE","reqId":"MOKYJLBG-0Y8LIV","route":"INVOICE","method":"POST","url":"/tpr-invoice/pdf","status":200,"durationMs":1212,"responseSize":"150 KB"}
{"ts":"2026-04-30T08:01:03.028Z","level":"STEP","reqId":"MOL72S6Q-Y7JNTU","route":"INVOICE","stage":"START","detail":"OPTIONS /tpr-invoice/pdf","method":"OPTIONS","url":"/tpr-invoice/pdf"}
{"ts":"2026-04-30T08:01:03.030Z","level":"REQUEST_START","reqId":"MOL72S6Q-Y7JNTU","route":"INVOICE","method":"OPTIONS","url":"/tpr-invoice/pdf","ip":"::1","origin":"http://localhost:5174","ua":"Mozilla/5.0 (Windows NT 10.0; Win64; x64) AppleWebKit/537.36 (KHTML, like Gecko) Chrome/147.0.0.0 Safari/537.36","payloadBytes":2}
{"ts":"2026-04-30T08:01:03.032Z","level":"REQUEST_DONE","reqId":"MOL72S6Q-Y7JNTU","route":"INVOICE","method":"OPTIONS","url":"/tpr-invoice/pdf","status":204,"durationMs":6,"responseSize":"0 B"}
{"ts":"2026-04-30T08:01:03.034Z","level":"STEP","reqId":"MOL72S6Y-I7QX7R","route":"INVOICE","stage":"START","detail":"POST /tpr-invoice/pdf","method":"POST","url":"/tpr-invoice/pdf"}
{"ts":"2026-04-30T08:01:03.035Z","level":"REQUEST_START","reqId":"MOL72S6Y-I7QX7R","route":"INVOICE","method":"POST","url":"/tpr-invoice/pdf","ip":"::1","origin":"http://localhost:5174","ua":"Mozilla/5.0 (Windows NT 10.0; Win64; x64) AppleWebKit/537.36 (KHTML, like Gecko) Chrome/147.0.0.0 Safari/537.36","payloadBytes":2}
{"ts":"2026-04-30T08:01:03.038Z","level":"STEP","reqId":"MOL72S6Y-I7QX7R","route":"INVOICE","stage":"ROUTE","detail":"pdf mode","method":"POST","url":"/tpr-invoice/pdf"}
{"ts":"2026-04-30T08:01:03.039Z","level":"STEP","reqId":"MOL72S6Y-I7QX7R","route":"INVOICE","stage":"NORMALIZE","detail":"payload 1.17 KB","method":"POST","url":"/tpr-invoice/pdf"}
{"ts":"2026-04-30T08:01:03.041Z","level":"STEP","reqId":"MOL72S6Y-I7QX7R","route":"INVOICE","stage":"TEMPLATE","detail":"render html before pdf","method":"POST","url":"/tpr-invoice/pdf"}
{"ts":"2026-04-30T08:01:03.043Z","level":"INFO","title":"PUPPETEER","message":"reuse existing browser instance"}
{"ts":"2026-04-30T08:01:03.375Z","level":"STEP","reqId":"MOL72S6Y-I7QX7R","route":"INVOICE","stage":"PDF:PAGE_OPEN","detail":"create new page","method":"POST","url":"/tpr-invoice/pdf"}
{"ts":"2026-04-30T08:01:03.380Z","level":"STEP","reqId":"MOL72S6Y-I7QX7R","route":"INVOICE","stage":"PDF:SET_CONTENT","detail":"html size 11.2 KB","method":"POST","url":"/tpr-invoice/pdf"}
{"ts":"2026-04-30T08:01:04.439Z","level":"STEP","reqId":"MOL72S6Y-I7QX7R","route":"INVOICE","stage":"PDF:FONTS_READY","detail":"waiting document.fonts.ready","method":"POST","url":"/tpr-invoice/pdf"}
{"ts":"2026-04-30T08:01:04.447Z","level":"STEP","reqId":"MOL72S6Y-I7QX7R","route":"INVOICE","stage":"PDF:RENDER","detail":"format=A4 media=screen landscape=false","method":"POST","url":"/tpr-invoice/pdf"}
{"ts":"2026-04-30T08:01:04.676Z","level":"STEP","reqId":"MOL72S6Y-I7QX7R","route":"INVOICE","stage":"PDF:BUFFER_READY","detail":"pdf size 215 KB","method":"POST","url":"/tpr-invoice/pdf"}
{"ts":"2026-04-30T08:01:04.676Z","level":"STEP","reqId":"MOL72S6Y-I7QX7R","route":"INVOICE","stage":"PDF:PAGE_CLOSE","detail":"close page","method":"POST","url":"/tpr-invoice/pdf"}
{"ts":"2026-04-30T08:01:04.698Z","level":"STEP","reqId":"MOL72S6Y-I7QX7R","route":"INVOICE","stage":"RESPOND_PDF","detail":"filename=tpr_invoice.pdf","method":"POST","url":"/tpr-invoice/pdf"}
{"ts":"2026-04-30T08:01:04.699Z","level":"PDF_RESPONSE","reqId":"MOL72S6Y-I7QX7R","route":"INVOICE","method":"POST","url":"/tpr-invoice/pdf","filename":"tpr_invoice.pdf","pdfBytes":220593}
{"ts":"2026-04-30T08:01:04.700Z","level":"REQUEST_DONE","reqId":"MOL72S6Y-I7QX7R","route":"INVOICE","method":"POST","url":"/tpr-invoice/pdf","status":200,"durationMs":1666,"responseSize":"215 KB"}
{"ts":"2026-04-30T08:10:34.881Z","level":"STEP","reqId":"MOL7F1FK-D6I516","route":"INVOICE","stage":"START","detail":"OPTIONS /tpr-invoice/pdf","method":"OPTIONS","url":"/tpr-invoice/pdf"}
{"ts":"2026-04-30T08:10:34.882Z","level":"REQUEST_START","reqId":"MOL7F1FK-D6I516","route":"INVOICE","method":"OPTIONS","url":"/tpr-invoice/pdf","ip":"::1","origin":"http://localhost:5174","ua":"Mozilla/5.0 (Windows NT 10.0; Win64; x64) AppleWebKit/537.36 (KHTML, like Gecko) Chrome/147.0.0.0 Safari/537.36","payloadBytes":2}
{"ts":"2026-04-30T08:10:34.884Z","level":"REQUEST_DONE","reqId":"MOL7F1FK-D6I516","route":"INVOICE","method":"OPTIONS","url":"/tpr-invoice/pdf","status":204,"durationMs":4,"responseSize":"0 B"}
{"ts":"2026-04-30T08:10:34.885Z","level":"STEP","reqId":"MOL7F1FP-BY38KX","route":"INVOICE","stage":"START","detail":"POST /tpr-invoice/pdf","method":"POST","url":"/tpr-invoice/pdf"}
{"ts":"2026-04-30T08:10:34.886Z","level":"REQUEST_START","reqId":"MOL7F1FP-BY38KX","route":"INVOICE","method":"POST","url":"/tpr-invoice/pdf","ip":"::1","origin":"http://localhost:5174","ua":"Mozilla/5.0 (Windows NT 10.0; Win64; x64) AppleWebKit/537.36 (KHTML, like Gecko) Chrome/147.0.0.0 Safari/537.36","payloadBytes":2}
{"ts":"2026-04-30T08:10:34.887Z","level":"STEP","reqId":"MOL7F1FP-BY38KX","route":"INVOICE","stage":"ROUTE","detail":"pdf mode","method":"POST","url":"/tpr-invoice/pdf"}
{"ts":"2026-04-30T08:10:34.887Z","level":"STEP","reqId":"MOL7F1FP-BY38KX","route":"INVOICE","stage":"NORMALIZE","detail":"payload 1.18 KB","method":"POST","url":"/tpr-invoice/pdf"}
{"ts":"2026-04-30T08:10:34.888Z","level":"STEP","reqId":"MOL7F1FP-BY38KX","route":"INVOICE","stage":"TEMPLATE","detail":"render html before pdf","method":"POST","url":"/tpr-invoice/pdf"}
{"ts":"2026-04-30T08:10:34.889Z","level":"INFO","title":"PUPPETEER","message":"reuse existing browser instance"}
{"ts":"2026-04-30T08:10:34.939Z","level":"STEP","reqId":"MOL7F1FP-BY38KX","route":"INVOICE","stage":"PDF:PAGE_OPEN","detail":"create new page","method":"POST","url":"/tpr-invoice/pdf"}
{"ts":"2026-04-30T08:10:34.944Z","level":"STEP","reqId":"MOL7F1FP-BY38KX","route":"INVOICE","stage":"PDF:SET_CONTENT","detail":"html size 11.3 KB","method":"POST","url":"/tpr-invoice/pdf"}
{"ts":"2026-04-30T08:10:36.718Z","level":"STEP","reqId":"MOL7F1FP-BY38KX","route":"INVOICE","stage":"PDF:FONTS_READY","detail":"waiting document.fonts.ready","method":"POST","url":"/tpr-invoice/pdf"}
{"ts":"2026-04-30T08:10:36.720Z","level":"STEP","reqId":"MOL7F1FP-BY38KX","route":"INVOICE","stage":"PDF:RENDER","detail":"format=A4 media=screen landscape=false","method":"POST","url":"/tpr-invoice/pdf"}
{"ts":"2026-04-30T08:10:36.882Z","level":"STEP","reqId":"MOL7F1FP-BY38KX","route":"INVOICE","stage":"PDF:BUFFER_READY","detail":"pdf size 215 KB","method":"POST","url":"/tpr-invoice/pdf"}
{"ts":"2026-04-30T08:10:36.882Z","level":"STEP","reqId":"MOL7F1FP-BY38KX","route":"INVOICE","stage":"PDF:PAGE_CLOSE","detail":"close page","method":"POST","url":"/tpr-invoice/pdf"}
{"ts":"2026-04-30T08:10:36.894Z","level":"STEP","reqId":"MOL7F1FP-BY38KX","route":"INVOICE","stage":"RESPOND_PDF","detail":"filename=tpr_invoice.pdf","method":"POST","url":"/tpr-invoice/pdf"}
{"ts":"2026-04-30T08:10:36.894Z","level":"PDF_RESPONSE","reqId":"MOL7F1FP-BY38KX","route":"INVOICE","method":"POST","url":"/tpr-invoice/pdf","filename":"tpr_invoice.pdf","pdfBytes":220625}
{"ts":"2026-04-30T08:10:36.896Z","level":"REQUEST_DONE","reqId":"MOL7F1FP-BY38KX","route":"INVOICE","method":"POST","url":"/tpr-invoice/pdf","status":200,"durationMs":2011,"responseSize":"215 KB"}
{"ts":"2026-04-30T08:13:30.731Z","level":"STEP","reqId":"MOL7IT4B-PNEEB4","route":"INVOICE","stage":"START","detail":"OPTIONS /tpr-invoice/pdf","method":"OPTIONS","url":"/tpr-invoice/pdf"}
{"ts":"2026-04-30T08:13:30.732Z","level":"REQUEST_START","reqId":"MOL7IT4B-PNEEB4","route":"INVOICE","method":"OPTIONS","url":"/tpr-invoice/pdf","ip":"::1","origin":"http://localhost:5174","ua":"Mozilla/5.0 (Windows NT 10.0; Win64; x64) AppleWebKit/537.36 (KHTML, like Gecko) Chrome/147.0.0.0 Safari/537.36","payloadBytes":2}
{"ts":"2026-04-30T08:13:30.733Z","level":"REQUEST_DONE","reqId":"MOL7IT4B-PNEEB4","route":"INVOICE","method":"OPTIONS","url":"/tpr-invoice/pdf","status":204,"durationMs":2,"responseSize":"0 B"}
{"ts":"2026-04-30T08:13:30.734Z","level":"STEP","reqId":"MOL7IT4E-S3BQB9","route":"INVOICE","stage":"START","detail":"POST /tpr-invoice/pdf","method":"POST","url":"/tpr-invoice/pdf"}
{"ts":"2026-04-30T08:13:30.735Z","level":"REQUEST_START","reqId":"MOL7IT4E-S3BQB9","route":"INVOICE","method":"POST","url":"/tpr-invoice/pdf","ip":"::1","origin":"http://localhost:5174","ua":"Mozilla/5.0 (Windows NT 10.0; Win64; x64) AppleWebKit/537.36 (KHTML, like Gecko) Chrome/147.0.0.0 Safari/537.36","payloadBytes":2}
{"ts":"2026-04-30T08:13:30.735Z","level":"STEP","reqId":"MOL7IT4E-S3BQB9","route":"INVOICE","stage":"ROUTE","detail":"pdf mode","method":"POST","url":"/tpr-invoice/pdf"}
{"ts":"2026-04-30T08:13:30.736Z","level":"STEP","reqId":"MOL7IT4E-S3BQB9","route":"INVOICE","stage":"NORMALIZE","detail":"payload 1.18 KB","method":"POST","url":"/tpr-invoice/pdf"}
{"ts":"2026-04-30T08:13:30.737Z","level":"STEP","reqId":"MOL7IT4E-S3BQB9","route":"INVOICE","stage":"TEMPLATE","detail":"render html before pdf","method":"POST","url":"/tpr-invoice/pdf"}
{"ts":"2026-04-30T08:13:30.737Z","level":"INFO","title":"PUPPETEER","message":"reuse existing browser instance"}
{"ts":"2026-04-30T08:13:30.769Z","level":"STEP","reqId":"MOL7IT4E-S3BQB9","route":"INVOICE","stage":"PDF:PAGE_OPEN","detail":"create new page","method":"POST","url":"/tpr-invoice/pdf"}
{"ts":"2026-04-30T08:13:30.771Z","level":"STEP","reqId":"MOL7IT4E-S3BQB9","route":"INVOICE","stage":"PDF:SET_CONTENT","detail":"html size 11.3 KB","method":"POST","url":"/tpr-invoice/pdf"}
{"ts":"2026-04-30T08:13:32.314Z","level":"STEP","reqId":"MOL7IT4E-S3BQB9","route":"INVOICE","stage":"PDF:FONTS_READY","detail":"waiting document.fonts.ready","method":"POST","url":"/tpr-invoice/pdf"}
{"ts":"2026-04-30T08:13:32.317Z","level":"STEP","reqId":"MOL7IT4E-S3BQB9","route":"INVOICE","stage":"PDF:RENDER","detail":"format=A4 media=screen landscape=false","method":"POST","url":"/tpr-invoice/pdf"}
{"ts":"2026-04-30T08:13:32.471Z","level":"STEP","reqId":"MOL7IT4E-S3BQB9","route":"INVOICE","stage":"PDF:BUFFER_READY","detail":"pdf size 215 KB","method":"POST","url":"/tpr-invoice/pdf"}
{"ts":"2026-04-30T08:13:32.472Z","level":"STEP","reqId":"MOL7IT4E-S3BQB9","route":"INVOICE","stage":"PDF:PAGE_CLOSE","detail":"close page","method":"POST","url":"/tpr-invoice/pdf"}
{"ts":"2026-04-30T08:13:32.482Z","level":"STEP","reqId":"MOL7IT4E-S3BQB9","route":"INVOICE","stage":"RESPOND_PDF","detail":"filename=tpr_invoice.pdf","method":"POST","url":"/tpr-invoice/pdf"}
{"ts":"2026-04-30T08:13:32.483Z","level":"PDF_RESPONSE","reqId":"MOL7IT4E-S3BQB9","route":"INVOICE","method":"POST","url":"/tpr-invoice/pdf","filename":"tpr_invoice.pdf","pdfBytes":220625}
{"ts":"2026-04-30T08:13:32.484Z","level":"REQUEST_DONE","reqId":"MOL7IT4E-S3BQB9","route":"INVOICE","method":"POST","url":"/tpr-invoice/pdf","status":200,"durationMs":1750,"responseSize":"215 KB"}
{"ts":"2026-04-30T08:15:15.466Z","level":"STEP","reqId":"MOL7L1XL-XR3NNE","route":"INVOICE","stage":"START","detail":"OPTIONS /tpr-invoice/pdf","method":"OPTIONS","url":"/tpr-invoice/pdf"}
{"ts":"2026-04-30T08:15:15.466Z","level":"REQUEST_START","reqId":"MOL7L1XL-XR3NNE","route":"INVOICE","method":"OPTIONS","url":"/tpr-invoice/pdf","ip":"::1","origin":"http://localhost:5174","ua":"Mozilla/5.0 (Windows NT 10.0; Win64; x64) AppleWebKit/537.36 (KHTML, like Gecko) Chrome/147.0.0.0 Safari/537.36","payloadBytes":2}
{"ts":"2026-04-30T08:15:15.467Z","level":"REQUEST_DONE","reqId":"MOL7L1XL-XR3NNE","route":"INVOICE","method":"OPTIONS","url":"/tpr-invoice/pdf","status":204,"durationMs":2,"responseSize":"0 B"}
{"ts":"2026-04-30T08:15:15.469Z","level":"STEP","reqId":"MOL7L1XP-523P00","route":"INVOICE","stage":"START","detail":"POST /tpr-invoice/pdf","method":"POST","url":"/tpr-invoice/pdf"}
{"ts":"2026-04-30T08:15:15.469Z","level":"REQUEST_START","reqId":"MOL7L1XP-523P00","route":"INVOICE","method":"POST","url":"/tpr-invoice/pdf","ip":"::1","origin":"http://localhost:5174","ua":"Mozilla/5.0 (Windows NT 10.0; Win64; x64) AppleWebKit/537.36 (KHTML, like Gecko) Chrome/147.0.0.0 Safari/537.36","payloadBytes":2}
{"ts":"2026-04-30T08:15:15.470Z","level":"STEP","reqId":"MOL7L1XP-523P00","route":"INVOICE","stage":"ROUTE","detail":"pdf mode","method":"POST","url":"/tpr-invoice/pdf"}
{"ts":"2026-04-30T08:15:15.470Z","level":"STEP","reqId":"MOL7L1XP-523P00","route":"INVOICE","stage":"NORMALIZE","detail":"payload 1.18 KB","method":"POST","url":"/tpr-invoice/pdf"}
{"ts":"2026-04-30T08:15:15.471Z","level":"STEP","reqId":"MOL7L1XP-523P00","route":"INVOICE","stage":"TEMPLATE","detail":"render html before pdf","method":"POST","url":"/tpr-invoice/pdf"}
{"ts":"2026-04-30T08:15:15.472Z","level":"INFO","title":"PUPPETEER","message":"reuse existing browser instance"}
{"ts":"2026-04-30T08:15:15.504Z","level":"STEP","reqId":"MOL7L1XP-523P00","route":"INVOICE","stage":"PDF:PAGE_OPEN","detail":"create new page","method":"POST","url":"/tpr-invoice/pdf"}
{"ts":"2026-04-30T08:15:15.506Z","level":"STEP","reqId":"MOL7L1XP-523P00","route":"INVOICE","stage":"PDF:SET_CONTENT","detail":"html size 11.3 KB","method":"POST","url":"/tpr-invoice/pdf"}
{"ts":"2026-04-30T08:15:16.979Z","level":"STEP","reqId":"MOL7L1XP-523P00","route":"INVOICE","stage":"PDF:FONTS_READY","detail":"waiting document.fonts.ready","method":"POST","url":"/tpr-invoice/pdf"}
{"ts":"2026-04-30T08:15:16.981Z","level":"STEP","reqId":"MOL7L1XP-523P00","route":"INVOICE","stage":"PDF:RENDER","detail":"format=A4 media=screen landscape=false","method":"POST","url":"/tpr-invoice/pdf"}
{"ts":"2026-04-30T08:15:17.150Z","level":"STEP","reqId":"MOL7L1XP-523P00","route":"INVOICE","stage":"PDF:BUFFER_READY","detail":"pdf size 215 KB","method":"POST","url":"/tpr-invoice/pdf"}
{"ts":"2026-04-30T08:15:17.151Z","level":"STEP","reqId":"MOL7L1XP-523P00","route":"INVOICE","stage":"PDF:PAGE_CLOSE","detail":"close page","method":"POST","url":"/tpr-invoice/pdf"}
{"ts":"2026-04-30T08:15:17.164Z","level":"STEP","reqId":"MOL7L1XP-523P00","route":"INVOICE","stage":"RESPOND_PDF","detail":"filename=tpr_invoice.pdf","method":"POST","url":"/tpr-invoice/pdf"}
{"ts":"2026-04-30T08:15:17.165Z","level":"PDF_RESPONSE","reqId":"MOL7L1XP-523P00","route":"INVOICE","method":"POST","url":"/tpr-invoice/pdf","filename":"tpr_invoice.pdf","pdfBytes":220625}
{"ts":"2026-04-30T08:15:17.166Z","level":"REQUEST_DONE","reqId":"MOL7L1XP-523P00","route":"INVOICE","method":"POST","url":"/tpr-invoice/pdf","status":200,"durationMs":1697,"responseSize":"215 KB"}
{"ts":"2026-04-30T08:18:49.308Z","level":"WARN","title":"SHUTDOWN","message":"received SIGINT, closing server resources...","signal":"SIGINT"}
{"ts":"2026-04-30T08:18:49.309Z","level":"INFO","title":"PUPPETEER","message":"closing browser..."}
{"ts":"2026-04-30T08:18:55.519Z","level":"INFO","title":"TEMPLATE","message":"compile templates\\tpr_quotation.hbs","templatePath":"C:\\Projcet TPR\\report-server\\templates\\tpr_quotation.hbs"}
{"ts":"2026-04-30T08:18:55.521Z","level":"INFO","title":"TEMPLATE","message":"compile templates\\tpr_credit_note.hbs","templatePath":"C:\\Projcet TPR\\report-server\\templates\\tpr_credit_note.hbs"}
{"ts":"2026-04-30T08:18:55.521Z","level":"INFO","title":"TEMPLATE","message":"compile templates\\tpr_invoice.hbs","templatePath":"C:\\Projcet TPR\\report-server\\templates\\tpr_invoice.hbs"}
{"ts":"2026-04-30T08:18:55.522Z","level":"INFO","title":"TEMPLATE","message":"compile templates\\tpr_purchase_order.hbs","templatePath":"C:\\Projcet TPR\\report-server\\templates\\tpr_purchase_order.hbs"}
{"ts":"2026-04-30T08:18:55.522Z","level":"INFO","title":"TEMPLATE","message":"compile templates\\tpr_receipt.hbs","templatePath":"C:\\Projcet TPR\\report-server\\templates\\tpr_receipt.hbs"}
{"ts":"2026-04-30T08:18:55.522Z","level":"INFO","title":"TEMPLATE","message":"compile templates\\tpr_tax_receipt.hbs","templatePath":"C:\\Projcet TPR\\report-server\\templates\\tpr_tax_receipt.hbs"}
{"ts":"2026-04-30T08:18:55.523Z","level":"INFO","title":"TEMPLATE","message":"compile templates\\tpr_withholding_tax_certificate.hbs","templatePath":"C:\\Projcet TPR\\report-server\\templates\\tpr_withholding_tax_certificate.hbs"}
{"ts":"2026-04-30T08:18:55.523Z","level":"INFO","title":"TEMPLATE","message":"compile templates\\tpr_payment_voucher.hbs","templatePath":"C:\\Projcet TPR\\report-server\\templates\\tpr_payment_voucher.hbs"}
{"ts":"2026-04-30T08:18:55.524Z","level":"INFO","title":"TEMPLATE","message":"compile templates\\tpr_receipt_voucher.hbs","templatePath":"C:\\Projcet TPR\\report-server\\templates\\tpr_receipt_voucher.hbs"}
{"ts":"2026-04-30T08:18:55.525Z","level":"INFO","title":"TEMPLATE","message":"compile templates\\tpr_petty_cash_voucher.hbs","templatePath":"C:\\Projcet TPR\\report-server\\templates\\tpr_petty_cash_voucher.hbs"}
{"ts":"2026-04-30T08:18:55.525Z","level":"INFO","title":"TEMPLATE","message":"compile templates\\tpr_petty_cash_request.hbs","templatePath":"C:\\Projcet TPR\\report-server\\templates\\tpr_petty_cash_request.hbs"}
{"ts":"2026-04-30T08:18:55.526Z","level":"INFO","title":"TEMPLATE","message":"compile templates\\tpr_petty_cash_payment_report.hbs","templatePath":"C:\\Projcet TPR\\report-server\\templates\\tpr_petty_cash_payment_report.hbs"}
{"ts":"2026-04-30T08:18:55.527Z","level":"INFO","title":"TEMPLATE","message":"compile templates\\tpr_receipt_certification.hbs","templatePath":"C:\\Projcet TPR\\report-server\\templates\\tpr_receipt_certification.hbs"}
{"ts":"2026-04-30T08:18:55.528Z","level":"WARN","title":"CSS","message":"inline missing: C:\\Projcet TPR\\report-server\\public\\css\\quotation.css (ไม่จำเป็นถ้า CSS อยู่ใน hbs แล้ว)","cssPath":"C:\\Projcet TPR\\report-server\\public\\css\\quotation.css"}
{"ts":"2026-04-30T08:18:55.549Z","level":"OK","title":"READY","message":"PDF server is running","port":4100,"logFile":"C:\\Projcet TPR\\report-server\\logs\\server-2026-04-30.log"}
{"ts":"2026-04-30T08:18:55.549Z","level":"BOOT","message":"PDF server is running","port":4100,"logFile":"C:\\Projcet TPR\\report-server\\logs\\server-2026-04-30.log"}
{"ts":"2026-04-30T08:21:35.757Z","level":"STEP","reqId":"MOL7T7D9-RO3082","route":"INVOICE","stage":"START","detail":"OPTIONS /tpr-invoice/pdf","method":"OPTIONS","url":"/tpr-invoice/pdf"}
{"ts":"2026-04-30T08:21:35.758Z","level":"REQUEST_START","reqId":"MOL7T7D9-RO3082","route":"INVOICE","method":"OPTIONS","url":"/tpr-invoice/pdf","ip":"::1","origin":"http://localhost:5174","ua":"Mozilla/5.0 (Windows NT 10.0; Win64; x64) AppleWebKit/537.36 (KHTML, like Gecko) Chrome/147.0.0.0 Safari/537.36","payloadBytes":2}
{"ts":"2026-04-30T08:21:35.763Z","level":"REQUEST_DONE","reqId":"MOL7T7D9-RO3082","route":"INVOICE","method":"OPTIONS","url":"/tpr-invoice/pdf","status":204,"durationMs":5,"responseSize":"0 B"}
{"ts":"2026-04-30T08:21:35.765Z","level":"STEP","reqId":"MOL7T7DH-PSMPMF","route":"INVOICE","stage":"START","detail":"POST /tpr-invoice/pdf","method":"POST","url":"/tpr-invoice/pdf"}
{"ts":"2026-04-30T08:21:35.766Z","level":"REQUEST_START","reqId":"MOL7T7DH-PSMPMF","route":"INVOICE","method":"POST","url":"/tpr-invoice/pdf","ip":"::1","origin":"http://localhost:5174","ua":"Mozilla/5.0 (Windows NT 10.0; Win64; x64) AppleWebKit/537.36 (KHTML, like Gecko) Chrome/147.0.0.0 Safari/537.36","payloadBytes":2}
{"ts":"2026-04-30T08:21:35.788Z","level":"STEP","reqId":"MOL7T7DH-PSMPMF","route":"INVOICE","stage":"ROUTE","detail":"pdf mode","method":"POST","url":"/tpr-invoice/pdf"}
{"ts":"2026-04-30T08:21:35.788Z","level":"STEP","reqId":"MOL7T7DH-PSMPMF","route":"INVOICE","stage":"NORMALIZE","detail":"payload 1.18 KB","method":"POST","url":"/tpr-invoice/pdf"}
{"ts":"2026-04-30T08:21:35.792Z","level":"STEP","reqId":"MOL7T7DH-PSMPMF","route":"INVOICE","stage":"TEMPLATE","detail":"render html before pdf","method":"POST","url":"/tpr-invoice/pdf"}
{"ts":"2026-04-30T08:21:35.816Z","level":"INFO","title":"PUPPETEER","message":"launch browser..."}
{"ts":"2026-04-30T08:21:36.320Z","level":"OK","title":"PUPPETEER","message":"browser launched"}
{"ts":"2026-04-30T08:21:36.361Z","level":"STEP","reqId":"MOL7T7DH-PSMPMF","route":"INVOICE","stage":"PDF:PAGE_OPEN","detail":"create new page","method":"POST","url":"/tpr-invoice/pdf"}
{"ts":"2026-04-30T08:21:36.365Z","level":"STEP","reqId":"MOL7T7DH-PSMPMF","route":"INVOICE","stage":"PDF:SET_CONTENT","detail":"html size 11.3 KB","method":"POST","url":"/tpr-invoice/pdf"}
{"ts":"2026-04-30T08:21:37.398Z","level":"STEP","reqId":"MOL7T7DH-PSMPMF","route":"INVOICE","stage":"PDF:FONTS_READY","detail":"waiting document.fonts.ready","method":"POST","url":"/tpr-invoice/pdf"}
{"ts":"2026-04-30T08:21:37.401Z","level":"STEP","reqId":"MOL7T7DH-PSMPMF","route":"INVOICE","stage":"PDF:RENDER","detail":"format=A4 media=screen landscape=false","method":"POST","url":"/tpr-invoice/pdf"}
{"ts":"2026-04-30T08:21:37.569Z","level":"STEP","reqId":"MOL7T7DH-PSMPMF","route":"INVOICE","stage":"PDF:BUFFER_READY","detail":"pdf size 215 KB","method":"POST","url":"/tpr-invoice/pdf"}
{"ts":"2026-04-30T08:21:37.570Z","level":"STEP","reqId":"MOL7T7DH-PSMPMF","route":"INVOICE","stage":"PDF:PAGE_CLOSE","detail":"close page","method":"POST","url":"/tpr-invoice/pdf"}
{"ts":"2026-04-30T08:21:37.582Z","level":"STEP","reqId":"MOL7T7DH-PSMPMF","route":"INVOICE","stage":"RESPOND_PDF","detail":"filename=tpr_invoice.pdf","method":"POST","url":"/tpr-invoice/pdf"}
{"ts":"2026-04-30T08:21:37.582Z","level":"PDF_RESPONSE","reqId":"MOL7T7DH-PSMPMF","route":"INVOICE","method":"POST","url":"/tpr-invoice/pdf","filename":"tpr_invoice.pdf","pdfBytes":220629}
{"ts":"2026-04-30T08:21:37.585Z","level":"REQUEST_DONE","reqId":"MOL7T7DH-PSMPMF","route":"INVOICE","method":"POST","url":"/tpr-invoice/pdf","status":200,"durationMs":1819,"responseSize":"215 KB"}
{"ts":"2026-04-30T08:24:04.450Z","level":"STEP","reqId":"MOL7WE3M-VCGY94","route":"INVOICE","stage":"START","detail":"OPTIONS /tpr-invoice/pdf","method":"OPTIONS","url":"/tpr-invoice/pdf"}
{"ts":"2026-04-30T08:24:04.451Z","level":"REQUEST_START","reqId":"MOL7WE3M-VCGY94","route":"INVOICE","method":"OPTIONS","url":"/tpr-invoice/pdf","ip":"::1","origin":"http://localhost:5174","ua":"Mozilla/5.0 (Windows NT 10.0; Win64; x64) AppleWebKit/537.36 (KHTML, like Gecko) Chrome/147.0.0.0 Safari/537.36","payloadBytes":2}
{"ts":"2026-04-30T08:24:04.453Z","level":"REQUEST_DONE","reqId":"MOL7WE3M-VCGY94","route":"INVOICE","method":"OPTIONS","url":"/tpr-invoice/pdf","status":204,"durationMs":3,"responseSize":"0 B"}
{"ts":"2026-04-30T08:24:04.454Z","level":"STEP","reqId":"MOL7WE3Q-UDQY3O","route":"INVOICE","stage":"START","detail":"POST /tpr-invoice/pdf","method":"POST","url":"/tpr-invoice/pdf"}
{"ts":"2026-04-30T08:24:04.455Z","level":"REQUEST_START","reqId":"MOL7WE3Q-UDQY3O","route":"INVOICE","method":"POST","url":"/tpr-invoice/pdf","ip":"::1","origin":"http://localhost:5174","ua":"Mozilla/5.0 (Windows NT 10.0; Win64; x64) AppleWebKit/537.36 (KHTML, like Gecko) Chrome/147.0.0.0 Safari/537.36","payloadBytes":2}
{"ts":"2026-04-30T08:24:04.457Z","level":"STEP","reqId":"MOL7WE3Q-UDQY3O","route":"INVOICE","stage":"ROUTE","detail":"pdf mode","method":"POST","url":"/tpr-invoice/pdf"}
{"ts":"2026-04-30T08:24:04.457Z","level":"STEP","reqId":"MOL7WE3Q-UDQY3O","route":"INVOICE","stage":"NORMALIZE","detail":"payload 1.18 KB","method":"POST","url":"/tpr-invoice/pdf"}
{"ts":"2026-04-30T08:24:04.458Z","level":"STEP","reqId":"MOL7WE3Q-UDQY3O","route":"INVOICE","stage":"TEMPLATE","detail":"render html before pdf","method":"POST","url":"/tpr-invoice/pdf"}
{"ts":"2026-04-30T08:24:04.460Z","level":"INFO","title":"PUPPETEER","message":"reuse existing browser instance"}
{"ts":"2026-04-30T08:24:04.499Z","level":"STEP","reqId":"MOL7WE3Q-UDQY3O","route":"INVOICE","stage":"PDF:PAGE_OPEN","detail":"create new page","method":"POST","url":"/tpr-invoice/pdf"}
{"ts":"2026-04-30T08:24:04.503Z","level":"STEP","reqId":"MOL7WE3Q-UDQY3O","route":"INVOICE","stage":"PDF:SET_CONTENT","detail":"html size 11.3 KB","method":"POST","url":"/tpr-invoice/pdf"}
{"ts":"2026-04-30T08:24:05.969Z","level":"STEP","reqId":"MOL7WE3Q-UDQY3O","route":"INVOICE","stage":"PDF:FONTS_READY","detail":"waiting document.fonts.ready","method":"POST","url":"/tpr-invoice/pdf"}
{"ts":"2026-04-30T08:24:05.971Z","level":"STEP","reqId":"MOL7WE3Q-UDQY3O","route":"INVOICE","stage":"PDF:RENDER","detail":"format=A4 media=screen landscape=false","method":"POST","url":"/tpr-invoice/pdf"}
{"ts":"2026-04-30T08:24:06.155Z","level":"STEP","reqId":"MOL7WE3Q-UDQY3O","route":"INVOICE","stage":"PDF:BUFFER_READY","detail":"pdf size 215 KB","method":"POST","url":"/tpr-invoice/pdf"}
{"ts":"2026-04-30T08:24:06.156Z","level":"STEP","reqId":"MOL7WE3Q-UDQY3O","route":"INVOICE","stage":"PDF:PAGE_CLOSE","detail":"close page","method":"POST","url":"/tpr-invoice/pdf"}
{"ts":"2026-04-30T08:24:06.166Z","level":"STEP","reqId":"MOL7WE3Q-UDQY3O","route":"INVOICE","stage":"RESPOND_PDF","detail":"filename=tpr_invoice.pdf","method":"POST","url":"/tpr-invoice/pdf"}
{"ts":"2026-04-30T08:24:06.167Z","level":"PDF_RESPONSE","reqId":"MOL7WE3Q-UDQY3O","route":"INVOICE","method":"POST","url":"/tpr-invoice/pdf","filename":"tpr_invoice.pdf","pdfBytes":220629}
{"ts":"2026-04-30T08:24:06.169Z","level":"REQUEST_DONE","reqId":"MOL7WE3Q-UDQY3O","route":"INVOICE","method":"POST","url":"/tpr-invoice/pdf","status":200,"durationMs":1715,"responseSize":"215 KB"}
{"ts":"2026-04-30T08:31:31.180Z","level":"WARN","title":"SHUTDOWN","message":"received SIGINT, closing server resources...","signal":"SIGINT"}
{"ts":"2026-04-30T08:31:31.181Z","level":"INFO","title":"PUPPETEER","message":"closing browser..."}
{"ts":"2026-04-30T08:31:36.115Z","level":"INFO","title":"TEMPLATE","message":"compile templates\\tpr_quotation.hbs","templatePath":"C:\\Projcet TPR\\report-server\\templates\\tpr_quotation.hbs"}
{"ts":"2026-04-30T08:31:36.116Z","level":"INFO","title":"TEMPLATE","message":"compile templates\\tpr_credit_note.hbs","templatePath":"C:\\Projcet TPR\\report-server\\templates\\tpr_credit_note.hbs"}
{"ts":"2026-04-30T08:31:36.116Z","level":"INFO","title":"TEMPLATE","message":"compile templates\\tpr_invoice.hbs","templatePath":"C:\\Projcet TPR\\report-server\\templates\\tpr_invoice.hbs"}
{"ts":"2026-04-30T08:31:36.117Z","level":"INFO","title":"TEMPLATE","message":"compile templates\\tpr_purchase_order.hbs","templatePath":"C:\\Projcet TPR\\report-server\\templates\\tpr_purchase_order.hbs"}
{"ts":"2026-04-30T08:31:36.117Z","level":"INFO","title":"TEMPLATE","message":"compile templates\\tpr_receipt.hbs","templatePath":"C:\\Projcet TPR\\report-server\\templates\\tpr_receipt.hbs"}
{"ts":"2026-04-30T08:31:36.118Z","level":"INFO","title":"TEMPLATE","message":"compile templates\\tpr_tax_receipt.hbs","templatePath":"C:\\Projcet TPR\\report-server\\templates\\tpr_tax_receipt.hbs"}
{"ts":"2026-04-30T08:31:36.118Z","level":"INFO","title":"TEMPLATE","message":"compile templates\\tpr_withholding_tax_certificate.hbs","templatePath":"C:\\Projcet TPR\\report-server\\templates\\tpr_withholding_tax_certificate.hbs"}
{"ts":"2026-04-30T08:31:36.119Z","level":"INFO","title":"TEMPLATE","message":"compile templates\\tpr_payment_voucher.hbs","templatePath":"C:\\Projcet TPR\\report-server\\templates\\tpr_payment_voucher.hbs"}
{"ts":"2026-04-30T08:31:36.119Z","level":"INFO","title":"TEMPLATE","message":"compile templates\\tpr_receipt_voucher.hbs","templatePath":"C:\\Projcet TPR\\report-server\\templates\\tpr_receipt_voucher.hbs"}
{"ts":"2026-04-30T08:31:36.120Z","level":"INFO","title":"TEMPLATE","message":"compile templates\\tpr_petty_cash_voucher.hbs","templatePath":"C:\\Projcet TPR\\report-server\\templates\\tpr_petty_cash_voucher.hbs"}
{"ts":"2026-04-30T08:31:36.121Z","level":"INFO","title":"TEMPLATE","message":"compile templates\\tpr_petty_cash_request.hbs","templatePath":"C:\\Projcet TPR\\report-server\\templates\\tpr_petty_cash_request.hbs"}
{"ts":"2026-04-30T08:31:36.121Z","level":"INFO","title":"TEMPLATE","message":"compile templates\\tpr_petty_cash_payment_report.hbs","templatePath":"C:\\Projcet TPR\\report-server\\templates\\tpr_petty_cash_payment_report.hbs"}
{"ts":"2026-04-30T08:31:36.122Z","level":"INFO","title":"TEMPLATE","message":"compile templates\\tpr_receipt_certification.hbs","templatePath":"C:\\Projcet TPR\\report-server\\templates\\tpr_receipt_certification.hbs"}
{"ts":"2026-04-30T08:31:36.123Z","level":"WARN","title":"CSS","message":"inline missing: C:\\Projcet TPR\\report-server\\public\\css\\quotation.css (ไม่จำเป็นถ้า CSS อยู่ใน hbs แล้ว)","cssPath":"C:\\Projcet TPR\\report-server\\public\\css\\quotation.css"}
{"ts":"2026-04-30T08:31:36.144Z","level":"OK","title":"READY","message":"PDF server is running","port":4100,"logFile":"C:\\Projcet TPR\\report-server\\logs\\server-2026-04-30.log"}
{"ts":"2026-04-30T08:31:36.144Z","level":"BOOT","message":"PDF server is running","port":4100,"logFile":"C:\\Projcet TPR\\report-server\\logs\\server-2026-04-30.log"}
{"ts":"2026-04-30T08:32:05.238Z","level":"STEP","reqId":"MOL86P2T-6C81IP","route":"INVOICE","stage":"START","detail":"OPTIONS /tpr-invoice/pdf","method":"OPTIONS","url":"/tpr-invoice/pdf"}
{"ts":"2026-04-30T08:32:05.238Z","level":"REQUEST_START","reqId":"MOL86P2T-6C81IP","route":"INVOICE","method":"OPTIONS","url":"/tpr-invoice/pdf","ip":"::1","origin":"http://localhost:5174","ua":"Mozilla/5.0 (Windows NT 10.0; Win64; x64) AppleWebKit/537.36 (KHTML, like Gecko) Chrome/147.0.0.0 Safari/537.36","payloadBytes":2}
{"ts":"2026-04-30T08:32:05.241Z","level":"REQUEST_DONE","reqId":"MOL86P2T-6C81IP","route":"INVOICE","method":"OPTIONS","url":"/tpr-invoice/pdf","status":204,"durationMs":4,"responseSize":"0 B"}
{"ts":"2026-04-30T08:32:05.242Z","level":"STEP","reqId":"MOL86P2Y-521T2G","route":"INVOICE","stage":"START","detail":"POST /tpr-invoice/pdf","method":"POST","url":"/tpr-invoice/pdf"}
{"ts":"2026-04-30T08:32:05.243Z","level":"REQUEST_START","reqId":"MOL86P2Y-521T2G","route":"INVOICE","method":"POST","url":"/tpr-invoice/pdf","ip":"::1","origin":"http://localhost:5174","ua":"Mozilla/5.0 (Windows NT 10.0; Win64; x64) AppleWebKit/537.36 (KHTML, like Gecko) Chrome/147.0.0.0 Safari/537.36","payloadBytes":2}
{"ts":"2026-04-30T08:32:05.258Z","level":"STEP","reqId":"MOL86P2Y-521T2G","route":"INVOICE","stage":"ROUTE","detail":"pdf mode","method":"POST","url":"/tpr-invoice/pdf"}
{"ts":"2026-04-30T08:32:05.259Z","level":"STEP","reqId":"MOL86P2Y-521T2G","route":"INVOICE","stage":"NORMALIZE","detail":"payload 1.19 KB","method":"POST","url":"/tpr-invoice/pdf"}
{"ts":"2026-04-30T08:32:05.262Z","level":"STEP","reqId":"MOL86P2Y-521T2G","route":"INVOICE","stage":"TEMPLATE","detail":"render html before pdf","method":"POST","url":"/tpr-invoice/pdf"}
{"ts":"2026-04-30T08:32:05.292Z","level":"INFO","title":"PUPPETEER","message":"launch browser..."}
{"ts":"2026-04-30T08:32:05.675Z","level":"OK","title":"PUPPETEER","message":"browser launched"}
{"ts":"2026-04-30T08:32:05.715Z","level":"STEP","reqId":"MOL86P2Y-521T2G","route":"INVOICE","stage":"PDF:PAGE_OPEN","detail":"create new page","method":"POST","url":"/tpr-invoice/pdf"}
{"ts":"2026-04-30T08:32:05.720Z","level":"STEP","reqId":"MOL86P2Y-521T2G","route":"INVOICE","stage":"PDF:SET_CONTENT","detail":"html size 11.3 KB","method":"POST","url":"/tpr-invoice/pdf"}
{"ts":"2026-04-30T08:32:06.746Z","level":"STEP","reqId":"MOL86P2Y-521T2G","route":"INVOICE","stage":"PDF:FONTS_READY","detail":"waiting document.fonts.ready","method":"POST","url":"/tpr-invoice/pdf"}
{"ts":"2026-04-30T08:32:06.749Z","level":"STEP","reqId":"MOL86P2Y-521T2G","route":"INVOICE","stage":"PDF:RENDER","detail":"format=A4 media=screen landscape=false","method":"POST","url":"/tpr-invoice/pdf"}
{"ts":"2026-04-30T08:32:06.914Z","level":"STEP","reqId":"MOL86P2Y-521T2G","route":"INVOICE","stage":"PDF:BUFFER_READY","detail":"pdf size 215 KB","method":"POST","url":"/tpr-invoice/pdf"}
{"ts":"2026-04-30T08:32:06.915Z","level":"STEP","reqId":"MOL86P2Y-521T2G","route":"INVOICE","stage":"PDF:PAGE_CLOSE","detail":"close page","method":"POST","url":"/tpr-invoice/pdf"}
{"ts":"2026-04-30T08:32:06.926Z","level":"STEP","reqId":"MOL86P2Y-521T2G","route":"INVOICE","stage":"RESPOND_PDF","detail":"filename=tpr_invoice.pdf","method":"POST","url":"/tpr-invoice/pdf"}
{"ts":"2026-04-30T08:32:06.926Z","level":"PDF_RESPONSE","reqId":"MOL86P2Y-521T2G","route":"INVOICE","method":"POST","url":"/tpr-invoice/pdf","filename":"tpr_invoice.pdf","pdfBytes":220629}
{"ts":"2026-04-30T08:32:06.929Z","level":"REQUEST_DONE","reqId":"MOL86P2Y-521T2G","route":"INVOICE","method":"POST","url":"/tpr-invoice/pdf","status":200,"durationMs":1686,"responseSize":"215 KB"}
{"ts":"2026-04-30T08:33:07.763Z","level":"WARN","title":"SHUTDOWN","message":"received SIGINT, closing server resources...","signal":"SIGINT"}
{"ts":"2026-04-30T08:43:56.508Z","level":"INFO","title":"TEMPLATE","message":"compile templates\\tpr_quotation.hbs","templatePath":"C:\\Projcet TPR\\report-server\\templates\\tpr_quotation.hbs"}
{"ts":"2026-04-30T08:43:56.510Z","level":"INFO","title":"TEMPLATE","message":"compile templates\\tpr_credit_note.hbs","templatePath":"C:\\Projcet TPR\\report-server\\templates\\tpr_credit_note.hbs"}
{"ts":"2026-04-30T08:43:56.510Z","level":"INFO","title":"TEMPLATE","message":"compile templates\\tpr_invoice.hbs","templatePath":"C:\\Projcet TPR\\report-server\\templates\\tpr_invoice.hbs"}
{"ts":"2026-04-30T08:43:56.511Z","level":"INFO","title":"TEMPLATE","message":"compile templates\\tpr_purchase_order.hbs","templatePath":"C:\\Projcet TPR\\report-server\\templates\\tpr_purchase_order.hbs"}
{"ts":"2026-04-30T08:43:56.512Z","level":"INFO","title":"TEMPLATE","message":"compile templates\\tpr_receipt.hbs","templatePath":"C:\\Projcet TPR\\report-server\\templates\\tpr_receipt.hbs"}
{"ts":"2026-04-30T08:43:56.513Z","level":"INFO","title":"TEMPLATE","message":"compile templates\\tpr_tax_receipt.hbs","templatePath":"C:\\Projcet TPR\\report-server\\templates\\tpr_tax_receipt.hbs"}
{"ts":"2026-04-30T08:43:56.513Z","level":"INFO","title":"TEMPLATE","message":"compile templates\\tpr_withholding_tax_certificate.hbs","templatePath":"C:\\Projcet TPR\\report-server\\templates\\tpr_withholding_tax_certificate.hbs"}
{"ts":"2026-04-30T08:43:56.514Z","level":"INFO","title":"TEMPLATE","message":"compile templates\\tpr_payment_voucher.hbs","templatePath":"C:\\Projcet TPR\\report-server\\templates\\tpr_payment_voucher.hbs"}
{"ts":"2026-04-30T08:43:56.515Z","level":"INFO","title":"TEMPLATE","message":"compile templates\\tpr_receipt_voucher.hbs","templatePath":"C:\\Projcet TPR\\report-server\\templates\\tpr_receipt_voucher.hbs"}
{"ts":"2026-04-30T08:43:56.515Z","level":"INFO","title":"TEMPLATE","message":"compile templates\\tpr_petty_cash_voucher.hbs","templatePath":"C:\\Projcet TPR\\report-server\\templates\\tpr_petty_cash_voucher.hbs"}
{"ts":"2026-04-30T08:43:56.516Z","level":"INFO","title":"TEMPLATE","message":"compile templates\\tpr_petty_cash_request.hbs","templatePath":"C:\\Projcet TPR\\report-server\\templates\\tpr_petty_cash_request.hbs"}
{"ts":"2026-04-30T08:43:56.516Z","level":"INFO","title":"TEMPLATE","message":"compile templates\\tpr_petty_cash_payment_report.hbs","templatePath":"C:\\Projcet TPR\\report-server\\templates\\tpr_petty_cash_payment_report.hbs"}
{"ts":"2026-04-30T08:43:56.517Z","level":"INFO","title":"TEMPLATE","message":"compile templates\\tpr_receipt_certification.hbs","templatePath":"C:\\Projcet TPR\\report-server\\templates\\tpr_receipt_certification.hbs"}
{"ts":"2026-04-30T08:43:56.518Z","level":"WARN","title":"CSS","message":"inline missing: C:\\Projcet TPR\\report-server\\public\\css\\quotation.css (ไม่จำเป็นถ้า CSS อยู่ใน hbs แล้ว)","cssPath":"C:\\Projcet TPR\\report-server\\public\\css\\quotation.css"}
{"ts":"2026-04-30T08:43:56.538Z","level":"OK","title":"READY","message":"PDF server is running","port":4100,"logFile":"C:\\Projcet TPR\\report-server\\logs\\server-2026-04-30.log"}
{"ts":"2026-04-30T08:43:56.539Z","level":"BOOT","message":"PDF server is running","port":4100,"logFile":"C:\\Projcet TPR\\report-server\\logs\\server-2026-04-30.log"}
{"ts":"2026-04-30T08:44:04.985Z","level":"STEP","reqId":"MOL8M4FS-C1NADV","route":"GENERAL","stage":"START","detail":"GET /","method":"GET","url":"/"}
{"ts":"2026-04-30T08:44:04.986Z","level":"REQUEST_START","reqId":"MOL8M4FS-C1NADV","route":"GENERAL","method":"GET","url":"/","ip":"::1","origin":"-","ua":"Mozilla/5.0 (Windows NT; Windows NT 10.0; en-US) WindowsPowerShell/5.1.26100.8115","payloadBytes":2}
{"ts":"2026-04-30T08:44:04.991Z","level":"STEP","reqId":"MOL8M4FS-C1NADV","route":"GENERAL","stage":"NOT_FOUND","detail":"GET /","method":"GET","url":"/"}
{"ts":"2026-04-30T08:44:04.999Z","level":"REQUEST_DONE","reqId":"MOL8M4FS-C1NADV","route":"GENERAL","method":"GET","url":"/","status":404,"durationMs":14,"responseSize":"56.0 B"}
{"ts":"2026-04-30T08:48:43.333Z","level":"INFO","title":"TEMPLATE","message":"compile templates\\tpr_quotation.hbs","templatePath":"C:\\Projcet TPR\\report-server\\templates\\tpr_quotation.hbs"}
{"ts":"2026-04-30T08:48:43.335Z","level":"INFO","title":"TEMPLATE","message":"compile templates\\tpr_credit_note.hbs","templatePath":"C:\\Projcet TPR\\report-server\\templates\\tpr_credit_note.hbs"}
{"ts":"2026-04-30T08:48:43.336Z","level":"INFO","title":"TEMPLATE","message":"compile templates\\tpr_invoice.hbs","templatePath":"C:\\Projcet TPR\\report-server\\templates\\tpr_invoice.hbs"}
{"ts":"2026-04-30T08:48:43.337Z","level":"INFO","title":"TEMPLATE","message":"compile templates\\tpr_purchase_order.hbs","templatePath":"C:\\Projcet TPR\\report-server\\templates\\tpr_purchase_order.hbs"}
{"ts":"2026-04-30T08:48:43.337Z","level":"INFO","title":"TEMPLATE","message":"compile templates\\tpr_receipt.hbs","templatePath":"C:\\Projcet TPR\\report-server\\templates\\tpr_receipt.hbs"}
{"ts":"2026-04-30T08:48:43.337Z","level":"INFO","title":"TEMPLATE","message":"compile templates\\tpr_tax_receipt.hbs","templatePath":"C:\\Projcet TPR\\report-server\\templates\\tpr_tax_receipt.hbs"}
{"ts":"2026-04-30T08:48:43.338Z","level":"INFO","title":"TEMPLATE","message":"compile templates\\tpr_withholding_tax_certificate.hbs","templatePath":"C:\\Projcet TPR\\report-server\\templates\\tpr_withholding_tax_certificate.hbs"}
{"ts":"2026-04-30T08:48:43.339Z","level":"INFO","title":"TEMPLATE","message":"compile templates\\tpr_payment_voucher.hbs","templatePath":"C:\\Projcet TPR\\report-server\\templates\\tpr_payment_voucher.hbs"}
{"ts":"2026-04-30T08:48:43.340Z","level":"INFO","title":"TEMPLATE","message":"compile templates\\tpr_receipt_voucher.hbs","templatePath":"C:\\Projcet TPR\\report-server\\templates\\tpr_receipt_voucher.hbs"}
{"ts":"2026-04-30T08:48:43.340Z","level":"INFO","title":"TEMPLATE","message":"compile templates\\tpr_petty_cash_voucher.hbs","templatePath":"C:\\Projcet TPR\\report-server\\templates\\tpr_petty_cash_voucher.hbs"}
{"ts":"2026-04-30T08:48:43.341Z","level":"INFO","title":"TEMPLATE","message":"compile templates\\tpr_petty_cash_request.hbs","templatePath":"C:\\Projcet TPR\\report-server\\templates\\tpr_petty_cash_request.hbs"}
{"ts":"2026-04-30T08:48:43.341Z","level":"INFO","title":"TEMPLATE","message":"compile templates\\tpr_petty_cash_payment_report.hbs","templatePath":"C:\\Projcet TPR\\report-server\\templates\\tpr_petty_cash_payment_report.hbs"}
{"ts":"2026-04-30T08:48:43.342Z","level":"INFO","title":"TEMPLATE","message":"compile templates\\tpr_receipt_certification.hbs","templatePath":"C:\\Projcet TPR\\report-server\\templates\\tpr_receipt_certification.hbs"}
{"ts":"2026-04-30T08:48:43.342Z","level":"WARN","title":"CSS","message":"inline missing: C:\\Projcet TPR\\report-server\\public\\css\\quotation.css (ไม่จำเป็นถ้า CSS อยู่ใน hbs แล้ว)","cssPath":"C:\\Projcet TPR\\report-server\\public\\css\\quotation.css"}
{"ts":"2026-04-30T08:48:43.363Z","level":"OK","title":"READY","message":"PDF server is running","port":4100,"logFile":"C:\\Projcet TPR\\report-server\\logs\\server-2026-04-30.log"}
{"ts":"2026-04-30T08:48:43.364Z","level":"BOOT","message":"PDF server is running","port":4100,"logFile":"C:\\Projcet TPR\\report-server\\logs\\server-2026-04-30.log"}
{"ts":"2026-04-30T08:48:50.966Z","level":"STEP","reqId":"MOL8S93P-5QNRK8","route":"INVOICE","stage":"START","detail":"OPTIONS /tpr-invoice/pdf","method":"OPTIONS","url":"/tpr-invoice/pdf"}
{"ts":"2026-04-30T08:48:50.968Z","level":"REQUEST_START","reqId":"MOL8S93P-5QNRK8","route":"INVOICE","method":"OPTIONS","url":"/tpr-invoice/pdf","ip":"::1","origin":"http://localhost:5174","ua":"Mozilla/5.0 (Windows NT 10.0; Win64; x64) AppleWebKit/537.36 (KHTML, like Gecko) Chrome/147.0.0.0 Safari/537.36","payloadBytes":2}
{"ts":"2026-04-30T08:48:50.974Z","level":"REQUEST_DONE","reqId":"MOL8S93P-5QNRK8","route":"INVOICE","method":"OPTIONS","url":"/tpr-invoice/pdf","status":204,"durationMs":8,"responseSize":"0 B"}
{"ts":"2026-04-30T08:48:50.976Z","level":"STEP","reqId":"MOL8S940-PXP8A0","route":"INVOICE","stage":"START","detail":"POST /tpr-invoice/pdf","method":"POST","url":"/tpr-invoice/pdf"}
{"ts":"2026-04-30T08:48:50.977Z","level":"REQUEST_START","reqId":"MOL8S940-PXP8A0","route":"INVOICE","method":"POST","url":"/tpr-invoice/pdf","ip":"::1","origin":"http://localhost:5174","ua":"Mozilla/5.0 (Windows NT 10.0; Win64; x64) AppleWebKit/537.36 (KHTML, like Gecko) Chrome/147.0.0.0 Safari/537.36","payloadBytes":2}
{"ts":"2026-04-30T08:48:50.995Z","level":"STEP","reqId":"MOL8S940-PXP8A0","route":"INVOICE","stage":"ROUTE","detail":"pdf mode","method":"POST","url":"/tpr-invoice/pdf"}
{"ts":"2026-04-30T08:48:50.996Z","level":"STEP","reqId":"MOL8S940-PXP8A0","route":"INVOICE","stage":"NORMALIZE","detail":"payload 1.21 KB","method":"POST","url":"/tpr-invoice/pdf"}
{"ts":"2026-04-30T08:48:51.001Z","level":"STEP","reqId":"MOL8S940-PXP8A0","route":"INVOICE","stage":"TEMPLATE","detail":"render html before pdf","method":"POST","url":"/tpr-invoice/pdf"}
{"ts":"2026-04-30T08:48:51.027Z","level":"INFO","title":"PUPPETEER","message":"launch browser..."}
{"ts":"2026-04-30T08:48:51.340Z","level":"OK","title":"PUPPETEER","message":"browser launched"}
{"ts":"2026-04-30T08:48:51.381Z","level":"STEP","reqId":"MOL8S940-PXP8A0","route":"INVOICE","stage":"PDF:PAGE_OPEN","detail":"create new page","method":"POST","url":"/tpr-invoice/pdf"}
{"ts":"2026-04-30T08:48:51.385Z","level":"STEP","reqId":"MOL8S940-PXP8A0","route":"INVOICE","stage":"PDF:SET_CONTENT","detail":"html size 10.7 KB","method":"POST","url":"/tpr-invoice/pdf"}
{"ts":"2026-04-30T08:48:52.411Z","level":"STEP","reqId":"MOL8S940-PXP8A0","route":"INVOICE","stage":"PDF:FONTS_READY","detail":"waiting document.fonts.ready","method":"POST","url":"/tpr-invoice/pdf"}
{"ts":"2026-04-30T08:48:52.415Z","level":"STEP","reqId":"MOL8S940-PXP8A0","route":"INVOICE","stage":"PDF:RENDER","detail":"format=A4 media=screen landscape=false","method":"POST","url":"/tpr-invoice/pdf"}
{"ts":"2026-04-30T08:48:52.573Z","level":"STEP","reqId":"MOL8S940-PXP8A0","route":"INVOICE","stage":"PDF:BUFFER_READY","detail":"pdf size 208 KB","method":"POST","url":"/tpr-invoice/pdf"}
{"ts":"2026-04-30T08:48:52.574Z","level":"STEP","reqId":"MOL8S940-PXP8A0","route":"INVOICE","stage":"PDF:PAGE_CLOSE","detail":"close page","method":"POST","url":"/tpr-invoice/pdf"}
{"ts":"2026-04-30T08:48:52.583Z","level":"STEP","reqId":"MOL8S940-PXP8A0","route":"INVOICE","stage":"RESPOND_PDF","detail":"filename=tpr_invoice.pdf","method":"POST","url":"/tpr-invoice/pdf"}
{"ts":"2026-04-30T08:48:52.584Z","level":"PDF_RESPONSE","reqId":"MOL8S940-PXP8A0","route":"INVOICE","method":"POST","url":"/tpr-invoice/pdf","filename":"tpr_invoice.pdf","pdfBytes":213126}
{"ts":"2026-04-30T08:48:52.586Z","level":"REQUEST_DONE","reqId":"MOL8S940-PXP8A0","route":"INVOICE","method":"POST","url":"/tpr-invoice/pdf","status":200,"durationMs":1610,"responseSize":"208 KB"}
{"ts":"2026-04-30T08:53:40.501Z","level":"INFO","title":"TEMPLATE","message":"compile templates\\tpr_quotation.hbs","templatePath":"C:\\Projcet TPR\\report-server\\templates\\tpr_quotation.hbs"}
{"ts":"2026-04-30T08:53:40.503Z","level":"INFO","title":"TEMPLATE","message":"compile templates\\tpr_credit_note.hbs","templatePath":"C:\\Projcet TPR\\report-server\\templates\\tpr_credit_note.hbs"}
{"ts":"2026-04-30T08:53:40.504Z","level":"INFO","title":"TEMPLATE","message":"compile templates\\tpr_invoice.hbs","templatePath":"C:\\Projcet TPR\\report-server\\templates\\tpr_invoice.hbs"}
{"ts":"2026-04-30T08:53:40.505Z","level":"INFO","title":"TEMPLATE","message":"compile templates\\tpr_purchase_order.hbs","templatePath":"C:\\Projcet TPR\\report-server\\templates\\tpr_purchase_order.hbs"}
{"ts":"2026-04-30T08:53:40.505Z","level":"INFO","title":"TEMPLATE","message":"compile templates\\tpr_receipt.hbs","templatePath":"C:\\Projcet TPR\\report-server\\templates\\tpr_receipt.hbs"}
{"ts":"2026-04-30T08:53:40.506Z","level":"INFO","title":"TEMPLATE","message":"compile templates\\tpr_tax_receipt.hbs","templatePath":"C:\\Projcet TPR\\report-server\\templates\\tpr_tax_receipt.hbs"}
{"ts":"2026-04-30T08:53:40.507Z","level":"INFO","title":"TEMPLATE","message":"compile templates\\tpr_withholding_tax_certificate.hbs","templatePath":"C:\\Projcet TPR\\report-server\\templates\\tpr_withholding_tax_certificate.hbs"}
{"ts":"2026-04-30T08:53:40.507Z","level":"INFO","title":"TEMPLATE","message":"compile templates\\tpr_payment_voucher.hbs","templatePath":"C:\\Projcet TPR\\report-server\\templates\\tpr_payment_voucher.hbs"}
{"ts":"2026-04-30T08:53:40.508Z","level":"INFO","title":"TEMPLATE","message":"compile templates\\tpr_receipt_voucher.hbs","templatePath":"C:\\Projcet TPR\\report-server\\templates\\tpr_receipt_voucher.hbs"}
{"ts":"2026-04-30T08:53:40.508Z","level":"INFO","title":"TEMPLATE","message":"compile templates\\tpr_petty_cash_voucher.hbs","templatePath":"C:\\Projcet TPR\\report-server\\templates\\tpr_petty_cash_voucher.hbs"}
{"ts":"2026-04-30T08:53:40.509Z","level":"INFO","title":"TEMPLATE","message":"compile templates\\tpr_petty_cash_request.hbs","templatePath":"C:\\Projcet TPR\\report-server\\templates\\tpr_petty_cash_request.hbs"}
{"ts":"2026-04-30T08:53:40.509Z","level":"INFO","title":"TEMPLATE","message":"compile templates\\tpr_petty_cash_payment_report.hbs","templatePath":"C:\\Projcet TPR\\report-server\\templates\\tpr_petty_cash_payment_report.hbs"}
{"ts":"2026-04-30T08:53:40.509Z","level":"INFO","title":"TEMPLATE","message":"compile templates\\tpr_receipt_certification.hbs","templatePath":"C:\\Projcet TPR\\report-server\\templates\\tpr_receipt_certification.hbs"}
{"ts":"2026-04-30T08:53:40.510Z","level":"WARN","title":"CSS","message":"inline missing: C:\\Projcet TPR\\report-server\\public\\css\\quotation.css (ไม่จำเป็นถ้า CSS อยู่ใน hbs แล้ว)","cssPath":"C:\\Projcet TPR\\report-server\\public\\css\\quotation.css"}
{"ts":"2026-04-30T08:53:40.536Z","level":"OK","title":"READY","message":"PDF server is running","port":4100,"logFile":"C:\\Projcet TPR\\report-server\\logs\\server-2026-04-30.log"}
{"ts":"2026-04-30T08:53:40.536Z","level":"BOOT","message":"PDF server is running","port":4100,"logFile":"C:\\Projcet TPR\\report-server\\logs\\server-2026-04-30.log"}
{"ts":"2026-04-30T08:53:44.199Z","level":"STEP","reqId":"MOL8YJD3-J97W5E","route":"GENERAL","stage":"START","detail":"GET /","method":"GET","url":"/"}
{"ts":"2026-04-30T08:53:44.200Z","level":"REQUEST_START","reqId":"MOL8YJD3-J97W5E","route":"GENERAL","method":"GET","url":"/","ip":"::1","origin":"-","ua":"Mozilla/5.0 (Windows NT; Windows NT 10.0; en-US) WindowsPowerShell/5.1.26100.8115","payloadBytes":2}
{"ts":"2026-04-30T08:53:44.203Z","level":"STEP","reqId":"MOL8YJD3-J97W5E","route":"GENERAL","stage":"NOT_FOUND","detail":"GET /","method":"GET","url":"/"}
{"ts":"2026-04-30T08:53:44.207Z","level":"REQUEST_DONE","reqId":"MOL8YJD3-J97W5E","route":"GENERAL","method":"GET","url":"/","status":404,"durationMs":8,"responseSize":"56.0 B"}
{"ts":"2026-04-30T08:54:33.249Z","level":"STEP","reqId":"MOL8ZL7K-0L2TCT","route":"INVOICE","stage":"START","detail":"OPTIONS /tpr-invoice/pdf","method":"OPTIONS","url":"/tpr-invoice/pdf"}
{"ts":"2026-04-30T08:54:33.250Z","level":"REQUEST_START","reqId":"MOL8ZL7K-0L2TCT","route":"INVOICE","method":"OPTIONS","url":"/tpr-invoice/pdf","ip":"::1","origin":"http://localhost:5174","ua":"Mozilla/5.0 (Windows NT 10.0; Win64; x64) AppleWebKit/537.36 (KHTML, like Gecko) Chrome/147.0.0.0 Safari/537.36","payloadBytes":2}
{"ts":"2026-04-30T08:54:33.252Z","level":"REQUEST_DONE","reqId":"MOL8ZL7K-0L2TCT","route":"INVOICE","method":"OPTIONS","url":"/tpr-invoice/pdf","status":204,"durationMs":3,"responseSize":"0 B"}
{"ts":"2026-04-30T08:54:33.252Z","level":"STEP","reqId":"MOL8ZL7O-M8SECM","route":"INVOICE","stage":"START","detail":"POST /tpr-invoice/pdf","method":"POST","url":"/tpr-invoice/pdf"}
{"ts":"2026-04-30T08:54:33.253Z","level":"REQUEST_START","reqId":"MOL8ZL7O-M8SECM","route":"INVOICE","method":"POST","url":"/tpr-invoice/pdf","ip":"::1","origin":"http://localhost:5174","ua":"Mozilla/5.0 (Windows NT 10.0; Win64; x64) AppleWebKit/537.36 (KHTML, like Gecko) Chrome/147.0.0.0 Safari/537.36","payloadBytes":2}
{"ts":"2026-04-30T08:54:33.264Z","level":"STEP","reqId":"MOL8ZL7O-M8SECM","route":"INVOICE","stage":"ROUTE","detail":"pdf mode","method":"POST","url":"/tpr-invoice/pdf"}
{"ts":"2026-04-30T08:54:33.265Z","level":"STEP","reqId":"MOL8ZL7O-M8SECM","route":"INVOICE","stage":"NORMALIZE","detail":"payload 1.18 KB","method":"POST","url":"/tpr-invoice/pdf"}
{"ts":"2026-04-30T08:54:33.272Z","level":"STEP","reqId":"MOL8ZL7O-M8SECM","route":"INVOICE","stage":"TEMPLATE","detail":"render html before pdf","method":"POST","url":"/tpr-invoice/pdf"}
{"ts":"2026-04-30T08:54:33.296Z","level":"INFO","title":"PUPPETEER","message":"launch browser..."}
{"ts":"2026-04-30T08:54:33.623Z","level":"OK","title":"PUPPETEER","message":"browser launched"}
{"ts":"2026-04-30T08:54:33.670Z","level":"STEP","reqId":"MOL8ZL7O-M8SECM","route":"INVOICE","stage":"PDF:PAGE_OPEN","detail":"create new page","method":"POST","url":"/tpr-invoice/pdf"}
{"ts":"2026-04-30T08:54:33.673Z","level":"STEP","reqId":"MOL8ZL7O-M8SECM","route":"INVOICE","stage":"PDF:SET_CONTENT","detail":"html size 10.4 KB","method":"POST","url":"/tpr-invoice/pdf"}
{"ts":"2026-04-30T08:54:34.711Z","level":"STEP","reqId":"MOL8ZL7O-M8SECM","route":"INVOICE","stage":"PDF:FONTS_READY","detail":"waiting document.fonts.ready","method":"POST","url":"/tpr-invoice/pdf"}
{"ts":"2026-04-30T08:54:34.713Z","level":"STEP","reqId":"MOL8ZL7O-M8SECM","route":"INVOICE","stage":"PDF:RENDER","detail":"format=A4 media=screen landscape=false","method":"POST","url":"/tpr-invoice/pdf"}
{"ts":"2026-04-30T08:54:34.870Z","level":"STEP","reqId":"MOL8ZL7O-M8SECM","route":"INVOICE","stage":"PDF:BUFFER_READY","detail":"pdf size 208 KB","method":"POST","url":"/tpr-invoice/pdf"}
{"ts":"2026-04-30T08:54:34.871Z","level":"STEP","reqId":"MOL8ZL7O-M8SECM","route":"INVOICE","stage":"PDF:PAGE_CLOSE","detail":"close page","method":"POST","url":"/tpr-invoice/pdf"}
{"ts":"2026-04-30T08:54:34.881Z","level":"STEP","reqId":"MOL8ZL7O-M8SECM","route":"INVOICE","stage":"RESPOND_PDF","detail":"filename=tpr_invoice.pdf","method":"POST","url":"/tpr-invoice/pdf"}
{"ts":"2026-04-30T08:54:34.882Z","level":"PDF_RESPONSE","reqId":"MOL8ZL7O-M8SECM","route":"INVOICE","method":"POST","url":"/tpr-invoice/pdf","filename":"tpr_invoice.pdf","pdfBytes":212874}
{"ts":"2026-04-30T08:54:34.883Z","level":"REQUEST_DONE","reqId":"MOL8ZL7O-M8SECM","route":"INVOICE","method":"POST","url":"/tpr-invoice/pdf","status":200,"durationMs":1631,"responseSize":"208 KB"}
{"ts":"2026-04-30T08:55:17.788Z","level":"INFO","title":"TEMPLATE","message":"compile templates\\tpr_quotation.hbs","templatePath":"C:\\Projcet TPR\\report-server\\templates\\tpr_quotation.hbs"}
{"ts":"2026-04-30T08:55:17.790Z","level":"INFO","title":"TEMPLATE","message":"compile templates\\tpr_credit_note.hbs","templatePath":"C:\\Projcet TPR\\report-server\\templates\\tpr_credit_note.hbs"}
{"ts":"2026-04-30T08:55:17.790Z","level":"INFO","title":"TEMPLATE","message":"compile templates\\tpr_invoice.hbs","templatePath":"C:\\Projcet TPR\\report-server\\templates\\tpr_invoice.hbs"}
{"ts":"2026-04-30T08:55:17.791Z","level":"INFO","title":"TEMPLATE","message":"compile templates\\tpr_purchase_order.hbs","templatePath":"C:\\Projcet TPR\\report-server\\templates\\tpr_purchase_order.hbs"}
{"ts":"2026-04-30T08:55:17.791Z","level":"INFO","title":"TEMPLATE","message":"compile templates\\tpr_receipt.hbs","templatePath":"C:\\Projcet TPR\\report-server\\templates\\tpr_receipt.hbs"}
{"ts":"2026-04-30T08:55:17.792Z","level":"INFO","title":"TEMPLATE","message":"compile templates\\tpr_tax_receipt.hbs","templatePath":"C:\\Projcet TPR\\report-server\\templates\\tpr_tax_receipt.hbs"}
{"ts":"2026-04-30T08:55:17.792Z","level":"INFO","title":"TEMPLATE","message":"compile templates\\tpr_withholding_tax_certificate.hbs","templatePath":"C:\\Projcet TPR\\report-server\\templates\\tpr_withholding_tax_certificate.hbs"}
{"ts":"2026-04-30T08:55:17.793Z","level":"INFO","title":"TEMPLATE","message":"compile templates\\tpr_payment_voucher.hbs","templatePath":"C:\\Projcet TPR\\report-server\\templates\\tpr_payment_voucher.hbs"}
{"ts":"2026-04-30T08:55:17.794Z","level":"INFO","title":"TEMPLATE","message":"compile templates\\tpr_receipt_voucher.hbs","templatePath":"C:\\Projcet TPR\\report-server\\templates\\tpr_receipt_voucher.hbs"}
{"ts":"2026-04-30T08:55:17.795Z","level":"INFO","title":"TEMPLATE","message":"compile templates\\tpr_petty_cash_voucher.hbs","templatePath":"C:\\Projcet TPR\\report-server\\templates\\tpr_petty_cash_voucher.hbs"}
{"ts":"2026-04-30T08:55:17.795Z","level":"INFO","title":"TEMPLATE","message":"compile templates\\tpr_petty_cash_request.hbs","templatePath":"C:\\Projcet TPR\\report-server\\templates\\tpr_petty_cash_request.hbs"}
{"ts":"2026-04-30T08:55:17.796Z","level":"INFO","title":"TEMPLATE","message":"compile templates\\tpr_petty_cash_payment_report.hbs","templatePath":"C:\\Projcet TPR\\report-server\\templates\\tpr_petty_cash_payment_report.hbs"}
{"ts":"2026-04-30T08:55:17.796Z","level":"INFO","title":"TEMPLATE","message":"compile templates\\tpr_receipt_certification.hbs","templatePath":"C:\\Projcet TPR\\report-server\\templates\\tpr_receipt_certification.hbs"}
{"ts":"2026-04-30T08:55:17.797Z","level":"WARN","title":"CSS","message":"inline missing: C:\\Projcet TPR\\report-server\\public\\css\\quotation.css (ไม่จำเป็นถ้า CSS อยู่ใน hbs แล้ว)","cssPath":"C:\\Projcet TPR\\report-server\\public\\css\\quotation.css"}
{"ts":"2026-04-30T08:55:17.822Z","level":"OK","title":"READY","message":"PDF server is running","port":4100,"logFile":"C:\\Projcet TPR\\report-server\\logs\\server-2026-04-30.log"}
{"ts":"2026-04-30T08:55:17.823Z","level":"BOOT","message":"PDF server is running","port":4100,"logFile":"C:\\Projcet TPR\\report-server\\logs\\server-2026-04-30.log"}
{"ts":"2026-04-30T08:55:56.416Z","level":"STEP","reqId":"MOL91DDR-WDMHN8","route":"INVOICE","stage":"START","detail":"OPTIONS /tpr-invoice/pdf","method":"OPTIONS","url":"/tpr-invoice/pdf"}
{"ts":"2026-04-30T08:55:56.416Z","level":"REQUEST_START","reqId":"MOL91DDR-WDMHN8","route":"INVOICE","method":"OPTIONS","url":"/tpr-invoice/pdf","ip":"::1","origin":"http://localhost:5174","ua":"Mozilla/5.0 (Windows NT 10.0; Win64; x64) AppleWebKit/537.36 (KHTML, like Gecko) Chrome/147.0.0.0 Safari/537.36","payloadBytes":2}
{"ts":"2026-04-30T08:55:56.419Z","level":"REQUEST_DONE","reqId":"MOL91DDR-WDMHN8","route":"INVOICE","method":"OPTIONS","url":"/tpr-invoice/pdf","status":204,"durationMs":4,"responseSize":"0 B"}
{"ts":"2026-04-30T08:55:56.421Z","level":"STEP","reqId":"MOL91DDX-X5EKZB","route":"INVOICE","stage":"START","detail":"POST /tpr-invoice/pdf","method":"POST","url":"/tpr-invoice/pdf"}
{"ts":"2026-04-30T08:55:56.422Z","level":"REQUEST_START","reqId":"MOL91DDX-X5EKZB","route":"INVOICE","method":"POST","url":"/tpr-invoice/pdf","ip":"::1","origin":"http://localhost:5174","ua":"Mozilla/5.0 (Windows NT 10.0; Win64; x64) AppleWebKit/537.36 (KHTML, like Gecko) Chrome/147.0.0.0 Safari/537.36","payloadBytes":2}
{"ts":"2026-04-30T08:55:56.438Z","level":"STEP","reqId":"MOL91DDX-X5EKZB","route":"INVOICE","stage":"ROUTE","detail":"pdf mode","method":"POST","url":"/tpr-invoice/pdf"}
{"ts":"2026-04-30T08:55:56.439Z","level":"STEP","reqId":"MOL91DDX-X5EKZB","route":"INVOICE","stage":"NORMALIZE","detail":"payload 1.18 KB","method":"POST","url":"/tpr-invoice/pdf"}
{"ts":"2026-04-30T08:55:56.444Z","level":"STEP","reqId":"MOL91DDX-X5EKZB","route":"INVOICE","stage":"TEMPLATE","detail":"render html before pdf","method":"POST","url":"/tpr-invoice/pdf"}
{"ts":"2026-04-30T08:55:56.472Z","level":"INFO","title":"PUPPETEER","message":"launch browser..."}
{"ts":"2026-04-30T08:55:56.778Z","level":"OK","title":"PUPPETEER","message":"browser launched"}
{"ts":"2026-04-30T08:55:56.818Z","level":"STEP","reqId":"MOL91DDX-X5EKZB","route":"INVOICE","stage":"PDF:PAGE_OPEN","detail":"create new page","method":"POST","url":"/tpr-invoice/pdf"}
{"ts":"2026-04-30T08:55:56.832Z","level":"STEP","reqId":"MOL91DDX-X5EKZB","route":"INVOICE","stage":"PDF:SET_CONTENT","detail":"html size 10.4 KB","method":"POST","url":"/tpr-invoice/pdf"}
{"ts":"2026-04-30T08:55:58.344Z","level":"STEP","reqId":"MOL91DDX-X5EKZB","route":"INVOICE","stage":"PDF:FONTS_READY","detail":"waiting document.fonts.ready","method":"POST","url":"/tpr-invoice/pdf"}
{"ts":"2026-04-30T08:55:58.346Z","level":"STEP","reqId":"MOL91DDX-X5EKZB","route":"INVOICE","stage":"PDF:RENDER","detail":"format=A4 media=screen landscape=false","method":"POST","url":"/tpr-invoice/pdf"}
{"ts":"2026-04-30T08:55:58.508Z","level":"STEP","reqId":"MOL91DDX-X5EKZB","route":"INVOICE","stage":"PDF:BUFFER_READY","detail":"pdf size 208 KB","method":"POST","url":"/tpr-invoice/pdf"}
{"ts":"2026-04-30T08:55:58.508Z","level":"STEP","reqId":"MOL91DDX-X5EKZB","route":"INVOICE","stage":"PDF:PAGE_CLOSE","detail":"close page","method":"POST","url":"/tpr-invoice/pdf"}
{"ts":"2026-04-30T08:55:58.519Z","level":"STEP","reqId":"MOL91DDX-X5EKZB","route":"INVOICE","stage":"RESPOND_PDF","detail":"filename=tpr_invoice.pdf","method":"POST","url":"/tpr-invoice/pdf"}
{"ts":"2026-04-30T08:55:58.519Z","level":"PDF_RESPONSE","reqId":"MOL91DDX-X5EKZB","route":"INVOICE","method":"POST","url":"/tpr-invoice/pdf","filename":"tpr_invoice.pdf","pdfBytes":212874}
{"ts":"2026-04-30T08:55:58.522Z","level":"REQUEST_DONE","reqId":"MOL91DDX-X5EKZB","route":"INVOICE","method":"POST","url":"/tpr-invoice/pdf","status":200,"durationMs":2101,"responseSize":"208 KB"}
{"ts":"2026-04-30T09:01:36.987Z","level":"INFO","title":"TEMPLATE","message":"compile templates\\tpr_quotation.hbs","templatePath":"C:\\Projcet TPR\\report-server\\templates\\tpr_quotation.hbs"}
{"ts":"2026-04-30T09:01:36.988Z","level":"INFO","title":"TEMPLATE","message":"compile templates\\tpr_credit_note.hbs","templatePath":"C:\\Projcet TPR\\report-server\\templates\\tpr_credit_note.hbs"}
{"ts":"2026-04-30T09:01:36.989Z","level":"INFO","title":"TEMPLATE","message":"compile templates\\tpr_invoice.hbs","templatePath":"C:\\Projcet TPR\\report-server\\templates\\tpr_invoice.hbs"}
{"ts":"2026-04-30T09:01:36.989Z","level":"INFO","title":"TEMPLATE","message":"compile templates\\tpr_purchase_order.hbs","templatePath":"C:\\Projcet TPR\\report-server\\templates\\tpr_purchase_order.hbs"}
{"ts":"2026-04-30T09:01:36.990Z","level":"INFO","title":"TEMPLATE","message":"compile templates\\tpr_receipt.hbs","templatePath":"C:\\Projcet TPR\\report-server\\templates\\tpr_receipt.hbs"}
{"ts":"2026-04-30T09:01:36.990Z","level":"INFO","title":"TEMPLATE","message":"compile templates\\tpr_tax_receipt.hbs","templatePath":"C:\\Projcet TPR\\report-server\\templates\\tpr_tax_receipt.hbs"}
{"ts":"2026-04-30T09:01:36.991Z","level":"INFO","title":"TEMPLATE","message":"compile templates\\tpr_withholding_tax_certificate.hbs","templatePath":"C:\\Projcet TPR\\report-server\\templates\\tpr_withholding_tax_certificate.hbs"}
{"ts":"2026-04-30T09:01:36.991Z","level":"INFO","title":"TEMPLATE","message":"compile templates\\tpr_payment_voucher.hbs","templatePath":"C:\\Projcet TPR\\report-server\\templates\\tpr_payment_voucher.hbs"}
{"ts":"2026-04-30T09:01:36.992Z","level":"INFO","title":"TEMPLATE","message":"compile templates\\tpr_receipt_voucher.hbs","templatePath":"C:\\Projcet TPR\\report-server\\templates\\tpr_receipt_voucher.hbs"}
{"ts":"2026-04-30T09:01:36.992Z","level":"INFO","title":"TEMPLATE","message":"compile templates\\tpr_petty_cash_voucher.hbs","templatePath":"C:\\Projcet TPR\\report-server\\templates\\tpr_petty_cash_voucher.hbs"}
{"ts":"2026-04-30T09:01:36.993Z","level":"INFO","title":"TEMPLATE","message":"compile templates\\tpr_petty_cash_request.hbs","templatePath":"C:\\Projcet TPR\\report-server\\templates\\tpr_petty_cash_request.hbs"}
{"ts":"2026-04-30T09:01:36.993Z","level":"INFO","title":"TEMPLATE","message":"compile templates\\tpr_petty_cash_payment_report.hbs","templatePath":"C:\\Projcet TPR\\report-server\\templates\\tpr_petty_cash_payment_report.hbs"}
{"ts":"2026-04-30T09:01:36.994Z","level":"INFO","title":"TEMPLATE","message":"compile templates\\tpr_receipt_certification.hbs","templatePath":"C:\\Projcet TPR\\report-server\\templates\\tpr_receipt_certification.hbs"}
{"ts":"2026-04-30T09:01:36.994Z","level":"WARN","title":"CSS","message":"inline missing: C:\\Projcet TPR\\report-server\\public\\css\\quotation.css (ไม่จำเป็นถ้า CSS อยู่ใน hbs แล้ว)","cssPath":"C:\\Projcet TPR\\report-server\\public\\css\\quotation.css"}
{"ts":"2026-04-30T09:01:37.013Z","level":"OK","title":"READY","message":"PDF server is running","port":4100,"logFile":"C:\\Projcet TPR\\report-server\\logs\\server-2026-04-30.log"}
{"ts":"2026-04-30T09:01:37.014Z","level":"BOOT","message":"PDF server is running","port":4100,"logFile":"C:\\Projcet TPR\\report-server\\logs\\server-2026-04-30.log"}
{"ts":"2026-04-30T09:01:49.344Z","level":"INFO","title":"TEMPLATE","message":"compile templates\\tpr_quotation.hbs","templatePath":"C:\\Projcet TPR\\report-server\\templates\\tpr_quotation.hbs"}
{"ts":"2026-04-30T09:01:49.345Z","level":"INFO","title":"TEMPLATE","message":"compile templates\\tpr_credit_note.hbs","templatePath":"C:\\Projcet TPR\\report-server\\templates\\tpr_credit_note.hbs"}
{"ts":"2026-04-30T09:01:49.346Z","level":"INFO","title":"TEMPLATE","message":"compile templates\\tpr_invoice.hbs","templatePath":"C:\\Projcet TPR\\report-server\\templates\\tpr_invoice.hbs"}
{"ts":"2026-04-30T09:01:49.347Z","level":"INFO","title":"TEMPLATE","message":"compile templates\\tpr_purchase_order.hbs","templatePath":"C:\\Projcet TPR\\report-server\\templates\\tpr_purchase_order.hbs"}
{"ts":"2026-04-30T09:01:49.348Z","level":"INFO","title":"TEMPLATE","message":"compile templates\\tpr_receipt.hbs","templatePath":"C:\\Projcet TPR\\report-server\\templates\\tpr_receipt.hbs"}
{"ts":"2026-04-30T09:01:49.349Z","level":"INFO","title":"TEMPLATE","message":"compile templates\\tpr_tax_receipt.hbs","templatePath":"C:\\Projcet TPR\\report-server\\templates\\tpr_tax_receipt.hbs"}
{"ts":"2026-04-30T09:01:49.350Z","level":"INFO","title":"TEMPLATE","message":"compile templates\\tpr_withholding_tax_certificate.hbs","templatePath":"C:\\Projcet TPR\\report-server\\templates\\tpr_withholding_tax_certificate.hbs"}
{"ts":"2026-04-30T09:01:49.351Z","level":"INFO","title":"TEMPLATE","message":"compile templates\\tpr_payment_voucher.hbs","templatePath":"C:\\Projcet TPR\\report-server\\templates\\tpr_payment_voucher.hbs"}
{"ts":"2026-04-30T09:01:49.351Z","level":"INFO","title":"TEMPLATE","message":"compile templates\\tpr_receipt_voucher.hbs","templatePath":"C:\\Projcet TPR\\report-server\\templates\\tpr_receipt_voucher.hbs"}
{"ts":"2026-04-30T09:01:49.352Z","level":"INFO","title":"TEMPLATE","message":"compile templates\\tpr_petty_cash_voucher.hbs","templatePath":"C:\\Projcet TPR\\report-server\\templates\\tpr_petty_cash_voucher.hbs"}
{"ts":"2026-04-30T09:01:49.352Z","level":"INFO","title":"TEMPLATE","message":"compile templates\\tpr_petty_cash_request.hbs","templatePath":"C:\\Projcet TPR\\report-server\\templates\\tpr_petty_cash_request.hbs"}
{"ts":"2026-04-30T09:01:49.353Z","level":"INFO","title":"TEMPLATE","message":"compile templates\\tpr_petty_cash_payment_report.hbs","templatePath":"C:\\Projcet TPR\\report-server\\templates\\tpr_petty_cash_payment_report.hbs"}
{"ts":"2026-04-30T09:01:49.353Z","level":"INFO","title":"TEMPLATE","message":"compile templates\\tpr_receipt_certification.hbs","templatePath":"C:\\Projcet TPR\\report-server\\templates\\tpr_receipt_certification.hbs"}
{"ts":"2026-04-30T09:01:49.353Z","level":"WARN","title":"CSS","message":"inline missing: C:\\Projcet TPR\\report-server\\public\\css\\quotation.css (ไม่จำเป็นถ้า CSS อยู่ใน hbs แล้ว)","cssPath":"C:\\Projcet TPR\\report-server\\public\\css\\quotation.css"}
{"ts":"2026-04-30T09:01:49.374Z","level":"OK","title":"READY","message":"PDF server is running","port":4100,"logFile":"C:\\Projcet TPR\\report-server\\logs\\server-2026-04-30.log"}
{"ts":"2026-04-30T09:01:49.374Z","level":"BOOT","message":"PDF server is running","port":4100,"logFile":"C:\\Projcet TPR\\report-server\\logs\\server-2026-04-30.log"}
{"ts":"2026-04-30T09:01:53.017Z","level":"STEP","reqId":"MOL990JC-ZZHJ91","route":"GENERAL","stage":"START","detail":"GET /","method":"GET","url":"/"}
{"ts":"2026-04-30T09:01:53.019Z","level":"REQUEST_START","reqId":"MOL990JC-ZZHJ91","route":"GENERAL","method":"GET","url":"/","ip":"::1","origin":"-","ua":"Mozilla/5.0 (Windows NT; Windows NT 10.0; en-US) WindowsPowerShell/5.1.26100.8115","payloadBytes":2}
{"ts":"2026-04-30T09:01:53.023Z","level":"STEP","reqId":"MOL990JC-ZZHJ91","route":"GENERAL","stage":"NOT_FOUND","detail":"GET /","method":"GET","url":"/"}
{"ts":"2026-04-30T09:01:53.026Z","level":"REQUEST_DONE","reqId":"MOL990JC-ZZHJ91","route":"GENERAL","method":"GET","url":"/","status":404,"durationMs":9,"responseSize":"56.0 B"}
{"ts":"2026-04-30T09:02:19.411Z","level":"STEP","reqId":"MOL99KWJ-5ZV6Z8","route":"INVOICE","stage":"START","detail":"OPTIONS /tpr-invoice/pdf","method":"OPTIONS","url":"/tpr-invoice/pdf"}
{"ts":"2026-04-30T09:02:19.414Z","level":"REQUEST_START","reqId":"MOL99KWJ-5ZV6Z8","route":"INVOICE","method":"OPTIONS","url":"/tpr-invoice/pdf","ip":"::1","origin":"http://localhost:5174","ua":"Mozilla/5.0 (Windows NT 10.0; Win64; x64) AppleWebKit/537.36 (KHTML, like Gecko) Chrome/147.0.0.0 Safari/537.36","payloadBytes":2}
{"ts":"2026-04-30T09:02:19.415Z","level":"REQUEST_DONE","reqId":"MOL99KWJ-5ZV6Z8","route":"INVOICE","method":"OPTIONS","url":"/tpr-invoice/pdf","status":204,"durationMs":4,"responseSize":"0 B"}
{"ts":"2026-04-30T09:02:19.416Z","level":"STEP","reqId":"MOL99KWO-ILOVRP","route":"INVOICE","stage":"START","detail":"POST /tpr-invoice/pdf","method":"POST","url":"/tpr-invoice/pdf"}
{"ts":"2026-04-30T09:02:19.417Z","level":"REQUEST_START","reqId":"MOL99KWO-ILOVRP","route":"INVOICE","method":"POST","url":"/tpr-invoice/pdf","ip":"::1","origin":"http://localhost:5174","ua":"Mozilla/5.0 (Windows NT 10.0; Win64; x64) AppleWebKit/537.36 (KHTML, like Gecko) Chrome/147.0.0.0 Safari/537.36","payloadBytes":2}
{"ts":"2026-04-30T09:02:19.426Z","level":"STEP","reqId":"MOL99KWO-ILOVRP","route":"INVOICE","stage":"ROUTE","detail":"pdf mode","method":"POST","url":"/tpr-invoice/pdf"}
{"ts":"2026-04-30T09:02:19.427Z","level":"STEP","reqId":"MOL99KWO-ILOVRP","route":"INVOICE","stage":"NORMALIZE","detail":"payload 1.18 KB","method":"POST","url":"/tpr-invoice/pdf"}
{"ts":"2026-04-30T09:02:19.431Z","level":"STEP","reqId":"MOL99KWO-ILOVRP","route":"INVOICE","stage":"TEMPLATE","detail":"render html before pdf","method":"POST","url":"/tpr-invoice/pdf"}
{"ts":"2026-04-30T09:02:19.456Z","level":"INFO","title":"PUPPETEER","message":"launch browser..."}
{"ts":"2026-04-30T09:02:19.867Z","level":"OK","title":"PUPPETEER","message":"browser launched"}
{"ts":"2026-04-30T09:02:19.911Z","level":"STEP","reqId":"MOL99KWO-ILOVRP","route":"INVOICE","stage":"PDF:PAGE_OPEN","detail":"create new page","method":"POST","url":"/tpr-invoice/pdf"}
{"ts":"2026-04-30T09:02:19.915Z","level":"STEP","reqId":"MOL99KWO-ILOVRP","route":"INVOICE","stage":"PDF:SET_CONTENT","detail":"html size 10.4 KB","method":"POST","url":"/tpr-invoice/pdf"}
{"ts":"2026-04-30T09:02:20.958Z","level":"STEP","reqId":"MOL99KWO-ILOVRP","route":"INVOICE","stage":"PDF:FONTS_READY","detail":"waiting document.fonts.ready","method":"POST","url":"/tpr-invoice/pdf"}
{"ts":"2026-04-30T09:02:20.960Z","level":"STEP","reqId":"MOL99KWO-ILOVRP","route":"INVOICE","stage":"PDF:RENDER","detail":"format=A4 media=screen landscape=false","method":"POST","url":"/tpr-invoice/pdf"}
{"ts":"2026-04-30T09:02:21.121Z","level":"STEP","reqId":"MOL99KWO-ILOVRP","route":"INVOICE","stage":"PDF:BUFFER_READY","detail":"pdf size 209 KB","method":"POST","url":"/tpr-invoice/pdf"}
{"ts":"2026-04-30T09:02:21.122Z","level":"STEP","reqId":"MOL99KWO-ILOVRP","route":"INVOICE","stage":"PDF:PAGE_CLOSE","detail":"close page","method":"POST","url":"/tpr-invoice/pdf"}
{"ts":"2026-04-30T09:02:21.132Z","level":"STEP","reqId":"MOL99KWO-ILOVRP","route":"INVOICE","stage":"RESPOND_PDF","detail":"filename=tpr_invoice.pdf","method":"POST","url":"/tpr-invoice/pdf"}
{"ts":"2026-04-30T09:02:21.132Z","level":"PDF_RESPONSE","reqId":"MOL99KWO-ILOVRP","route":"INVOICE","method":"POST","url":"/tpr-invoice/pdf","filename":"tpr_invoice.pdf","pdfBytes":213711}
{"ts":"2026-04-30T09:02:21.133Z","level":"REQUEST_DONE","reqId":"MOL99KWO-ILOVRP","route":"INVOICE","method":"POST","url":"/tpr-invoice/pdf","status":200,"durationMs":1717,"responseSize":"209 KB"}
{"ts":"2026-04-30T09:16:28.017Z","level":"INFO","title":"TEMPLATE","message":"compile templates\\tpr_quotation.hbs","templatePath":"C:\\Projcet TPR\\report-server\\templates\\tpr_quotation.hbs"}
{"ts":"2026-04-30T09:16:28.019Z","level":"INFO","title":"TEMPLATE","message":"compile templates\\tpr_credit_note.hbs","templatePath":"C:\\Projcet TPR\\report-server\\templates\\tpr_credit_note.hbs"}
{"ts":"2026-04-30T09:16:28.020Z","level":"INFO","title":"TEMPLATE","message":"compile templates\\tpr_invoice.hbs","templatePath":"C:\\Projcet TPR\\report-server\\templates\\tpr_invoice.hbs"}
{"ts":"2026-04-30T09:16:28.020Z","level":"INFO","title":"TEMPLATE","message":"compile templates\\tpr_purchase_order.hbs","templatePath":"C:\\Projcet TPR\\report-server\\templates\\tpr_purchase_order.hbs"}
{"ts":"2026-04-30T09:16:28.020Z","level":"INFO","title":"TEMPLATE","message":"compile templates\\tpr_receipt.hbs","templatePath":"C:\\Projcet TPR\\report-server\\templates\\tpr_receipt.hbs"}
{"ts":"2026-04-30T09:16:28.021Z","level":"INFO","title":"TEMPLATE","message":"compile templates\\tpr_tax_receipt.hbs","templatePath":"C:\\Projcet TPR\\report-server\\templates\\tpr_tax_receipt.hbs"}
{"ts":"2026-04-30T09:16:28.021Z","level":"INFO","title":"TEMPLATE","message":"compile templates\\tpr_withholding_tax_certificate.hbs","templatePath":"C:\\Projcet TPR\\report-server\\templates\\tpr_withholding_tax_certificate.hbs"}
{"ts":"2026-04-30T09:16:28.022Z","level":"INFO","title":"TEMPLATE","message":"compile templates\\tpr_payment_voucher.hbs","templatePath":"C:\\Projcet TPR\\report-server\\templates\\tpr_payment_voucher.hbs"}
{"ts":"2026-04-30T09:16:28.022Z","level":"INFO","title":"TEMPLATE","message":"compile templates\\tpr_receipt_voucher.hbs","templatePath":"C:\\Projcet TPR\\report-server\\templates\\tpr_receipt_voucher.hbs"}
{"ts":"2026-04-30T09:16:28.023Z","level":"INFO","title":"TEMPLATE","message":"compile templates\\tpr_petty_cash_voucher.hbs","templatePath":"C:\\Projcet TPR\\report-server\\templates\\tpr_petty_cash_voucher.hbs"}
{"ts":"2026-04-30T09:16:28.023Z","level":"INFO","title":"TEMPLATE","message":"compile templates\\tpr_petty_cash_request.hbs","templatePath":"C:\\Projcet TPR\\report-server\\templates\\tpr_petty_cash_request.hbs"}
{"ts":"2026-04-30T09:16:28.023Z","level":"INFO","title":"TEMPLATE","message":"compile templates\\tpr_petty_cash_payment_report.hbs","templatePath":"C:\\Projcet TPR\\report-server\\templates\\tpr_petty_cash_payment_report.hbs"}
{"ts":"2026-04-30T09:16:28.024Z","level":"INFO","title":"TEMPLATE","message":"compile templates\\tpr_receipt_certification.hbs","templatePath":"C:\\Projcet TPR\\report-server\\templates\\tpr_receipt_certification.hbs"}
{"ts":"2026-04-30T09:16:28.024Z","level":"WARN","title":"CSS","message":"inline missing: C:\\Projcet TPR\\report-server\\public\\css\\quotation.css (ไม่จำเป็นถ้า CSS อยู่ใน hbs แล้ว)","cssPath":"C:\\Projcet TPR\\report-server\\public\\css\\quotation.css"}
{"ts":"2026-04-30T09:16:28.045Z","level":"OK","title":"READY","message":"PDF server is running","port":4100,"logFile":"C:\\Projcet TPR\\report-server\\logs\\server-2026-04-30.log"}
{"ts":"2026-04-30T09:16:28.045Z","level":"BOOT","message":"PDF server is running","port":4100,"logFile":"C:\\Projcet TPR\\report-server\\logs\\server-2026-04-30.log"}
{"ts":"2026-04-30T09:17:56.859Z","level":"INFO","title":"TEMPLATE","message":"compile templates\\tpr_quotation.hbs","templatePath":"C:\\Projcet TPR\\report-server\\templates\\tpr_quotation.hbs"}
{"ts":"2026-04-30T09:17:56.861Z","level":"INFO","title":"TEMPLATE","message":"compile templates\\tpr_credit_note.hbs","templatePath":"C:\\Projcet TPR\\report-server\\templates\\tpr_credit_note.hbs"}
{"ts":"2026-04-30T09:17:56.861Z","level":"INFO","title":"TEMPLATE","message":"compile templates\\tpr_invoice.hbs","templatePath":"C:\\Projcet TPR\\report-server\\templates\\tpr_invoice.hbs"}
{"ts":"2026-04-30T09:17:56.862Z","level":"INFO","title":"TEMPLATE","message":"compile templates\\tpr_purchase_order.hbs","templatePath":"C:\\Projcet TPR\\report-server\\templates\\tpr_purchase_order.hbs"}
{"ts":"2026-04-30T09:17:56.862Z","level":"INFO","title":"TEMPLATE","message":"compile templates\\tpr_receipt.hbs","templatePath":"C:\\Projcet TPR\\report-server\\templates\\tpr_receipt.hbs"}
{"ts":"2026-04-30T09:17:56.863Z","level":"INFO","title":"TEMPLATE","message":"compile templates\\tpr_tax_receipt.hbs","templatePath":"C:\\Projcet TPR\\report-server\\templates\\tpr_tax_receipt.hbs"}
{"ts":"2026-04-30T09:17:56.863Z","level":"INFO","title":"TEMPLATE","message":"compile templates\\tpr_withholding_tax_certificate.hbs","templatePath":"C:\\Projcet TPR\\report-server\\templates\\tpr_withholding_tax_certificate.hbs"}
{"ts":"2026-04-30T09:17:56.864Z","level":"INFO","title":"TEMPLATE","message":"compile templates\\tpr_payment_voucher.hbs","templatePath":"C:\\Projcet TPR\\report-server\\templates\\tpr_payment_voucher.hbs"}
{"ts":"2026-04-30T09:17:56.865Z","level":"INFO","title":"TEMPLATE","message":"compile templates\\tpr_receipt_voucher.hbs","templatePath":"C:\\Projcet TPR\\report-server\\templates\\tpr_receipt_voucher.hbs"}
{"ts":"2026-04-30T09:17:56.866Z","level":"INFO","title":"TEMPLATE","message":"compile templates\\tpr_petty_cash_voucher.hbs","templatePath":"C:\\Projcet TPR\\report-server\\templates\\tpr_petty_cash_voucher.hbs"}
{"ts":"2026-04-30T09:17:56.866Z","level":"INFO","title":"TEMPLATE","message":"compile templates\\tpr_petty_cash_request.hbs","templatePath":"C:\\Projcet TPR\\report-server\\templates\\tpr_petty_cash_request.hbs"}
{"ts":"2026-04-30T09:17:56.866Z","level":"INFO","title":"TEMPLATE","message":"compile templates\\tpr_petty_cash_payment_report.hbs","templatePath":"C:\\Projcet TPR\\report-server\\templates\\tpr_petty_cash_payment_report.hbs"}
{"ts":"2026-04-30T09:17:56.867Z","level":"INFO","title":"TEMPLATE","message":"compile templates\\tpr_receipt_certification.hbs","templatePath":"C:\\Projcet TPR\\report-server\\templates\\tpr_receipt_certification.hbs"}
{"ts":"2026-04-30T09:17:56.868Z","level":"WARN","title":"CSS","message":"inline missing: C:\\Projcet TPR\\report-server\\public\\css\\quotation.css (ไม่จำเป็นถ้า CSS อยู่ใน hbs แล้ว)","cssPath":"C:\\Projcet TPR\\report-server\\public\\css\\quotation.css"}
{"ts":"2026-04-30T09:17:56.887Z","level":"OK","title":"READY","message":"PDF server is running","port":4100,"logFile":"C:\\Projcet TPR\\report-server\\logs\\server-2026-04-30.log"}
{"ts":"2026-04-30T09:17:56.888Z","level":"BOOT","message":"PDF server is running","port":4100,"logFile":"C:\\Projcet TPR\\report-server\\logs\\server-2026-04-30.log"}
{"ts":"2026-04-30T09:20:40.482Z","level":"INFO","title":"TEMPLATE","message":"compile templates\\tpr_quotation.hbs","templatePath":"C:\\Projcet TPR\\report-server\\templates\\tpr_quotation.hbs"}
{"ts":"2026-04-30T09:20:40.483Z","level":"INFO","title":"TEMPLATE","message":"compile templates\\tpr_credit_note.hbs","templatePath":"C:\\Projcet TPR\\report-server\\templates\\tpr_credit_note.hbs"}
{"ts":"2026-04-30T09:20:40.484Z","level":"INFO","title":"TEMPLATE","message":"compile templates\\tpr_invoice.hbs","templatePath":"C:\\Projcet TPR\\report-server\\templates\\tpr_invoice.hbs"}
{"ts":"2026-04-30T09:20:40.485Z","level":"INFO","title":"TEMPLATE","message":"compile templates\\tpr_purchase_order.hbs","templatePath":"C:\\Projcet TPR\\report-server\\templates\\tpr_purchase_order.hbs"}
{"ts":"2026-04-30T09:20:40.486Z","level":"INFO","title":"TEMPLATE","message":"compile templates\\tpr_receipt.hbs","templatePath":"C:\\Projcet TPR\\report-server\\templates\\tpr_receipt.hbs"}
{"ts":"2026-04-30T09:20:40.486Z","level":"INFO","title":"TEMPLATE","message":"compile templates\\tpr_tax_receipt.hbs","templatePath":"C:\\Projcet TPR\\report-server\\templates\\tpr_tax_receipt.hbs"}
{"ts":"2026-04-30T09:20:40.487Z","level":"INFO","title":"TEMPLATE","message":"compile templates\\tpr_withholding_tax_certificate.hbs","templatePath":"C:\\Projcet TPR\\report-server\\templates\\tpr_withholding_tax_certificate.hbs"}
{"ts":"2026-04-30T09:20:40.488Z","level":"INFO","title":"TEMPLATE","message":"compile templates\\tpr_payment_voucher.hbs","templatePath":"C:\\Projcet TPR\\report-server\\templates\\tpr_payment_voucher.hbs"}
{"ts":"2026-04-30T09:20:40.488Z","level":"INFO","title":"TEMPLATE","message":"compile templates\\tpr_receipt_voucher.hbs","templatePath":"C:\\Projcet TPR\\report-server\\templates\\tpr_receipt_voucher.hbs"}
{"ts":"2026-04-30T09:20:40.489Z","level":"INFO","title":"TEMPLATE","message":"compile templates\\tpr_petty_cash_voucher.hbs","templatePath":"C:\\Projcet TPR\\report-server\\templates\\tpr_petty_cash_voucher.hbs"}
{"ts":"2026-04-30T09:20:40.489Z","level":"INFO","title":"TEMPLATE","message":"compile templates\\tpr_petty_cash_request.hbs","templatePath":"C:\\Projcet TPR\\report-server\\templates\\tpr_petty_cash_request.hbs"}
{"ts":"2026-04-30T09:20:40.490Z","level":"INFO","title":"TEMPLATE","message":"compile templates\\tpr_petty_cash_payment_report.hbs","templatePath":"C:\\Projcet TPR\\report-server\\templates\\tpr_petty_cash_payment_report.hbs"}
{"ts":"2026-04-30T09:20:40.490Z","level":"INFO","title":"TEMPLATE","message":"compile templates\\tpr_receipt_certification.hbs","templatePath":"C:\\Projcet TPR\\report-server\\templates\\tpr_receipt_certification.hbs"}
{"ts":"2026-04-30T09:20:40.492Z","level":"WARN","title":"CSS","message":"inline missing: C:\\Projcet TPR\\report-server\\public\\css\\quotation.css (ไม่จำเป็นถ้า CSS อยู่ใน hbs แล้ว)","cssPath":"C:\\Projcet TPR\\report-server\\public\\css\\quotation.css"}
{"ts":"2026-04-30T09:20:40.513Z","level":"OK","title":"READY","message":"PDF server is running","port":4100,"logFile":"C:\\Projcet TPR\\report-server\\logs\\server-2026-04-30.log"}
{"ts":"2026-04-30T09:20:40.513Z","level":"BOOT","message":"PDF server is running","port":4100,"logFile":"C:\\Projcet TPR\\report-server\\logs\\server-2026-04-30.log"}
{"ts":"2026-04-30T09:26:57.330Z","level":"STEP","reqId":"MOLA599T-LWJHN4","route":"TAX_RECEIPT","stage":"START","detail":"OPTIONS /tpr-tax-receipt/pdf","method":"OPTIONS","url":"/tpr-tax-receipt/pdf"}
{"ts":"2026-04-30T09:26:57.331Z","level":"REQUEST_START","reqId":"MOLA599T-LWJHN4","route":"TAX_RECEIPT","method":"OPTIONS","url":"/tpr-tax-receipt/pdf","ip":"::1","origin":"http://localhost:5174","ua":"Mozilla/5.0 (Windows NT 10.0; Win64; x64) AppleWebKit/537.36 (KHTML, like Gecko) Chrome/147.0.0.0 Safari/537.36","payloadBytes":2}
{"ts":"2026-04-30T09:26:57.337Z","level":"REQUEST_DONE","reqId":"MOLA599T-LWJHN4","route":"TAX_RECEIPT","method":"OPTIONS","url":"/tpr-tax-receipt/pdf","status":204,"durationMs":8,"responseSize":"0 B"}
{"ts":"2026-04-30T09:26:57.339Z","level":"STEP","reqId":"MOLA59A3-GRUIKY","route":"TAX_RECEIPT","stage":"START","detail":"POST /tpr-tax-receipt/pdf","method":"POST","url":"/tpr-tax-receipt/pdf"}
{"ts":"2026-04-30T09:26:57.340Z","level":"REQUEST_START","reqId":"MOLA59A3-GRUIKY","route":"TAX_RECEIPT","method":"POST","url":"/tpr-tax-receipt/pdf","ip":"::1","origin":"http://localhost:5174","ua":"Mozilla/5.0 (Windows NT 10.0; Win64; x64) AppleWebKit/537.36 (KHTML, like Gecko) Chrome/147.0.0.0 Safari/537.36","payloadBytes":2}
{"ts":"2026-04-30T09:26:57.355Z","level":"STEP","reqId":"MOLA59A3-GRUIKY","route":"TAX_RECEIPT","stage":"ROUTE","detail":"pdf mode","method":"POST","url":"/tpr-tax-receipt/pdf"}
{"ts":"2026-04-30T09:26:57.355Z","level":"STEP","reqId":"MOLA59A3-GRUIKY","route":"TAX_RECEIPT","stage":"NORMALIZE","detail":"payload 1.17 KB","method":"POST","url":"/tpr-tax-receipt/pdf"}
{"ts":"2026-04-30T09:26:57.360Z","level":"STEP","reqId":"MOLA59A3-GRUIKY","route":"TAX_RECEIPT","stage":"TEMPLATE","detail":"render html before pdf","method":"POST","url":"/tpr-tax-receipt/pdf"}
{"ts":"2026-04-30T09:26:57.387Z","level":"INFO","title":"PUPPETEER","message":"launch browser..."}
{"ts":"2026-04-30T09:26:57.699Z","level":"OK","title":"PUPPETEER","message":"browser launched"}
{"ts":"2026-04-30T09:26:57.739Z","level":"STEP","reqId":"MOLA59A3-GRUIKY","route":"TAX_RECEIPT","stage":"PDF:PAGE_OPEN","detail":"create new page","method":"POST","url":"/tpr-tax-receipt/pdf"}
{"ts":"2026-04-30T09:26:57.744Z","level":"STEP","reqId":"MOLA59A3-GRUIKY","route":"TAX_RECEIPT","stage":"PDF:SET_CONTENT","detail":"html size 13.1 KB","method":"POST","url":"/tpr-tax-receipt/pdf"}
{"ts":"2026-04-30T09:26:58.779Z","level":"STEP","reqId":"MOLA59A3-GRUIKY","route":"TAX_RECEIPT","stage":"PDF:FONTS_READY","detail":"waiting document.fonts.ready","method":"POST","url":"/tpr-tax-receipt/pdf"}
{"ts":"2026-04-30T09:26:58.782Z","level":"STEP","reqId":"MOLA59A3-GRUIKY","route":"TAX_RECEIPT","stage":"PDF:RENDER","detail":"format=A4 media=screen landscape=false","method":"POST","url":"/tpr-tax-receipt/pdf"}
{"ts":"2026-04-30T09:26:58.954Z","level":"STEP","reqId":"MOLA59A3-GRUIKY","route":"TAX_RECEIPT","stage":"PDF:BUFFER_READY","detail":"pdf size 227 KB","method":"POST","url":"/tpr-tax-receipt/pdf"}
{"ts":"2026-04-30T09:26:58.955Z","level":"STEP","reqId":"MOLA59A3-GRUIKY","route":"TAX_RECEIPT","stage":"PDF:PAGE_CLOSE","detail":"close page","method":"POST","url":"/tpr-tax-receipt/pdf"}
{"ts":"2026-04-30T09:26:58.966Z","level":"STEP","reqId":"MOLA59A3-GRUIKY","route":"TAX_RECEIPT","stage":"RESPOND_PDF","detail":"filename=tpr_tax_receipt.pdf","method":"POST","url":"/tpr-tax-receipt/pdf"}
{"ts":"2026-04-30T09:26:58.967Z","level":"PDF_RESPONSE","reqId":"MOLA59A3-GRUIKY","route":"TAX_RECEIPT","method":"POST","url":"/tpr-tax-receipt/pdf","filename":"tpr_tax_receipt.pdf","pdfBytes":232470}
{"ts":"2026-04-30T09:26:58.970Z","level":"REQUEST_DONE","reqId":"MOLA59A3-GRUIKY","route":"TAX_RECEIPT","method":"POST","url":"/tpr-tax-receipt/pdf","status":200,"durationMs":1630,"responseSize":"227 KB"}
{"ts":"2026-04-30T09:28:38.648Z","level":"WARN","title":"SHUTDOWN","message":"received SIGINT, closing server resources...","signal":"SIGINT"}
{"ts":"2026-04-30T09:28:38.649Z","level":"INFO","title":"PUPPETEER","message":"closing browser..."}
{"ts":"2026-04-30T09:28:55.800Z","level":"INFO","title":"TEMPLATE","message":"compile templates\\tpr_quotation.hbs","templatePath":"C:\\Projcet TPR\\report-server\\templates\\tpr_quotation.hbs"}
{"ts":"2026-04-30T09:28:55.801Z","level":"INFO","title":"TEMPLATE","message":"compile templates\\tpr_credit_note.hbs","templatePath":"C:\\Projcet TPR\\report-server\\templates\\tpr_credit_note.hbs"}
{"ts":"2026-04-30T09:28:55.801Z","level":"INFO","title":"TEMPLATE","message":"compile templates\\tpr_invoice.hbs","templatePath":"C:\\Projcet TPR\\report-server\\templates\\tpr_invoice.hbs"}
{"ts":"2026-04-30T09:28:55.802Z","level":"INFO","title":"TEMPLATE","message":"compile templates\\tpr_purchase_order.hbs","templatePath":"C:\\Projcet TPR\\report-server\\templates\\tpr_purchase_order.hbs"}
{"ts":"2026-04-30T09:28:55.803Z","level":"INFO","title":"TEMPLATE","message":"compile templates\\tpr_receipt.hbs","templatePath":"C:\\Projcet TPR\\report-server\\templates\\tpr_receipt.hbs"}
{"ts":"2026-04-30T09:28:55.803Z","level":"INFO","title":"TEMPLATE","message":"compile templates\\tpr_tax_receipt.hbs","templatePath":"C:\\Projcet TPR\\report-server\\templates\\tpr_tax_receipt.hbs"}
{"ts":"2026-04-30T09:28:55.804Z","level":"INFO","title":"TEMPLATE","message":"compile templates\\tpr_withholding_tax_certificate.hbs","templatePath":"C:\\Projcet TPR\\report-server\\templates\\tpr_withholding_tax_certificate.hbs"}
{"ts":"2026-04-30T09:28:55.805Z","level":"INFO","title":"TEMPLATE","message":"compile templates\\tpr_payment_voucher.hbs","templatePath":"C:\\Projcet TPR\\report-server\\templates\\tpr_payment_voucher.hbs"}
{"ts":"2026-04-30T09:28:55.805Z","level":"INFO","title":"TEMPLATE","message":"compile templates\\tpr_receipt_voucher.hbs","templatePath":"C:\\Projcet TPR\\report-server\\templates\\tpr_receipt_voucher.hbs"}
{"ts":"2026-04-30T09:28:55.806Z","level":"INFO","title":"TEMPLATE","message":"compile templates\\tpr_petty_cash_voucher.hbs","templatePath":"C:\\Projcet TPR\\report-server\\templates\\tpr_petty_cash_voucher.hbs"}
{"ts":"2026-04-30T09:28:55.807Z","level":"INFO","title":"TEMPLATE","message":"compile templates\\tpr_petty_cash_request.hbs","templatePath":"C:\\Projcet TPR\\report-server\\templates\\tpr_petty_cash_request.hbs"}
{"ts":"2026-04-30T09:28:55.807Z","level":"INFO","title":"TEMPLATE","message":"compile templates\\tpr_petty_cash_payment_report.hbs","templatePath":"C:\\Projcet TPR\\report-server\\templates\\tpr_petty_cash_payment_report.hbs"}
{"ts":"2026-04-30T09:28:55.808Z","level":"INFO","title":"TEMPLATE","message":"compile templates\\tpr_receipt_certification.hbs","templatePath":"C:\\Projcet TPR\\report-server\\templates\\tpr_receipt_certification.hbs"}
{"ts":"2026-04-30T09:28:55.808Z","level":"WARN","title":"CSS","message":"inline missing: C:\\Projcet TPR\\report-server\\public\\css\\quotation.css (ไม่จำเป็นถ้า CSS อยู่ใน hbs แล้ว)","cssPath":"C:\\Projcet TPR\\report-server\\public\\css\\quotation.css"}
{"ts":"2026-04-30T09:28:55.830Z","level":"OK","title":"READY","message":"PDF server is running","port":4100,"logFile":"C:\\Projcet TPR\\report-server\\logs\\server-2026-04-30.log"}
{"ts":"2026-04-30T09:28:55.830Z","level":"BOOT","message":"PDF server is running","port":4100,"logFile":"C:\\Projcet TPR\\report-server\\logs\\server-2026-04-30.log"}
{"ts":"2026-04-30T09:29:00.685Z","level":"STEP","reqId":"MOLA7WGC-DPFKGT","route":"TAX_RECEIPT","stage":"START","detail":"OPTIONS /tpr-tax-receipt/pdf","method":"OPTIONS","url":"/tpr-tax-receipt/pdf"}
{"ts":"2026-04-30T09:29:00.686Z","level":"REQUEST_START","reqId":"MOLA7WGC-DPFKGT","route":"TAX_RECEIPT","method":"OPTIONS","url":"/tpr-tax-receipt/pdf","ip":"::1","origin":"http://localhost:5174","ua":"Mozilla/5.0 (Windows NT 10.0; Win64; x64) AppleWebKit/537.36 (KHTML, like Gecko) Chrome/147.0.0.0 Safari/537.36","payloadBytes":2}
{"ts":"2026-04-30T09:29:00.691Z","level":"REQUEST_DONE","reqId":"MOLA7WGC-DPFKGT","route":"TAX_RECEIPT","method":"OPTIONS","url":"/tpr-tax-receipt/pdf","status":204,"durationMs":7,"responseSize":"0 B"}
{"ts":"2026-04-30T09:29:00.693Z","level":"STEP","reqId":"MOLA7WGK-T9ILO2","route":"TAX_RECEIPT","stage":"START","detail":"POST /tpr-tax-receipt/pdf","method":"POST","url":"/tpr-tax-receipt/pdf"}
{"ts":"2026-04-30T09:29:00.693Z","level":"REQUEST_START","reqId":"MOLA7WGK-T9ILO2","route":"TAX_RECEIPT","method":"POST","url":"/tpr-tax-receipt/pdf","ip":"::1","origin":"http://localhost:5174","ua":"Mozilla/5.0 (Windows NT 10.0; Win64; x64) AppleWebKit/537.36 (KHTML, like Gecko) Chrome/147.0.0.0 Safari/537.36","payloadBytes":2}
{"ts":"2026-04-30T09:29:00.704Z","level":"STEP","reqId":"MOLA7WGK-T9ILO2","route":"TAX_RECEIPT","stage":"ROUTE","detail":"pdf mode","method":"POST","url":"/tpr-tax-receipt/pdf"}
{"ts":"2026-04-30T09:29:00.704Z","level":"STEP","reqId":"MOLA7WGK-T9ILO2","route":"TAX_RECEIPT","stage":"NORMALIZE","detail":"payload 1.17 KB","method":"POST","url":"/tpr-tax-receipt/pdf"}
{"ts":"2026-04-30T09:29:00.709Z","level":"STEP","reqId":"MOLA7WGK-T9ILO2","route":"TAX_RECEIPT","stage":"TEMPLATE","detail":"render html before pdf","method":"POST","url":"/tpr-tax-receipt/pdf"}
{"ts":"2026-04-30T09:29:00.734Z","level":"INFO","title":"PUPPETEER","message":"launch browser..."}
{"ts":"2026-04-30T09:29:01.041Z","level":"OK","title":"PUPPETEER","message":"browser launched"}
{"ts":"2026-04-30T09:29:01.079Z","level":"STEP","reqId":"MOLA7WGK-T9ILO2","route":"TAX_RECEIPT","stage":"PDF:PAGE_OPEN","detail":"create new page","method":"POST","url":"/tpr-tax-receipt/pdf"}
{"ts":"2026-04-30T09:29:01.083Z","level":"STEP","reqId":"MOLA7WGK-T9ILO2","route":"TAX_RECEIPT","stage":"PDF:SET_CONTENT","detail":"html size 12.1 KB","method":"POST","url":"/tpr-tax-receipt/pdf"}
{"ts":"2026-04-30T09:29:02.111Z","level":"STEP","reqId":"MOLA7WGK-T9ILO2","route":"TAX_RECEIPT","stage":"PDF:FONTS_READY","detail":"waiting document.fonts.ready","method":"POST","url":"/tpr-tax-receipt/pdf"}
{"ts":"2026-04-30T09:29:02.114Z","level":"STEP","reqId":"MOLA7WGK-T9ILO2","route":"TAX_RECEIPT","stage":"PDF:RENDER","detail":"format=A4 media=screen landscape=false","method":"POST","url":"/tpr-tax-receipt/pdf"}
{"ts":"2026-04-30T09:29:02.273Z","level":"STEP","reqId":"MOLA7WGK-T9ILO2","route":"TAX_RECEIPT","stage":"PDF:BUFFER_READY","detail":"pdf size 217 KB","method":"POST","url":"/tpr-tax-receipt/pdf"}
{"ts":"2026-04-30T09:29:02.274Z","level":"STEP","reqId":"MOLA7WGK-T9ILO2","route":"TAX_RECEIPT","stage":"PDF:PAGE_CLOSE","detail":"close page","method":"POST","url":"/tpr-tax-receipt/pdf"}
{"ts":"2026-04-30T09:29:02.284Z","level":"STEP","reqId":"MOLA7WGK-T9ILO2","route":"TAX_RECEIPT","stage":"RESPOND_PDF","detail":"filename=tpr_tax_receipt.pdf","method":"POST","url":"/tpr-tax-receipt/pdf"}
{"ts":"2026-04-30T09:29:02.284Z","level":"PDF_RESPONSE","reqId":"MOLA7WGK-T9ILO2","route":"TAX_RECEIPT","method":"POST","url":"/tpr-tax-receipt/pdf","filename":"tpr_tax_receipt.pdf","pdfBytes":222192}
{"ts":"2026-04-30T09:29:02.286Z","level":"REQUEST_DONE","reqId":"MOLA7WGK-T9ILO2","route":"TAX_RECEIPT","method":"POST","url":"/tpr-tax-receipt/pdf","status":200,"durationMs":1594,"responseSize":"217 KB"}
{"ts":"2026-04-30T09:32:57.357Z","level":"STEP","reqId":"MOLACZ2L-A7N6L9","route":"TAX_RECEIPT","stage":"START","detail":"OPTIONS /tpr-tax-receipt/pdf","method":"OPTIONS","url":"/tpr-tax-receipt/pdf"}
{"ts":"2026-04-30T09:32:57.358Z","level":"REQUEST_START","reqId":"MOLACZ2L-A7N6L9","route":"TAX_RECEIPT","method":"OPTIONS","url":"/tpr-tax-receipt/pdf","ip":"::1","origin":"http://localhost:5174","ua":"Mozilla/5.0 (Windows NT 10.0; Win64; x64) AppleWebKit/537.36 (KHTML, like Gecko) Chrome/147.0.0.0 Safari/537.36","payloadBytes":2}
{"ts":"2026-04-30T09:32:57.359Z","level":"REQUEST_DONE","reqId":"MOLACZ2L-A7N6L9","route":"TAX_RECEIPT","method":"OPTIONS","url":"/tpr-tax-receipt/pdf","status":204,"durationMs":2,"responseSize":"0 B"}
{"ts":"2026-04-30T09:32:57.360Z","level":"STEP","reqId":"MOLACZ2O-S96MWR","route":"TAX_RECEIPT","stage":"START","detail":"POST /tpr-tax-receipt/pdf","method":"POST","url":"/tpr-tax-receipt/pdf"}
{"ts":"2026-04-30T09:32:57.360Z","level":"REQUEST_START","reqId":"MOLACZ2O-S96MWR","route":"TAX_RECEIPT","method":"POST","url":"/tpr-tax-receipt/pdf","ip":"::1","origin":"http://localhost:5174","ua":"Mozilla/5.0 (Windows NT 10.0; Win64; x64) AppleWebKit/537.36 (KHTML, like Gecko) Chrome/147.0.0.0 Safari/537.36","payloadBytes":2}
{"ts":"2026-04-30T09:32:57.362Z","level":"STEP","reqId":"MOLACZ2O-S96MWR","route":"TAX_RECEIPT","stage":"ROUTE","detail":"pdf mode","method":"POST","url":"/tpr-tax-receipt/pdf"}
{"ts":"2026-04-30T09:32:57.362Z","level":"STEP","reqId":"MOLACZ2O-S96MWR","route":"TAX_RECEIPT","stage":"NORMALIZE","detail":"payload 1.14 KB","method":"POST","url":"/tpr-tax-receipt/pdf"}
{"ts":"2026-04-30T09:32:57.363Z","level":"STEP","reqId":"MOLACZ2O-S96MWR","route":"TAX_RECEIPT","stage":"TEMPLATE","detail":"render html before pdf","method":"POST","url":"/tpr-tax-receipt/pdf"}
{"ts":"2026-04-30T09:32:57.364Z","level":"INFO","title":"PUPPETEER","message":"reuse existing browser instance"}
{"ts":"2026-04-30T09:32:57.403Z","level":"STEP","reqId":"MOLACZ2O-S96MWR","route":"TAX_RECEIPT","stage":"PDF:PAGE_OPEN","detail":"create new page","method":"POST","url":"/tpr-tax-receipt/pdf"}
{"ts":"2026-04-30T09:32:57.407Z","level":"STEP","reqId":"MOLACZ2O-S96MWR","route":"TAX_RECEIPT","stage":"PDF:SET_CONTENT","detail":"html size 11.9 KB","method":"POST","url":"/tpr-tax-receipt/pdf"}
{"ts":"2026-04-30T09:32:58.388Z","level":"STEP","reqId":"MOLACZ2O-S96MWR","route":"TAX_RECEIPT","stage":"PDF:FONTS_READY","detail":"waiting document.fonts.ready","method":"POST","url":"/tpr-tax-receipt/pdf"}
{"ts":"2026-04-30T09:32:58.390Z","level":"STEP","reqId":"MOLACZ2O-S96MWR","route":"TAX_RECEIPT","stage":"PDF:RENDER","detail":"format=A4 media=screen landscape=false","method":"POST","url":"/tpr-tax-receipt/pdf"}
{"ts":"2026-04-30T09:32:58.545Z","level":"STEP","reqId":"MOLACZ2O-S96MWR","route":"TAX_RECEIPT","stage":"PDF:BUFFER_READY","detail":"pdf size 214 KB","method":"POST","url":"/tpr-tax-receipt/pdf"}
{"ts":"2026-04-30T09:32:58.546Z","level":"STEP","reqId":"MOLACZ2O-S96MWR","route":"TAX_RECEIPT","stage":"PDF:PAGE_CLOSE","detail":"close page","method":"POST","url":"/tpr-tax-receipt/pdf"}
{"ts":"2026-04-30T09:32:58.555Z","level":"STEP","reqId":"MOLACZ2O-S96MWR","route":"TAX_RECEIPT","stage":"RESPOND_PDF","detail":"filename=tpr_tax_receipt.pdf","method":"POST","url":"/tpr-tax-receipt/pdf"}
{"ts":"2026-04-30T09:32:58.555Z","level":"PDF_RESPONSE","reqId":"MOLACZ2O-S96MWR","route":"TAX_RECEIPT","method":"POST","url":"/tpr-tax-receipt/pdf","filename":"tpr_tax_receipt.pdf","pdfBytes":219062}
{"ts":"2026-04-30T09:32:58.557Z","level":"REQUEST_DONE","reqId":"MOLACZ2O-S96MWR","route":"TAX_RECEIPT","method":"POST","url":"/tpr-tax-receipt/pdf","status":200,"durationMs":1196,"responseSize":"214 KB"}
{"ts":"2026-04-30T09:37:00.918Z","level":"INFO","title":"TEMPLATE","message":"compile templates\\tpr_quotation.hbs","templatePath":"C:\\Projcet TPR\\report-server\\templates\\tpr_quotation.hbs"}
{"ts":"2026-04-30T09:37:00.920Z","level":"INFO","title":"TEMPLATE","message":"compile templates\\tpr_credit_note.hbs","templatePath":"C:\\Projcet TPR\\report-server\\templates\\tpr_credit_note.hbs"}
{"ts":"2026-04-30T09:37:00.921Z","level":"INFO","title":"TEMPLATE","message":"compile templates\\tpr_invoice.hbs","templatePath":"C:\\Projcet TPR\\report-server\\templates\\tpr_invoice.hbs"}
{"ts":"2026-04-30T09:37:00.921Z","level":"INFO","title":"TEMPLATE","message":"compile templates\\tpr_purchase_order.hbs","templatePath":"C:\\Projcet TPR\\report-server\\templates\\tpr_purchase_order.hbs"}
{"ts":"2026-04-30T09:37:00.922Z","level":"INFO","title":"TEMPLATE","message":"compile templates\\tpr_receipt.hbs","templatePath":"C:\\Projcet TPR\\report-server\\templates\\tpr_receipt.hbs"}
{"ts":"2026-04-30T09:37:00.922Z","level":"INFO","title":"TEMPLATE","message":"compile templates\\tpr_tax_receipt.hbs","templatePath":"C:\\Projcet TPR\\report-server\\templates\\tpr_tax_receipt.hbs"}
{"ts":"2026-04-30T09:37:00.923Z","level":"INFO","title":"TEMPLATE","message":"compile templates\\tpr_withholding_tax_certificate.hbs","templatePath":"C:\\Projcet TPR\\report-server\\templates\\tpr_withholding_tax_certificate.hbs"}
{"ts":"2026-04-30T09:37:00.923Z","level":"INFO","title":"TEMPLATE","message":"compile templates\\tpr_payment_voucher.hbs","templatePath":"C:\\Projcet TPR\\report-server\\templates\\tpr_payment_voucher.hbs"}
{"ts":"2026-04-30T09:37:00.924Z","level":"INFO","title":"TEMPLATE","message":"compile templates\\tpr_receipt_voucher.hbs","templatePath":"C:\\Projcet TPR\\report-server\\templates\\tpr_receipt_voucher.hbs"}
{"ts":"2026-04-30T09:37:00.925Z","level":"INFO","title":"TEMPLATE","message":"compile templates\\tpr_petty_cash_voucher.hbs","templatePath":"C:\\Projcet TPR\\report-server\\templates\\tpr_petty_cash_voucher.hbs"}
{"ts":"2026-04-30T09:37:00.926Z","level":"INFO","title":"TEMPLATE","message":"compile templates\\tpr_petty_cash_request.hbs","templatePath":"C:\\Projcet TPR\\report-server\\templates\\tpr_petty_cash_request.hbs"}
{"ts":"2026-04-30T09:37:00.927Z","level":"INFO","title":"TEMPLATE","message":"compile templates\\tpr_petty_cash_payment_report.hbs","templatePath":"C:\\Projcet TPR\\report-server\\templates\\tpr_petty_cash_payment_report.hbs"}
{"ts":"2026-04-30T09:37:00.927Z","level":"INFO","title":"TEMPLATE","message":"compile templates\\tpr_receipt_certification.hbs","templatePath":"C:\\Projcet TPR\\report-server\\templates\\tpr_receipt_certification.hbs"}
{"ts":"2026-04-30T09:37:00.928Z","level":"WARN","title":"CSS","message":"inline missing: C:\\Projcet TPR\\report-server\\public\\css\\quotation.css (ไม่จำเป็นถ้า CSS อยู่ใน hbs แล้ว)","cssPath":"C:\\Projcet TPR\\report-server\\public\\css\\quotation.css"}
{"ts":"2026-04-30T09:37:00.948Z","level":"OK","title":"READY","message":"PDF server is running","port":4100,"logFile":"C:\\Projcet TPR\\report-server\\logs\\server-2026-04-30.log"}
{"ts":"2026-04-30T09:37:00.948Z","level":"BOOT","message":"PDF server is running","port":4100,"logFile":"C:\\Projcet TPR\\report-server\\logs\\server-2026-04-30.log"}
{"ts":"2026-04-30T10:03:41.745Z","level":"STEP","reqId":"MOLBGI7J-FATL7C","route":"RECEIPT","stage":"START","detail":"OPTIONS /tpr-receipt/pdf","method":"OPTIONS","url":"/tpr-receipt/pdf"}
{"ts":"2026-04-30T10:03:41.770Z","level":"REQUEST_START","reqId":"MOLBGI7J-FATL7C","route":"RECEIPT","method":"OPTIONS","url":"/tpr-receipt/pdf","ip":"::1","origin":"http://localhost:5174","ua":"Mozilla/5.0 (Windows NT 10.0; Win64; x64) AppleWebKit/537.36 (KHTML, like Gecko) Chrome/147.0.0.0 Safari/537.36","payloadBytes":2}
{"ts":"2026-04-30T10:03:41.776Z","level":"REQUEST_DONE","reqId":"MOLBGI7J-FATL7C","route":"RECEIPT","method":"OPTIONS","url":"/tpr-receipt/pdf","status":204,"durationMs":32,"responseSize":"0 B"}
{"ts":"2026-04-30T10:03:41.778Z","level":"STEP","reqId":"MOLBGI8H-56I8E7","route":"RECEIPT","stage":"START","detail":"POST /tpr-receipt/pdf","method":"POST","url":"/tpr-receipt/pdf"}
{"ts":"2026-04-30T10:03:41.779Z","level":"REQUEST_START","reqId":"MOLBGI8H-56I8E7","route":"RECEIPT","method":"POST","url":"/tpr-receipt/pdf","ip":"::1","origin":"http://localhost:5174","ua":"Mozilla/5.0 (Windows NT 10.0; Win64; x64) AppleWebKit/537.36 (KHTML, like Gecko) Chrome/147.0.0.0 Safari/537.36","payloadBytes":2}
{"ts":"2026-04-30T10:03:41.801Z","level":"STEP","reqId":"MOLBGI8H-56I8E7","route":"RECEIPT","stage":"ROUTE","detail":"pdf mode","method":"POST","url":"/tpr-receipt/pdf"}
{"ts":"2026-04-30T10:03:41.802Z","level":"STEP","reqId":"MOLBGI8H-56I8E7","route":"RECEIPT","stage":"NORMALIZE","detail":"payload 1.12 KB","method":"POST","url":"/tpr-receipt/pdf"}
{"ts":"2026-04-30T10:03:41.808Z","level":"STEP","reqId":"MOLBGI8H-56I8E7","route":"RECEIPT","stage":"TEMPLATE","detail":"render html before pdf","method":"POST","url":"/tpr-receipt/pdf"}
{"ts":"2026-04-30T10:03:41.836Z","level":"INFO","title":"PUPPETEER","message":"launch browser..."}
{"ts":"2026-04-30T10:03:42.448Z","level":"OK","title":"PUPPETEER","message":"browser launched"}
{"ts":"2026-04-30T10:03:42.502Z","level":"STEP","reqId":"MOLBGI8H-56I8E7","route":"RECEIPT","stage":"PDF:PAGE_OPEN","detail":"create new page","method":"POST","url":"/tpr-receipt/pdf"}
{"ts":"2026-04-30T10:03:42.506Z","level":"STEP","reqId":"MOLBGI8H-56I8E7","route":"RECEIPT","stage":"PDF:SET_CONTENT","detail":"html size 10.7 KB","method":"POST","url":"/tpr-receipt/pdf"}
{"ts":"2026-04-30T10:03:44.149Z","level":"STEP","reqId":"MOLBGI8H-56I8E7","route":"RECEIPT","stage":"PDF:FONTS_READY","detail":"waiting document.fonts.ready","method":"POST","url":"/tpr-receipt/pdf"}
{"ts":"2026-04-30T10:03:44.153Z","level":"STEP","reqId":"MOLBGI8H-56I8E7","route":"RECEIPT","stage":"PDF:RENDER","detail":"format=A4 media=screen landscape=false","method":"POST","url":"/tpr-receipt/pdf"}
{"ts":"2026-04-30T10:03:44.326Z","level":"STEP","reqId":"MOLBGI8H-56I8E7","route":"RECEIPT","stage":"PDF:BUFFER_READY","detail":"pdf size 216 KB","method":"POST","url":"/tpr-receipt/pdf"}
{"ts":"2026-04-30T10:03:44.327Z","level":"STEP","reqId":"MOLBGI8H-56I8E7","route":"RECEIPT","stage":"PDF:PAGE_CLOSE","detail":"close page","method":"POST","url":"/tpr-receipt/pdf"}
{"ts":"2026-04-30T10:03:44.338Z","level":"STEP","reqId":"MOLBGI8H-56I8E7","route":"RECEIPT","stage":"RESPOND_PDF","detail":"filename=tpr_receipt.pdf","method":"POST","url":"/tpr-receipt/pdf"}
{"ts":"2026-04-30T10:03:44.338Z","level":"PDF_RESPONSE","reqId":"MOLBGI8H-56I8E7","route":"RECEIPT","method":"POST","url":"/tpr-receipt/pdf","filename":"tpr_receipt.pdf","pdfBytes":221522}
{"ts":"2026-04-30T10:03:44.341Z","level":"REQUEST_DONE","reqId":"MOLBGI8H-56I8E7","route":"RECEIPT","method":"POST","url":"/tpr-receipt/pdf","status":200,"durationMs":2564,"responseSize":"216 KB"}
{"ts":"2026-04-30T10:04:14.486Z","level":"STEP","reqId":"MOLBH7H2-LYFDYF","route":"RECEIPT","stage":"START","detail":"OPTIONS /tpr-receipt/pdf","method":"OPTIONS","url":"/tpr-receipt/pdf"}
{"ts":"2026-04-30T10:04:14.487Z","level":"REQUEST_START","reqId":"MOLBH7H2-LYFDYF","route":"RECEIPT","method":"OPTIONS","url":"/tpr-receipt/pdf","ip":"::1","origin":"http://localhost:5174","ua":"Mozilla/5.0 (Windows NT 10.0; Win64; x64) AppleWebKit/537.36 (KHTML, like Gecko) Chrome/147.0.0.0 Safari/537.36","payloadBytes":2}
{"ts":"2026-04-30T10:04:14.489Z","level":"REQUEST_DONE","reqId":"MOLBH7H2-LYFDYF","route":"RECEIPT","method":"OPTIONS","url":"/tpr-receipt/pdf","status":204,"durationMs":2,"responseSize":"0 B"}
{"ts":"2026-04-30T10:04:14.490Z","level":"STEP","reqId":"MOLBH7H5-9TOGS4","route":"RECEIPT","stage":"START","detail":"POST /tpr-receipt/pdf","method":"POST","url":"/tpr-receipt/pdf"}
{"ts":"2026-04-30T10:04:14.490Z","level":"REQUEST_START","reqId":"MOLBH7H5-9TOGS4","route":"RECEIPT","method":"POST","url":"/tpr-receipt/pdf","ip":"::1","origin":"http://localhost:5174","ua":"Mozilla/5.0 (Windows NT 10.0; Win64; x64) AppleWebKit/537.36 (KHTML, like Gecko) Chrome/147.0.0.0 Safari/537.36","payloadBytes":2}
{"ts":"2026-04-30T10:04:14.492Z","level":"STEP","reqId":"MOLBH7H5-9TOGS4","route":"RECEIPT","stage":"ROUTE","detail":"pdf mode","method":"POST","url":"/tpr-receipt/pdf"}
{"ts":"2026-04-30T10:04:14.493Z","level":"STEP","reqId":"MOLBH7H5-9TOGS4","route":"RECEIPT","stage":"NORMALIZE","detail":"payload 1.13 KB","method":"POST","url":"/tpr-receipt/pdf"}
{"ts":"2026-04-30T10:04:14.494Z","level":"STEP","reqId":"MOLBH7H5-9TOGS4","route":"RECEIPT","stage":"TEMPLATE","detail":"render html before pdf","method":"POST","url":"/tpr-receipt/pdf"}
{"ts":"2026-04-30T10:04:14.495Z","level":"INFO","title":"PUPPETEER","message":"reuse existing browser instance"}
{"ts":"2026-04-30T10:04:14.533Z","level":"STEP","reqId":"MOLBH7H5-9TOGS4","route":"RECEIPT","stage":"PDF:PAGE_OPEN","detail":"create new page","method":"POST","url":"/tpr-receipt/pdf"}
{"ts":"2026-04-30T10:04:14.537Z","level":"STEP","reqId":"MOLBH7H5-9TOGS4","route":"RECEIPT","stage":"PDF:SET_CONTENT","detail":"html size 10.7 KB","method":"POST","url":"/tpr-receipt/pdf"}
{"ts":"2026-04-30T10:04:15.523Z","level":"STEP","reqId":"MOLBH7H5-9TOGS4","route":"RECEIPT","stage":"PDF:FONTS_READY","detail":"waiting document.fonts.ready","method":"POST","url":"/tpr-receipt/pdf"}
{"ts":"2026-04-30T10:04:15.525Z","level":"STEP","reqId":"MOLBH7H5-9TOGS4","route":"RECEIPT","stage":"PDF:RENDER","detail":"format=A4 media=screen landscape=false","method":"POST","url":"/tpr-receipt/pdf"}
{"ts":"2026-04-30T10:04:15.705Z","level":"STEP","reqId":"MOLBH7H5-9TOGS4","route":"RECEIPT","stage":"PDF:BUFFER_READY","detail":"pdf size 216 KB","method":"POST","url":"/tpr-receipt/pdf"}
{"ts":"2026-04-30T10:04:15.705Z","level":"STEP","reqId":"MOLBH7H5-9TOGS4","route":"RECEIPT","stage":"PDF:PAGE_CLOSE","detail":"close page","method":"POST","url":"/tpr-receipt/pdf"}
{"ts":"2026-04-30T10:04:15.718Z","level":"STEP","reqId":"MOLBH7H5-9TOGS4","route":"RECEIPT","stage":"RESPOND_PDF","detail":"filename=tpr_receipt.pdf","method":"POST","url":"/tpr-receipt/pdf"}
{"ts":"2026-04-30T10:04:15.719Z","level":"PDF_RESPONSE","reqId":"MOLBH7H5-9TOGS4","route":"RECEIPT","method":"POST","url":"/tpr-receipt/pdf","filename":"tpr_receipt.pdf","pdfBytes":221522}
{"ts":"2026-04-30T10:04:15.720Z","level":"REQUEST_DONE","reqId":"MOLBH7H5-9TOGS4","route":"RECEIPT","method":"POST","url":"/tpr-receipt/pdf","status":200,"durationMs":1231,"responseSize":"216 KB"}
{"ts":"2026-04-30T10:13:55.386Z","level":"STEP","reqId":"MOLBTNP5-T3VMXK","route":"RECEIPT","stage":"START","detail":"OPTIONS /tpr-receipt/pdf","method":"OPTIONS","url":"/tpr-receipt/pdf"}
{"ts":"2026-04-30T10:13:55.387Z","level":"REQUEST_START","reqId":"MOLBTNP5-T3VMXK","route":"RECEIPT","method":"OPTIONS","url":"/tpr-receipt/pdf","ip":"::1","origin":"http://localhost:5174","ua":"Mozilla/5.0 (Windows NT 10.0; Win64; x64) AppleWebKit/537.36 (KHTML, like Gecko) Chrome/147.0.0.0 Safari/537.36","payloadBytes":2}
{"ts":"2026-04-30T10:13:55.388Z","level":"REQUEST_DONE","reqId":"MOLBTNP5-T3VMXK","route":"RECEIPT","method":"OPTIONS","url":"/tpr-receipt/pdf","status":204,"durationMs":3,"responseSize":"0 B"}
{"ts":"2026-04-30T10:13:55.389Z","level":"STEP","reqId":"MOLBTNP9-9TQZNB","route":"RECEIPT","stage":"START","detail":"POST /tpr-receipt/pdf","method":"POST","url":"/tpr-receipt/pdf"}
{"ts":"2026-04-30T10:13:55.389Z","level":"REQUEST_START","reqId":"MOLBTNP9-9TQZNB","route":"RECEIPT","method":"POST","url":"/tpr-receipt/pdf","ip":"::1","origin":"http://localhost:5174","ua":"Mozilla/5.0 (Windows NT 10.0; Win64; x64) AppleWebKit/537.36 (KHTML, like Gecko) Chrome/147.0.0.0 Safari/537.36","payloadBytes":2}
{"ts":"2026-04-30T10:13:55.390Z","level":"STEP","reqId":"MOLBTNP9-9TQZNB","route":"RECEIPT","stage":"ROUTE","detail":"pdf mode","method":"POST","url":"/tpr-receipt/pdf"}
{"ts":"2026-04-30T10:13:55.390Z","level":"STEP","reqId":"MOLBTNP9-9TQZNB","route":"RECEIPT","stage":"NORMALIZE","detail":"payload 1.13 KB","method":"POST","url":"/tpr-receipt/pdf"}
{"ts":"2026-04-30T10:13:55.391Z","level":"STEP","reqId":"MOLBTNP9-9TQZNB","route":"RECEIPT","stage":"TEMPLATE","detail":"render html before pdf","method":"POST","url":"/tpr-receipt/pdf"}
{"ts":"2026-04-30T10:13:55.391Z","level":"INFO","title":"PUPPETEER","message":"reuse existing browser instance"}
{"ts":"2026-04-30T10:13:55.425Z","level":"STEP","reqId":"MOLBTNP9-9TQZNB","route":"RECEIPT","stage":"PDF:PAGE_OPEN","detail":"create new page","method":"POST","url":"/tpr-receipt/pdf"}
{"ts":"2026-04-30T10:13:55.429Z","level":"STEP","reqId":"MOLBTNP9-9TQZNB","route":"RECEIPT","stage":"PDF:SET_CONTENT","detail":"html size 10.7 KB","method":"POST","url":"/tpr-receipt/pdf"}
{"ts":"2026-04-30T10:13:56.416Z","level":"STEP","reqId":"MOLBTNP9-9TQZNB","route":"RECEIPT","stage":"PDF:FONTS_READY","detail":"waiting document.fonts.ready","method":"POST","url":"/tpr-receipt/pdf"}
{"ts":"2026-04-30T10:13:56.419Z","level":"STEP","reqId":"MOLBTNP9-9TQZNB","route":"RECEIPT","stage":"PDF:RENDER","detail":"format=A4 media=screen landscape=false","method":"POST","url":"/tpr-receipt/pdf"}
{"ts":"2026-04-30T10:13:56.575Z","level":"STEP","reqId":"MOLBTNP9-9TQZNB","route":"RECEIPT","stage":"PDF:BUFFER_READY","detail":"pdf size 216 KB","method":"POST","url":"/tpr-receipt/pdf"}
{"ts":"2026-04-30T10:13:56.575Z","level":"STEP","reqId":"MOLBTNP9-9TQZNB","route":"RECEIPT","stage":"PDF:PAGE_CLOSE","detail":"close page","method":"POST","url":"/tpr-receipt/pdf"}
{"ts":"2026-04-30T10:13:56.584Z","level":"STEP","reqId":"MOLBTNP9-9TQZNB","route":"RECEIPT","stage":"RESPOND_PDF","detail":"filename=tpr_receipt.pdf","method":"POST","url":"/tpr-receipt/pdf"}
{"ts":"2026-04-30T10:13:56.585Z","level":"PDF_RESPONSE","reqId":"MOLBTNP9-9TQZNB","route":"RECEIPT","method":"POST","url":"/tpr-receipt/pdf","filename":"tpr_receipt.pdf","pdfBytes":221522}
{"ts":"2026-04-30T10:13:56.586Z","level":"REQUEST_DONE","reqId":"MOLBTNP9-9TQZNB","route":"RECEIPT","method":"POST","url":"/tpr-receipt/pdf","status":200,"durationMs":1197,"responseSize":"216 KB"}
{"ts":"2026-04-30T10:14:02.095Z","level":"WARN","title":"SHUTDOWN","message":"received SIGINT, closing server resources...","signal":"SIGINT"}
{"ts":"2026-04-30T10:14:02.096Z","level":"INFO","title":"PUPPETEER","message":"closing browser..."}
{"ts":"2026-04-30T10:14:08.906Z","level":"INFO","title":"TEMPLATE","message":"compile templates\\tpr_quotation.hbs","templatePath":"C:\\Projcet TPR\\report-server\\templates\\tpr_quotation.hbs"}
{"ts":"2026-04-30T10:14:08.908Z","level":"INFO","title":"TEMPLATE","message":"compile templates\\tpr_credit_note.hbs","templatePath":"C:\\Projcet TPR\\report-server\\templates\\tpr_credit_note.hbs"}
{"ts":"2026-04-30T10:14:08.908Z","level":"INFO","title":"TEMPLATE","message":"compile templates\\tpr_invoice.hbs","templatePath":"C:\\Projcet TPR\\report-server\\templates\\tpr_invoice.hbs"}
{"ts":"2026-04-30T10:14:08.910Z","level":"INFO","title":"TEMPLATE","message":"compile templates\\tpr_purchase_order.hbs","templatePath":"C:\\Projcet TPR\\report-server\\templates\\tpr_purchase_order.hbs"}
{"ts":"2026-04-30T10:14:08.910Z","level":"INFO","title":"TEMPLATE","message":"compile templates\\tpr_receipt.hbs","templatePath":"C:\\Projcet TPR\\report-server\\templates\\tpr_receipt.hbs"}
{"ts":"2026-04-30T10:14:08.911Z","level":"INFO","title":"TEMPLATE","message":"compile templates\\tpr_tax_receipt.hbs","templatePath":"C:\\Projcet TPR\\report-server\\templates\\tpr_tax_receipt.hbs"}
{"ts":"2026-04-30T10:14:08.912Z","level":"INFO","title":"TEMPLATE","message":"compile templates\\tpr_withholding_tax_certificate.hbs","templatePath":"C:\\Projcet TPR\\report-server\\templates\\tpr_withholding_tax_certificate.hbs"}
{"ts":"2026-04-30T10:14:08.913Z","level":"INFO","title":"TEMPLATE","message":"compile templates\\tpr_payment_voucher.hbs","templatePath":"C:\\Projcet TPR\\report-server\\templates\\tpr_payment_voucher.hbs"}
{"ts":"2026-04-30T10:14:08.914Z","level":"INFO","title":"TEMPLATE","message":"compile templates\\tpr_receipt_voucher.hbs","templatePath":"C:\\Projcet TPR\\report-server\\templates\\tpr_receipt_voucher.hbs"}
{"ts":"2026-04-30T10:14:08.914Z","level":"INFO","title":"TEMPLATE","message":"compile templates\\tpr_petty_cash_voucher.hbs","templatePath":"C:\\Projcet TPR\\report-server\\templates\\tpr_petty_cash_voucher.hbs"}
{"ts":"2026-04-30T10:14:08.915Z","level":"INFO","title":"TEMPLATE","message":"compile templates\\tpr_petty_cash_request.hbs","templatePath":"C:\\Projcet TPR\\report-server\\templates\\tpr_petty_cash_request.hbs"}
{"ts":"2026-04-30T10:14:08.916Z","level":"INFO","title":"TEMPLATE","message":"compile templates\\tpr_petty_cash_payment_report.hbs","templatePath":"C:\\Projcet TPR\\report-server\\templates\\tpr_petty_cash_payment_report.hbs"}
{"ts":"2026-04-30T10:14:08.916Z","level":"INFO","title":"TEMPLATE","message":"compile templates\\tpr_receipt_certification.hbs","templatePath":"C:\\Projcet TPR\\report-server\\templates\\tpr_receipt_certification.hbs"}
{"ts":"2026-04-30T10:14:08.917Z","level":"WARN","title":"CSS","message":"inline missing: C:\\Projcet TPR\\report-server\\public\\css\\quotation.css (ไม่จำเป็นถ้า CSS อยู่ใน hbs แล้ว)","cssPath":"C:\\Projcet TPR\\report-server\\public\\css\\quotation.css"}
{"ts":"2026-04-30T10:14:08.937Z","level":"OK","title":"READY","message":"PDF server is running","port":4100,"logFile":"C:\\Projcet TPR\\report-server\\logs\\server-2026-04-30.log"}
{"ts":"2026-04-30T10:14:08.938Z","level":"BOOT","message":"PDF server is running","port":4100,"logFile":"C:\\Projcet TPR\\report-server\\logs\\server-2026-04-30.log"}
{"ts":"2026-04-30T10:14:25.828Z","level":"STEP","reqId":"MOLBUB6R-ILHTUQ","route":"RECEIPT","stage":"START","detail":"OPTIONS /tpr-receipt/pdf","method":"OPTIONS","url":"/tpr-receipt/pdf"}
{"ts":"2026-04-30T10:14:25.829Z","level":"REQUEST_START","reqId":"MOLBUB6R-ILHTUQ","route":"RECEIPT","method":"OPTIONS","url":"/tpr-receipt/pdf","ip":"::1","origin":"http://localhost:5174","ua":"Mozilla/5.0 (Windows NT 10.0; Win64; x64) AppleWebKit/537.36 (KHTML, like Gecko) Chrome/147.0.0.0 Safari/537.36","payloadBytes":2}
{"ts":"2026-04-30T10:14:25.832Z","level":"REQUEST_DONE","reqId":"MOLBUB6R-ILHTUQ","route":"RECEIPT","method":"OPTIONS","url":"/tpr-receipt/pdf","status":204,"durationMs":4,"responseSize":"0 B"}
{"ts":"2026-04-30T10:14:25.833Z","level":"STEP","reqId":"MOLBUB6X-9DUZKU","route":"RECEIPT","stage":"START","detail":"POST /tpr-receipt/pdf","method":"POST","url":"/tpr-receipt/pdf"}
{"ts":"2026-04-30T10:14:25.834Z","level":"REQUEST_START","reqId":"MOLBUB6X-9DUZKU","route":"RECEIPT","method":"POST","url":"/tpr-receipt/pdf","ip":"::1","origin":"http://localhost:5174","ua":"Mozilla/5.0 (Windows NT 10.0; Win64; x64) AppleWebKit/537.36 (KHTML, like Gecko) Chrome/147.0.0.0 Safari/537.36","payloadBytes":2}
{"ts":"2026-04-30T10:14:25.844Z","level":"STEP","reqId":"MOLBUB6X-9DUZKU","route":"RECEIPT","stage":"ROUTE","detail":"pdf mode","method":"POST","url":"/tpr-receipt/pdf"}
{"ts":"2026-04-30T10:14:25.845Z","level":"STEP","reqId":"MOLBUB6X-9DUZKU","route":"RECEIPT","stage":"NORMALIZE","detail":"payload 1.13 KB","method":"POST","url":"/tpr-receipt/pdf"}
{"ts":"2026-04-30T10:14:25.849Z","level":"STEP","reqId":"MOLBUB6X-9DUZKU","route":"RECEIPT","stage":"TEMPLATE","detail":"render html before pdf","method":"POST","url":"/tpr-receipt/pdf"}
{"ts":"2026-04-30T10:14:25.868Z","level":"INFO","title":"PUPPETEER","message":"launch browser..."}
{"ts":"2026-04-30T10:14:26.165Z","level":"OK","title":"PUPPETEER","message":"browser launched"}
{"ts":"2026-04-30T10:14:26.206Z","level":"STEP","reqId":"MOLBUB6X-9DUZKU","route":"RECEIPT","stage":"PDF:PAGE_OPEN","detail":"create new page","method":"POST","url":"/tpr-receipt/pdf"}
{"ts":"2026-04-30T10:14:26.209Z","level":"STEP","reqId":"MOLBUB6X-9DUZKU","route":"RECEIPT","stage":"PDF:SET_CONTENT","detail":"html size 9.81 KB","method":"POST","url":"/tpr-receipt/pdf"}
{"ts":"2026-04-30T10:14:27.054Z","level":"STEP","reqId":"MOLBUB6X-9DUZKU","route":"RECEIPT","stage":"PDF:FONTS_READY","detail":"waiting document.fonts.ready","method":"POST","url":"/tpr-receipt/pdf"}
{"ts":"2026-04-30T10:14:27.056Z","level":"STEP","reqId":"MOLBUB6X-9DUZKU","route":"RECEIPT","stage":"PDF:RENDER","detail":"format=A4 media=screen landscape=false","method":"POST","url":"/tpr-receipt/pdf"}
{"ts":"2026-04-30T10:14:27.203Z","level":"STEP","reqId":"MOLBUB6X-9DUZKU","route":"RECEIPT","stage":"PDF:BUFFER_READY","detail":"pdf size 204 KB","method":"POST","url":"/tpr-receipt/pdf"}
{"ts":"2026-04-30T10:14:27.204Z","level":"STEP","reqId":"MOLBUB6X-9DUZKU","route":"RECEIPT","stage":"PDF:PAGE_CLOSE","detail":"close page","method":"POST","url":"/tpr-receipt/pdf"}
{"ts":"2026-04-30T10:14:27.213Z","level":"STEP","reqId":"MOLBUB6X-9DUZKU","route":"RECEIPT","stage":"RESPOND_PDF","detail":"filename=tpr_receipt.pdf","method":"POST","url":"/tpr-receipt/pdf"}
{"ts":"2026-04-30T10:14:27.213Z","level":"PDF_RESPONSE","reqId":"MOLBUB6X-9DUZKU","route":"RECEIPT","method":"POST","url":"/tpr-receipt/pdf","filename":"tpr_receipt.pdf","pdfBytes":209403}
{"ts":"2026-04-30T10:14:27.215Z","level":"REQUEST_DONE","reqId":"MOLBUB6X-9DUZKU","route":"RECEIPT","method":"POST","url":"/tpr-receipt/pdf","status":200,"durationMs":1382,"responseSize":"204 KB"}
{"ts":"2026-04-30T10:31:14.445Z","level":"STEP","reqId":"MOLCFXFX-ZHU63J","route":"CREDIT_NOTE","stage":"START","detail":"OPTIONS /tpr-credit-note/pdf","method":"OPTIONS","url":"/tpr-credit-note/pdf"}
{"ts":"2026-04-30T10:31:14.446Z","level":"REQUEST_START","reqId":"MOLCFXFX-ZHU63J","route":"CREDIT_NOTE","method":"OPTIONS","url":"/tpr-credit-note/pdf","ip":"::1","origin":"http://localhost:5174","ua":"Mozilla/5.0 (Windows NT 10.0; Win64; x64) AppleWebKit/537.36 (KHTML, like Gecko) Chrome/147.0.0.0 Safari/537.36","payloadBytes":2}
{"ts":"2026-04-30T10:31:14.447Z","level":"REQUEST_DONE","reqId":"MOLCFXFX-ZHU63J","route":"CREDIT_NOTE","method":"OPTIONS","url":"/tpr-credit-note/pdf","status":204,"durationMs":2,"responseSize":"0 B"}
{"ts":"2026-04-30T10:31:14.448Z","level":"STEP","reqId":"MOLCFXG0-EBMGH1","route":"CREDIT_NOTE","stage":"START","detail":"POST /tpr-credit-note/pdf","method":"POST","url":"/tpr-credit-note/pdf"}
{"ts":"2026-04-30T10:31:14.449Z","level":"REQUEST_START","reqId":"MOLCFXG0-EBMGH1","route":"CREDIT_NOTE","method":"POST","url":"/tpr-credit-note/pdf","ip":"::1","origin":"http://localhost:5174","ua":"Mozilla/5.0 (Windows NT 10.0; Win64; x64) AppleWebKit/537.36 (KHTML, like Gecko) Chrome/147.0.0.0 Safari/537.36","payloadBytes":2}
{"ts":"2026-04-30T10:31:14.450Z","level":"STEP","reqId":"MOLCFXG0-EBMGH1","route":"CREDIT_NOTE","stage":"ROUTE","detail":"pdf mode","method":"POST","url":"/tpr-credit-note/pdf"}
{"ts":"2026-04-30T10:31:14.451Z","level":"STEP","reqId":"MOLCFXG0-EBMGH1","route":"CREDIT_NOTE","stage":"NORMALIZE","detail":"payload 1.16 KB","method":"POST","url":"/tpr-credit-note/pdf"}
{"ts":"2026-04-30T10:31:14.452Z","level":"STEP","reqId":"MOLCFXG0-EBMGH1","route":"CREDIT_NOTE","stage":"TEMPLATE","detail":"render html before pdf","method":"POST","url":"/tpr-credit-note/pdf"}
{"ts":"2026-04-30T10:31:14.462Z","level":"INFO","title":"PUPPETEER","message":"reuse existing browser instance"}
{"ts":"2026-04-30T10:31:14.496Z","level":"STEP","reqId":"MOLCFXG0-EBMGH1","route":"CREDIT_NOTE","stage":"PDF:PAGE_OPEN","detail":"create new page","method":"POST","url":"/tpr-credit-note/pdf"}
{"ts":"2026-04-30T10:31:14.500Z","level":"STEP","reqId":"MOLCFXG0-EBMGH1","route":"CREDIT_NOTE","stage":"PDF:SET_CONTENT","detail":"html size 12.9 KB","method":"POST","url":"/tpr-credit-note/pdf"}
{"ts":"2026-04-30T10:31:16.035Z","level":"STEP","reqId":"MOLCFXG0-EBMGH1","route":"CREDIT_NOTE","stage":"PDF:FONTS_READY","detail":"waiting document.fonts.ready","method":"POST","url":"/tpr-credit-note/pdf"}
{"ts":"2026-04-30T10:31:16.037Z","level":"STEP","reqId":"MOLCFXG0-EBMGH1","route":"CREDIT_NOTE","stage":"PDF:RENDER","detail":"format=A4 media=screen landscape=false","method":"POST","url":"/tpr-credit-note/pdf"}
{"ts":"2026-04-30T10:31:16.190Z","level":"STEP","reqId":"MOLCFXG0-EBMGH1","route":"CREDIT_NOTE","stage":"PDF:BUFFER_READY","detail":"pdf size 207 KB","method":"POST","url":"/tpr-credit-note/pdf"}
{"ts":"2026-04-30T10:31:16.191Z","level":"STEP","reqId":"MOLCFXG0-EBMGH1","route":"CREDIT_NOTE","stage":"PDF:PAGE_CLOSE","detail":"close page","method":"POST","url":"/tpr-credit-note/pdf"}
{"ts":"2026-04-30T10:31:16.200Z","level":"STEP","reqId":"MOLCFXG0-EBMGH1","route":"CREDIT_NOTE","stage":"RESPOND_PDF","detail":"filename=tpr_credit_note.pdf","method":"POST","url":"/tpr-credit-note/pdf"}
{"ts":"2026-04-30T10:31:16.201Z","level":"PDF_RESPONSE","reqId":"MOLCFXG0-EBMGH1","route":"CREDIT_NOTE","method":"POST","url":"/tpr-credit-note/pdf","filename":"tpr_credit_note.pdf","pdfBytes":212255}
{"ts":"2026-04-30T10:31:16.202Z","level":"REQUEST_DONE","reqId":"MOLCFXG0-EBMGH1","route":"CREDIT_NOTE","method":"POST","url":"/tpr-credit-note/pdf","status":200,"durationMs":1754,"responseSize":"207 KB"}
{"ts":"2026-04-30T10:56:57.329Z","level":"STEP","reqId":"MOLDCZXS-Q88K1O","route":"PAYMENT_VOUCHER","stage":"START","detail":"OPTIONS /tpr-payment-voucher/pdf","method":"OPTIONS","url":"/tpr-payment-voucher/pdf"}
{"ts":"2026-04-30T10:56:57.329Z","level":"REQUEST_START","reqId":"MOLDCZXS-Q88K1O","route":"PAYMENT_VOUCHER","method":"OPTIONS","url":"/tpr-payment-voucher/pdf","ip":"::1","origin":"http://localhost:5174","ua":"Mozilla/5.0 (Windows NT 10.0; Win64; x64) AppleWebKit/537.36 (KHTML, like Gecko) Chrome/147.0.0.0 Safari/537.36","payloadBytes":2}
{"ts":"2026-04-30T10:56:57.330Z","level":"REQUEST_DONE","reqId":"MOLDCZXS-Q88K1O","route":"PAYMENT_VOUCHER","method":"OPTIONS","url":"/tpr-payment-voucher/pdf","status":204,"durationMs":2,"responseSize":"0 B"}
{"ts":"2026-04-30T10:56:57.331Z","level":"STEP","reqId":"MOLDCZXV-91W0HH","route":"PAYMENT_VOUCHER","stage":"START","detail":"POST /tpr-payment-voucher/pdf","method":"POST","url":"/tpr-payment-voucher/pdf"}
{"ts":"2026-04-30T10:56:57.332Z","level":"REQUEST_START","reqId":"MOLDCZXV-91W0HH","route":"PAYMENT_VOUCHER","method":"POST","url":"/tpr-payment-voucher/pdf","ip":"::1","origin":"http://localhost:5174","ua":"Mozilla/5.0 (Windows NT 10.0; Win64; x64) AppleWebKit/537.36 (KHTML, like Gecko) Chrome/147.0.0.0 Safari/537.36","payloadBytes":2}
{"ts":"2026-04-30T10:56:57.333Z","level":"STEP","reqId":"MOLDCZXV-91W0HH","route":"PAYMENT_VOUCHER","stage":"ROUTE","detail":"pdf mode","method":"POST","url":"/tpr-payment-voucher/pdf"}
{"ts":"2026-04-30T10:56:57.333Z","level":"STEP","reqId":"MOLDCZXV-91W0HH","route":"PAYMENT_VOUCHER","stage":"NORMALIZE","detail":"payload 1.04 KB","method":"POST","url":"/tpr-payment-voucher/pdf"}
{"ts":"2026-04-30T10:56:57.334Z","level":"STEP","reqId":"MOLDCZXV-91W0HH","route":"PAYMENT_VOUCHER","stage":"TEMPLATE","detail":"render html before pdf","method":"POST","url":"/tpr-payment-voucher/pdf"}
{"ts":"2026-04-30T10:56:57.345Z","level":"INFO","title":"PUPPETEER","message":"reuse existing browser instance"}
{"ts":"2026-04-30T10:56:57.389Z","level":"STEP","reqId":"MOLDCZXV-91W0HH","route":"PAYMENT_VOUCHER","stage":"PDF:PAGE_OPEN","detail":"create new page","method":"POST","url":"/tpr-payment-voucher/pdf"}
{"ts":"2026-04-30T10:56:57.392Z","level":"STEP","reqId":"MOLDCZXV-91W0HH","route":"PAYMENT_VOUCHER","stage":"PDF:SET_CONTENT","detail":"html size 10.0 KB","method":"POST","url":"/tpr-payment-voucher/pdf"}
{"ts":"2026-04-30T10:56:58.389Z","level":"STEP","reqId":"MOLDCZXV-91W0HH","route":"PAYMENT_VOUCHER","stage":"PDF:FONTS_READY","detail":"waiting document.fonts.ready","method":"POST","url":"/tpr-payment-voucher/pdf"}
{"ts":"2026-04-30T10:56:58.392Z","level":"STEP","reqId":"MOLDCZXV-91W0HH","route":"PAYMENT_VOUCHER","stage":"PDF:RENDER","detail":"format=A4 media=screen landscape=false","method":"POST","url":"/tpr-payment-voucher/pdf"}
{"ts":"2026-04-30T10:56:58.538Z","level":"STEP","reqId":"MOLDCZXV-91W0HH","route":"PAYMENT_VOUCHER","stage":"PDF:BUFFER_READY","detail":"pdf size 116 KB","method":"POST","url":"/tpr-payment-voucher/pdf"}
{"ts":"2026-04-30T10:56:58.539Z","level":"STEP","reqId":"MOLDCZXV-91W0HH","route":"PAYMENT_VOUCHER","stage":"PDF:PAGE_CLOSE","detail":"close page","method":"POST","url":"/tpr-payment-voucher/pdf"}
{"ts":"2026-04-30T10:56:58.549Z","level":"STEP","reqId":"MOLDCZXV-91W0HH","route":"PAYMENT_VOUCHER","stage":"RESPOND_PDF","detail":"filename=tpr_payment_voucher.pdf","method":"POST","url":"/tpr-payment-voucher/pdf"}
{"ts":"2026-04-30T10:56:58.549Z","level":"PDF_RESPONSE","reqId":"MOLDCZXV-91W0HH","route":"PAYMENT_VOUCHER","method":"POST","url":"/tpr-payment-voucher/pdf","filename":"tpr_payment_voucher.pdf","pdfBytes":119014}
{"ts":"2026-04-30T10:56:58.551Z","level":"REQUEST_DONE","reqId":"MOLDCZXV-91W0HH","route":"PAYMENT_VOUCHER","method":"POST","url":"/tpr-payment-voucher/pdf","status":200,"durationMs":1220,"responseSize":"116 KB"}
{"ts":"2026-04-30T10:58:17.680Z","level":"INFO","title":"TEMPLATE","message":"compile templates\\tpr_quotation.hbs","templatePath":"C:\\Projcet TPR\\report-server\\templates\\tpr_quotation.hbs"}
{"ts":"2026-04-30T10:58:17.681Z","level":"INFO","title":"TEMPLATE","message":"compile templates\\tpr_credit_note.hbs","templatePath":"C:\\Projcet TPR\\report-server\\templates\\tpr_credit_note.hbs"}
{"ts":"2026-04-30T10:58:17.682Z","level":"INFO","title":"TEMPLATE","message":"compile templates\\tpr_invoice.hbs","templatePath":"C:\\Projcet TPR\\report-server\\templates\\tpr_invoice.hbs"}
{"ts":"2026-04-30T10:58:17.683Z","level":"INFO","title":"TEMPLATE","message":"compile templates\\tpr_purchase_order.hbs","templatePath":"C:\\Projcet TPR\\report-server\\templates\\tpr_purchase_order.hbs"}
{"ts":"2026-04-30T10:58:17.683Z","level":"INFO","title":"TEMPLATE","message":"compile templates\\tpr_receipt.hbs","templatePath":"C:\\Projcet TPR\\report-server\\templates\\tpr_receipt.hbs"}
{"ts":"2026-04-30T10:58:17.684Z","level":"INFO","title":"TEMPLATE","message":"compile templates\\tpr_tax_receipt.hbs","templatePath":"C:\\Projcet TPR\\report-server\\templates\\tpr_tax_receipt.hbs"}
{"ts":"2026-04-30T10:58:17.685Z","level":"INFO","title":"TEMPLATE","message":"compile templates\\tpr_withholding_tax_certificate.hbs","templatePath":"C:\\Projcet TPR\\report-server\\templates\\tpr_withholding_tax_certificate.hbs"}
{"ts":"2026-04-30T10:58:17.685Z","level":"INFO","title":"TEMPLATE","message":"compile templates\\tpr_payment_voucher.hbs","templatePath":"C:\\Projcet TPR\\report-server\\templates\\tpr_payment_voucher.hbs"}
{"ts":"2026-04-30T10:58:17.686Z","level":"INFO","title":"TEMPLATE","message":"compile templates\\tpr_receipt_voucher.hbs","templatePath":"C:\\Projcet TPR\\report-server\\templates\\tpr_receipt_voucher.hbs"}
{"ts":"2026-04-30T10:58:17.686Z","level":"INFO","title":"TEMPLATE","message":"compile templates\\tpr_petty_cash_voucher.hbs","templatePath":"C:\\Projcet TPR\\report-server\\templates\\tpr_petty_cash_voucher.hbs"}
{"ts":"2026-04-30T10:58:17.687Z","level":"INFO","title":"TEMPLATE","message":"compile templates\\tpr_petty_cash_request.hbs","templatePath":"C:\\Projcet TPR\\report-server\\templates\\tpr_petty_cash_request.hbs"}
{"ts":"2026-04-30T10:58:17.687Z","level":"INFO","title":"TEMPLATE","message":"compile templates\\tpr_petty_cash_payment_report.hbs","templatePath":"C:\\Projcet TPR\\report-server\\templates\\tpr_petty_cash_payment_report.hbs"}
{"ts":"2026-04-30T10:58:17.688Z","level":"INFO","title":"TEMPLATE","message":"compile templates\\tpr_receipt_certification.hbs","templatePath":"C:\\Projcet TPR\\report-server\\templates\\tpr_receipt_certification.hbs"}
{"ts":"2026-04-30T10:58:17.689Z","level":"WARN","title":"CSS","message":"inline missing: C:\\Projcet TPR\\report-server\\public\\css\\quotation.css (ไม่จำเป็นถ้า CSS อยู่ใน hbs แล้ว)","cssPath":"C:\\Projcet TPR\\report-server\\public\\css\\quotation.css"}
{"ts":"2026-04-30T10:58:17.708Z","level":"OK","title":"READY","message":"PDF server is running","port":4100,"logFile":"C:\\Projcet TPR\\report-server\\logs\\server-2026-04-30.log"}
{"ts":"2026-04-30T10:58:17.708Z","level":"BOOT","message":"PDF server is running","port":4100,"logFile":"C:\\Projcet TPR\\report-server\\logs\\server-2026-04-30.log"}
