{"ts":"2026-05-03T07:33:08.726Z","level":"INFO","title":"TEMPLATE","message":"compile templates\\tpr_quotation.hbs","templatePath":"C:\\Projcet TPR\\report-server\\templates\\tpr_quotation.hbs"}
{"ts":"2026-05-03T07:33:08.728Z","level":"INFO","title":"TEMPLATE","message":"compile templates\\tpr_credit_note.hbs","templatePath":"C:\\Projcet TPR\\report-server\\templates\\tpr_credit_note.hbs"}
{"ts":"2026-05-03T07:33:08.729Z","level":"INFO","title":"TEMPLATE","message":"compile templates\\tpr_invoice.hbs","templatePath":"C:\\Projcet TPR\\report-server\\templates\\tpr_invoice.hbs"}
{"ts":"2026-05-03T07:33:08.730Z","level":"INFO","title":"TEMPLATE","message":"compile templates\\tpr_purchase_order.hbs","templatePath":"C:\\Projcet TPR\\report-server\\templates\\tpr_purchase_order.hbs"}
{"ts":"2026-05-03T07:33:08.731Z","level":"INFO","title":"TEMPLATE","message":"compile templates\\tpr_receipt.hbs","templatePath":"C:\\Projcet TPR\\report-server\\templates\\tpr_receipt.hbs"}
{"ts":"2026-05-03T07:33:08.732Z","level":"INFO","title":"TEMPLATE","message":"compile templates\\tpr_tax_receipt.hbs","templatePath":"C:\\Projcet TPR\\report-server\\templates\\tpr_tax_receipt.hbs"}
{"ts":"2026-05-03T07:33:08.733Z","level":"INFO","title":"TEMPLATE","message":"compile templates\\tpr_withholding_tax_certificate.hbs","templatePath":"C:\\Projcet TPR\\report-server\\templates\\tpr_withholding_tax_certificate.hbs"}
{"ts":"2026-05-03T07:33:08.734Z","level":"INFO","title":"TEMPLATE","message":"compile templates\\tpr_payment_voucher.hbs","templatePath":"C:\\Projcet TPR\\report-server\\templates\\tpr_payment_voucher.hbs"}
{"ts":"2026-05-03T07:33:08.736Z","level":"INFO","title":"TEMPLATE","message":"compile templates\\tpr_receipt_voucher.hbs","templatePath":"C:\\Projcet TPR\\report-server\\templates\\tpr_receipt_voucher.hbs"}
{"ts":"2026-05-03T07:33:08.737Z","level":"INFO","title":"TEMPLATE","message":"compile templates\\tpr_petty_cash_voucher.hbs","templatePath":"C:\\Projcet TPR\\report-server\\templates\\tpr_petty_cash_voucher.hbs"}
{"ts":"2026-05-03T07:33:08.738Z","level":"INFO","title":"TEMPLATE","message":"compile templates\\tpr_petty_cash_request.hbs","templatePath":"C:\\Projcet TPR\\report-server\\templates\\tpr_petty_cash_request.hbs"}
{"ts":"2026-05-03T07:33:08.739Z","level":"INFO","title":"TEMPLATE","message":"compile templates\\tpr_petty_cash_payment_report.hbs","templatePath":"C:\\Projcet TPR\\report-server\\templates\\tpr_petty_cash_payment_report.hbs"}
{"ts":"2026-05-03T07:33:08.740Z","level":"INFO","title":"TEMPLATE","message":"compile templates\\tpr_receipt_certification.hbs","templatePath":"C:\\Projcet TPR\\report-server\\templates\\tpr_receipt_certification.hbs"}
{"ts":"2026-05-03T07:33:08.741Z","level":"WARN","title":"CSS","message":"inline missing: C:\\Projcet TPR\\report-server\\public\\css\\quotation.css (ไม่จำเป็นถ้า CSS อยู่ใน hbs แล้ว)","cssPath":"C:\\Projcet TPR\\report-server\\public\\css\\quotation.css"}
{"ts":"2026-05-03T07:33:08.764Z","level":"OK","title":"READY","message":"PDF server is running","port":4100,"logFile":"C:\\Projcet TPR\\report-server\\logs\\server-2026-05-03.log"}
{"ts":"2026-05-03T07:33:08.765Z","level":"BOOT","message":"PDF server is running","port":4100,"logFile":"C:\\Projcet TPR\\report-server\\logs\\server-2026-05-03.log"}
{"ts":"2026-05-03T07:37:14.804Z","level":"STEP","reqId":"MOPGJQ5W-6TOMRU","route":"PAYMENT_VOUCHER","stage":"START","detail":"OPTIONS /tpr-payment-voucher/pdf","method":"OPTIONS","url":"/tpr-payment-voucher/pdf"}
{"ts":"2026-05-03T07:37:14.806Z","level":"REQUEST_START","reqId":"MOPGJQ5W-6TOMRU","route":"PAYMENT_VOUCHER","method":"OPTIONS","url":"/tpr-payment-voucher/pdf","ip":"::1","origin":"http://localhost:5174","ua":"Mozilla/5.0 (Windows NT 10.0; Win64; x64) AppleWebKit/537.36 (KHTML, like Gecko) Chrome/147.0.0.0 Safari/537.36","payloadBytes":2}
{"ts":"2026-05-03T07:37:14.810Z","level":"REQUEST_DONE","reqId":"MOPGJQ5W-6TOMRU","route":"PAYMENT_VOUCHER","method":"OPTIONS","url":"/tpr-payment-voucher/pdf","status":204,"durationMs":5,"responseSize":"0 B"}
{"ts":"2026-05-03T07:37:14.812Z","level":"STEP","reqId":"MOPGJQ64-9D32VH","route":"PAYMENT_VOUCHER","stage":"START","detail":"POST /tpr-payment-voucher/pdf","method":"POST","url":"/tpr-payment-voucher/pdf"}
{"ts":"2026-05-03T07:37:14.813Z","level":"REQUEST_START","reqId":"MOPGJQ64-9D32VH","route":"PAYMENT_VOUCHER","method":"POST","url":"/tpr-payment-voucher/pdf","ip":"::1","origin":"http://localhost:5174","ua":"Mozilla/5.0 (Windows NT 10.0; Win64; x64) AppleWebKit/537.36 (KHTML, like Gecko) Chrome/147.0.0.0 Safari/537.36","payloadBytes":2}
{"ts":"2026-05-03T07:37:14.835Z","level":"STEP","reqId":"MOPGJQ64-9D32VH","route":"PAYMENT_VOUCHER","stage":"ROUTE","detail":"pdf mode","method":"POST","url":"/tpr-payment-voucher/pdf"}
{"ts":"2026-05-03T07:37:14.836Z","level":"STEP","reqId":"MOPGJQ64-9D32VH","route":"PAYMENT_VOUCHER","stage":"NORMALIZE","detail":"payload 1.04 KB","method":"POST","url":"/tpr-payment-voucher/pdf"}
{"ts":"2026-05-03T07:37:14.837Z","level":"STEP","reqId":"MOPGJQ64-9D32VH","route":"PAYMENT_VOUCHER","stage":"TEMPLATE","detail":"render html before pdf","method":"POST","url":"/tpr-payment-voucher/pdf"}
{"ts":"2026-05-03T07:37:14.868Z","level":"INFO","title":"PUPPETEER","message":"launch browser..."}
{"ts":"2026-05-03T07:37:15.435Z","level":"OK","title":"PUPPETEER","message":"browser launched"}
{"ts":"2026-05-03T07:37:15.482Z","level":"STEP","reqId":"MOPGJQ64-9D32VH","route":"PAYMENT_VOUCHER","stage":"PDF:PAGE_OPEN","detail":"create new page","method":"POST","url":"/tpr-payment-voucher/pdf"}
{"ts":"2026-05-03T07:37:15.487Z","level":"STEP","reqId":"MOPGJQ64-9D32VH","route":"PAYMENT_VOUCHER","stage":"PDF:SET_CONTENT","detail":"html size 10.0 KB","method":"POST","url":"/tpr-payment-voucher/pdf"}
{"ts":"2026-05-03T07:37:16.074Z","level":"STEP","reqId":"MOPGJQ64-9D32VH","route":"PAYMENT_VOUCHER","stage":"PDF:FONTS_READY","detail":"waiting document.fonts.ready","method":"POST","url":"/tpr-payment-voucher/pdf"}
{"ts":"2026-05-03T07:37:16.076Z","level":"STEP","reqId":"MOPGJQ64-9D32VH","route":"PAYMENT_VOUCHER","stage":"PDF:RENDER","detail":"format=A4 media=screen landscape=false","method":"POST","url":"/tpr-payment-voucher/pdf"}
{"ts":"2026-05-03T07:37:16.229Z","level":"STEP","reqId":"MOPGJQ64-9D32VH","route":"PAYMENT_VOUCHER","stage":"PDF:BUFFER_READY","detail":"pdf size 116 KB","method":"POST","url":"/tpr-payment-voucher/pdf"}
{"ts":"2026-05-03T07:37:16.230Z","level":"STEP","reqId":"MOPGJQ64-9D32VH","route":"PAYMENT_VOUCHER","stage":"PDF:PAGE_CLOSE","detail":"close page","method":"POST","url":"/tpr-payment-voucher/pdf"}
{"ts":"2026-05-03T07:37:16.240Z","level":"STEP","reqId":"MOPGJQ64-9D32VH","route":"PAYMENT_VOUCHER","stage":"RESPOND_PDF","detail":"filename=tpr_payment_voucher.pdf","method":"POST","url":"/tpr-payment-voucher/pdf"}
{"ts":"2026-05-03T07:37:16.241Z","level":"PDF_RESPONSE","reqId":"MOPGJQ64-9D32VH","route":"PAYMENT_VOUCHER","method":"POST","url":"/tpr-payment-voucher/pdf","filename":"tpr_payment_voucher.pdf","pdfBytes":119014}
{"ts":"2026-05-03T07:37:16.244Z","level":"REQUEST_DONE","reqId":"MOPGJQ64-9D32VH","route":"PAYMENT_VOUCHER","method":"POST","url":"/tpr-payment-voucher/pdf","status":200,"durationMs":1432,"responseSize":"116 KB"}
{"ts":"2026-05-03T07:50:11.703Z","level":"INFO","title":"TEMPLATE","message":"compile templates\\tpr_quotation.hbs","templatePath":"C:\\Projcet TPR\\report-server\\templates\\tpr_quotation.hbs"}
{"ts":"2026-05-03T07:50:11.708Z","level":"INFO","title":"TEMPLATE","message":"compile templates\\tpr_credit_note.hbs","templatePath":"C:\\Projcet TPR\\report-server\\templates\\tpr_credit_note.hbs"}
{"ts":"2026-05-03T07:50:11.710Z","level":"INFO","title":"TEMPLATE","message":"compile templates\\tpr_invoice.hbs","templatePath":"C:\\Projcet TPR\\report-server\\templates\\tpr_invoice.hbs"}
{"ts":"2026-05-03T07:50:11.712Z","level":"INFO","title":"TEMPLATE","message":"compile templates\\tpr_purchase_order.hbs","templatePath":"C:\\Projcet TPR\\report-server\\templates\\tpr_purchase_order.hbs"}
{"ts":"2026-05-03T07:50:11.714Z","level":"INFO","title":"TEMPLATE","message":"compile templates\\tpr_receipt.hbs","templatePath":"C:\\Projcet TPR\\report-server\\templates\\tpr_receipt.hbs"}
{"ts":"2026-05-03T07:50:11.716Z","level":"INFO","title":"TEMPLATE","message":"compile templates\\tpr_tax_receipt.hbs","templatePath":"C:\\Projcet TPR\\report-server\\templates\\tpr_tax_receipt.hbs"}
{"ts":"2026-05-03T07:50:11.718Z","level":"INFO","title":"TEMPLATE","message":"compile templates\\tpr_withholding_tax_certificate.hbs","templatePath":"C:\\Projcet TPR\\report-server\\templates\\tpr_withholding_tax_certificate.hbs"}
{"ts":"2026-05-03T07:50:11.721Z","level":"INFO","title":"TEMPLATE","message":"compile templates\\tpr_payment_voucher.hbs","templatePath":"C:\\Projcet TPR\\report-server\\templates\\tpr_payment_voucher.hbs"}
{"ts":"2026-05-03T07:50:11.723Z","level":"INFO","title":"TEMPLATE","message":"compile templates\\tpr_receipt_voucher.hbs","templatePath":"C:\\Projcet TPR\\report-server\\templates\\tpr_receipt_voucher.hbs"}
{"ts":"2026-05-03T07:50:11.726Z","level":"INFO","title":"TEMPLATE","message":"compile templates\\tpr_petty_cash_voucher.hbs","templatePath":"C:\\Projcet TPR\\report-server\\templates\\tpr_petty_cash_voucher.hbs"}
{"ts":"2026-05-03T07:50:11.727Z","level":"INFO","title":"TEMPLATE","message":"compile templates\\tpr_petty_cash_request.hbs","templatePath":"C:\\Projcet TPR\\report-server\\templates\\tpr_petty_cash_request.hbs"}
{"ts":"2026-05-03T07:50:11.729Z","level":"INFO","title":"TEMPLATE","message":"compile templates\\tpr_petty_cash_payment_report.hbs","templatePath":"C:\\Projcet TPR\\report-server\\templates\\tpr_petty_cash_payment_report.hbs"}
{"ts":"2026-05-03T07:50:11.731Z","level":"INFO","title":"TEMPLATE","message":"compile templates\\tpr_receipt_certification.hbs","templatePath":"C:\\Projcet TPR\\report-server\\templates\\tpr_receipt_certification.hbs"}
{"ts":"2026-05-03T07:50:11.733Z","level":"WARN","title":"CSS","message":"inline missing: C:\\Projcet TPR\\report-server\\public\\css\\quotation.css (ไม่จำเป็นถ้า CSS อยู่ใน hbs แล้ว)","cssPath":"C:\\Projcet TPR\\report-server\\public\\css\\quotation.css"}
{"ts":"2026-05-03T07:50:11.765Z","level":"OK","title":"READY","message":"PDF server is running","port":4100,"logFile":"C:\\Projcet TPR\\report-server\\logs\\server-2026-05-03.log"}
{"ts":"2026-05-03T07:50:11.765Z","level":"BOOT","message":"PDF server is running","port":4100,"logFile":"C:\\Projcet TPR\\report-server\\logs\\server-2026-05-03.log"}
{"ts":"2026-05-03T07:53:15.903Z","level":"WARN","title":"SHUTDOWN","message":"received SIGINT, closing server resources...","signal":"SIGINT"}
{"ts":"2026-05-03T07:53:21.508Z","level":"INFO","title":"TEMPLATE","message":"compile templates\\tpr_quotation.hbs","templatePath":"C:\\Projcet TPR\\report-server\\templates\\tpr_quotation.hbs"}
{"ts":"2026-05-03T07:53:21.510Z","level":"INFO","title":"TEMPLATE","message":"compile templates\\tpr_credit_note.hbs","templatePath":"C:\\Projcet TPR\\report-server\\templates\\tpr_credit_note.hbs"}
{"ts":"2026-05-03T07:53:21.511Z","level":"INFO","title":"TEMPLATE","message":"compile templates\\tpr_invoice.hbs","templatePath":"C:\\Projcet TPR\\report-server\\templates\\tpr_invoice.hbs"}
{"ts":"2026-05-03T07:53:21.511Z","level":"INFO","title":"TEMPLATE","message":"compile templates\\tpr_purchase_order.hbs","templatePath":"C:\\Projcet TPR\\report-server\\templates\\tpr_purchase_order.hbs"}
{"ts":"2026-05-03T07:53:21.512Z","level":"INFO","title":"TEMPLATE","message":"compile templates\\tpr_receipt.hbs","templatePath":"C:\\Projcet TPR\\report-server\\templates\\tpr_receipt.hbs"}
{"ts":"2026-05-03T07:53:21.512Z","level":"INFO","title":"TEMPLATE","message":"compile templates\\tpr_tax_receipt.hbs","templatePath":"C:\\Projcet TPR\\report-server\\templates\\tpr_tax_receipt.hbs"}
{"ts":"2026-05-03T07:53:21.513Z","level":"INFO","title":"TEMPLATE","message":"compile templates\\tpr_withholding_tax_certificate.hbs","templatePath":"C:\\Projcet TPR\\report-server\\templates\\tpr_withholding_tax_certificate.hbs"}
{"ts":"2026-05-03T07:53:21.514Z","level":"INFO","title":"TEMPLATE","message":"compile templates\\tpr_payment_voucher.hbs","templatePath":"C:\\Projcet TPR\\report-server\\templates\\tpr_payment_voucher.hbs"}
{"ts":"2026-05-03T07:53:21.516Z","level":"INFO","title":"TEMPLATE","message":"compile templates\\tpr_receipt_voucher.hbs","templatePath":"C:\\Projcet TPR\\report-server\\templates\\tpr_receipt_voucher.hbs"}
{"ts":"2026-05-03T07:53:21.517Z","level":"INFO","title":"TEMPLATE","message":"compile templates\\tpr_petty_cash_voucher.hbs","templatePath":"C:\\Projcet TPR\\report-server\\templates\\tpr_petty_cash_voucher.hbs"}
{"ts":"2026-05-03T07:53:21.517Z","level":"INFO","title":"TEMPLATE","message":"compile templates\\tpr_petty_cash_request.hbs","templatePath":"C:\\Projcet TPR\\report-server\\templates\\tpr_petty_cash_request.hbs"}
{"ts":"2026-05-03T07:53:21.518Z","level":"INFO","title":"TEMPLATE","message":"compile templates\\tpr_petty_cash_payment_report.hbs","templatePath":"C:\\Projcet TPR\\report-server\\templates\\tpr_petty_cash_payment_report.hbs"}
{"ts":"2026-05-03T07:53:21.519Z","level":"INFO","title":"TEMPLATE","message":"compile templates\\tpr_receipt_certification.hbs","templatePath":"C:\\Projcet TPR\\report-server\\templates\\tpr_receipt_certification.hbs"}
{"ts":"2026-05-03T07:53:21.520Z","level":"WARN","title":"CSS","message":"inline missing: C:\\Projcet TPR\\report-server\\public\\css\\quotation.css (ไม่จำเป็นถ้า CSS อยู่ใน hbs แล้ว)","cssPath":"C:\\Projcet TPR\\report-server\\public\\css\\quotation.css"}
{"ts":"2026-05-03T07:53:21.540Z","level":"OK","title":"READY","message":"PDF server is running","port":4100,"logFile":"C:\\Projcet TPR\\report-server\\logs\\server-2026-05-03.log"}
{"ts":"2026-05-03T07:53:21.541Z","level":"BOOT","message":"PDF server is running","port":4100,"logFile":"C:\\Projcet TPR\\report-server\\logs\\server-2026-05-03.log"}
{"ts":"2026-05-03T07:54:31.271Z","level":"STEP","reqId":"MOPH5XWM-KDSFAC","route":"PAYMENT_VOUCHER","stage":"START","detail":"OPTIONS /tpr-payment-voucher/pdf","method":"OPTIONS","url":"/tpr-payment-voucher/pdf"}
{"ts":"2026-05-03T07:54:31.272Z","level":"REQUEST_START","reqId":"MOPH5XWM-KDSFAC","route":"PAYMENT_VOUCHER","method":"OPTIONS","url":"/tpr-payment-voucher/pdf","ip":"::1","origin":"http://localhost:5174","ua":"Mozilla/5.0 (Windows NT 10.0; Win64; x64) AppleWebKit/537.36 (KHTML, like Gecko) Chrome/147.0.0.0 Safari/537.36","payloadBytes":2}
{"ts":"2026-05-03T07:54:31.277Z","level":"REQUEST_DONE","reqId":"MOPH5XWM-KDSFAC","route":"PAYMENT_VOUCHER","method":"OPTIONS","url":"/tpr-payment-voucher/pdf","status":204,"durationMs":6,"responseSize":"0 B"}
{"ts":"2026-05-03T07:54:31.278Z","level":"STEP","reqId":"MOPH5XWU-MI442E","route":"PAYMENT_VOUCHER","stage":"START","detail":"POST /tpr-payment-voucher/pdf","method":"POST","url":"/tpr-payment-voucher/pdf"}
{"ts":"2026-05-03T07:54:31.279Z","level":"REQUEST_START","reqId":"MOPH5XWU-MI442E","route":"PAYMENT_VOUCHER","method":"POST","url":"/tpr-payment-voucher/pdf","ip":"::1","origin":"http://localhost:5174","ua":"Mozilla/5.0 (Windows NT 10.0; Win64; x64) AppleWebKit/537.36 (KHTML, like Gecko) Chrome/147.0.0.0 Safari/537.36","payloadBytes":2}
{"ts":"2026-05-03T07:54:31.307Z","level":"STEP","reqId":"MOPH5XWU-MI442E","route":"PAYMENT_VOUCHER","stage":"ROUTE","detail":"pdf mode","method":"POST","url":"/tpr-payment-voucher/pdf"}
{"ts":"2026-05-03T07:54:31.308Z","level":"STEP","reqId":"MOPH5XWU-MI442E","route":"PAYMENT_VOUCHER","stage":"NORMALIZE","detail":"payload 1.04 KB","method":"POST","url":"/tpr-payment-voucher/pdf"}
{"ts":"2026-05-03T07:54:31.309Z","level":"STEP","reqId":"MOPH5XWU-MI442E","route":"PAYMENT_VOUCHER","stage":"TEMPLATE","detail":"render html before pdf","method":"POST","url":"/tpr-payment-voucher/pdf"}
{"ts":"2026-05-03T07:54:31.344Z","level":"INFO","title":"PUPPETEER","message":"launch browser..."}
{"ts":"2026-05-03T07:54:31.880Z","level":"OK","title":"PUPPETEER","message":"browser launched"}
{"ts":"2026-05-03T07:54:31.931Z","level":"STEP","reqId":"MOPH5XWU-MI442E","route":"PAYMENT_VOUCHER","stage":"PDF:PAGE_OPEN","detail":"create new page","method":"POST","url":"/tpr-payment-voucher/pdf"}
{"ts":"2026-05-03T07:54:31.935Z","level":"STEP","reqId":"MOPH5XWU-MI442E","route":"PAYMENT_VOUCHER","stage":"PDF:SET_CONTENT","detail":"html size 10.1 KB","method":"POST","url":"/tpr-payment-voucher/pdf"}
{"ts":"2026-05-03T07:54:32.683Z","level":"STEP","reqId":"MOPH5XWU-MI442E","route":"PAYMENT_VOUCHER","stage":"PDF:FONTS_READY","detail":"waiting document.fonts.ready","method":"POST","url":"/tpr-payment-voucher/pdf"}
{"ts":"2026-05-03T07:54:32.686Z","level":"STEP","reqId":"MOPH5XWU-MI442E","route":"PAYMENT_VOUCHER","stage":"PDF:RENDER","detail":"format=A4 media=screen landscape=false","method":"POST","url":"/tpr-payment-voucher/pdf"}
{"ts":"2026-05-03T07:54:32.885Z","level":"STEP","reqId":"MOPH5XWU-MI442E","route":"PAYMENT_VOUCHER","stage":"PDF:BUFFER_READY","detail":"pdf size 123 KB","method":"POST","url":"/tpr-payment-voucher/pdf"}
{"ts":"2026-05-03T07:54:32.886Z","level":"STEP","reqId":"MOPH5XWU-MI442E","route":"PAYMENT_VOUCHER","stage":"PDF:PAGE_CLOSE","detail":"close page","method":"POST","url":"/tpr-payment-voucher/pdf"}
{"ts":"2026-05-03T07:54:32.900Z","level":"STEP","reqId":"MOPH5XWU-MI442E","route":"PAYMENT_VOUCHER","stage":"RESPOND_PDF","detail":"filename=tpr_payment_voucher.pdf","method":"POST","url":"/tpr-payment-voucher/pdf"}
{"ts":"2026-05-03T07:54:32.901Z","level":"PDF_RESPONSE","reqId":"MOPH5XWU-MI442E","route":"PAYMENT_VOUCHER","method":"POST","url":"/tpr-payment-voucher/pdf","filename":"tpr_payment_voucher.pdf","pdfBytes":125601}
{"ts":"2026-05-03T07:54:32.910Z","level":"REQUEST_DONE","reqId":"MOPH5XWU-MI442E","route":"PAYMENT_VOUCHER","method":"POST","url":"/tpr-payment-voucher/pdf","status":200,"durationMs":1629,"responseSize":"123 KB"}
{"ts":"2026-05-03T07:55:42.903Z","level":"STEP","reqId":"MOPH7H6F-CA4EXZ","route":"PAYMENT_VOUCHER","stage":"START","detail":"OPTIONS /tpr-payment-voucher/pdf","method":"OPTIONS","url":"/tpr-payment-voucher/pdf"}
{"ts":"2026-05-03T07:55:42.904Z","level":"REQUEST_START","reqId":"MOPH7H6F-CA4EXZ","route":"PAYMENT_VOUCHER","method":"OPTIONS","url":"/tpr-payment-voucher/pdf","ip":"::1","origin":"http://localhost:5174","ua":"Mozilla/5.0 (Windows NT 10.0; Win64; x64) AppleWebKit/537.36 (KHTML, like Gecko) Chrome/147.0.0.0 Safari/537.36","payloadBytes":2}
{"ts":"2026-05-03T07:55:42.905Z","level":"REQUEST_DONE","reqId":"MOPH7H6F-CA4EXZ","route":"PAYMENT_VOUCHER","method":"OPTIONS","url":"/tpr-payment-voucher/pdf","status":204,"durationMs":2,"responseSize":"0 B"}
{"ts":"2026-05-03T07:55:42.906Z","level":"STEP","reqId":"MOPH7H6I-3FT0YH","route":"PAYMENT_VOUCHER","stage":"START","detail":"POST /tpr-payment-voucher/pdf","method":"POST","url":"/tpr-payment-voucher/pdf"}
{"ts":"2026-05-03T07:55:42.907Z","level":"REQUEST_START","reqId":"MOPH7H6I-3FT0YH","route":"PAYMENT_VOUCHER","method":"POST","url":"/tpr-payment-voucher/pdf","ip":"::1","origin":"http://localhost:5174","ua":"Mozilla/5.0 (Windows NT 10.0; Win64; x64) AppleWebKit/537.36 (KHTML, like Gecko) Chrome/147.0.0.0 Safari/537.36","payloadBytes":2}
{"ts":"2026-05-03T07:55:42.908Z","level":"STEP","reqId":"MOPH7H6I-3FT0YH","route":"PAYMENT_VOUCHER","stage":"ROUTE","detail":"pdf mode","method":"POST","url":"/tpr-payment-voucher/pdf"}
{"ts":"2026-05-03T07:55:42.909Z","level":"STEP","reqId":"MOPH7H6I-3FT0YH","route":"PAYMENT_VOUCHER","stage":"NORMALIZE","detail":"payload 1.07 KB","method":"POST","url":"/tpr-payment-voucher/pdf"}
{"ts":"2026-05-03T07:55:42.910Z","level":"STEP","reqId":"MOPH7H6I-3FT0YH","route":"PAYMENT_VOUCHER","stage":"TEMPLATE","detail":"render html before pdf","method":"POST","url":"/tpr-payment-voucher/pdf"}
{"ts":"2026-05-03T07:55:42.912Z","level":"INFO","title":"PUPPETEER","message":"reuse existing browser instance"}
{"ts":"2026-05-03T07:55:43.015Z","level":"STEP","reqId":"MOPH7H6I-3FT0YH","route":"PAYMENT_VOUCHER","stage":"PDF:PAGE_OPEN","detail":"create new page","method":"POST","url":"/tpr-payment-voucher/pdf"}
{"ts":"2026-05-03T07:55:43.019Z","level":"STEP","reqId":"MOPH7H6I-3FT0YH","route":"PAYMENT_VOUCHER","stage":"PDF:SET_CONTENT","detail":"html size 10.1 KB","method":"POST","url":"/tpr-payment-voucher/pdf"}
{"ts":"2026-05-03T07:55:43.991Z","level":"STEP","reqId":"MOPH7H6I-3FT0YH","route":"PAYMENT_VOUCHER","stage":"PDF:FONTS_READY","detail":"waiting document.fonts.ready","method":"POST","url":"/tpr-payment-voucher/pdf"}
{"ts":"2026-05-03T07:55:43.998Z","level":"STEP","reqId":"MOPH7H6I-3FT0YH","route":"PAYMENT_VOUCHER","stage":"PDF:RENDER","detail":"format=A4 media=screen landscape=false","method":"POST","url":"/tpr-payment-voucher/pdf"}
{"ts":"2026-05-03T07:55:44.206Z","level":"STEP","reqId":"MOPH7H6I-3FT0YH","route":"PAYMENT_VOUCHER","stage":"PDF:BUFFER_READY","detail":"pdf size 124 KB","method":"POST","url":"/tpr-payment-voucher/pdf"}
{"ts":"2026-05-03T07:55:44.206Z","level":"STEP","reqId":"MOPH7H6I-3FT0YH","route":"PAYMENT_VOUCHER","stage":"PDF:PAGE_CLOSE","detail":"close page","method":"POST","url":"/tpr-payment-voucher/pdf"}
{"ts":"2026-05-03T07:55:44.216Z","level":"STEP","reqId":"MOPH7H6I-3FT0YH","route":"PAYMENT_VOUCHER","stage":"RESPOND_PDF","detail":"filename=tpr_payment_voucher.pdf","method":"POST","url":"/tpr-payment-voucher/pdf"}
{"ts":"2026-05-03T07:55:44.216Z","level":"PDF_RESPONSE","reqId":"MOPH7H6I-3FT0YH","route":"PAYMENT_VOUCHER","method":"POST","url":"/tpr-payment-voucher/pdf","filename":"tpr_payment_voucher.pdf","pdfBytes":126523}
{"ts":"2026-05-03T07:55:44.217Z","level":"REQUEST_DONE","reqId":"MOPH7H6I-3FT0YH","route":"PAYMENT_VOUCHER","method":"POST","url":"/tpr-payment-voucher/pdf","status":200,"durationMs":1311,"responseSize":"124 KB"}
{"ts":"2026-05-03T08:05:06.472Z","level":"STEP","reqId":"MOPHJK14-HNW9QW","route":"PAYMENT_VOUCHER","stage":"START","detail":"OPTIONS /tpr-payment-voucher/pdf","method":"OPTIONS","url":"/tpr-payment-voucher/pdf"}
{"ts":"2026-05-03T08:05:06.473Z","level":"REQUEST_START","reqId":"MOPHJK14-HNW9QW","route":"PAYMENT_VOUCHER","method":"OPTIONS","url":"/tpr-payment-voucher/pdf","ip":"::1","origin":"http://localhost:5174","ua":"Mozilla/5.0 (Windows NT 10.0; Win64; x64) AppleWebKit/537.36 (KHTML, like Gecko) Chrome/147.0.0.0 Safari/537.36","payloadBytes":2}
{"ts":"2026-05-03T08:05:06.474Z","level":"REQUEST_DONE","reqId":"MOPHJK14-HNW9QW","route":"PAYMENT_VOUCHER","method":"OPTIONS","url":"/tpr-payment-voucher/pdf","status":204,"durationMs":2,"responseSize":"0 B"}
{"ts":"2026-05-03T08:05:06.476Z","level":"STEP","reqId":"MOPHJK18-7ASCLA","route":"PAYMENT_VOUCHER","stage":"START","detail":"POST /tpr-payment-voucher/pdf","method":"POST","url":"/tpr-payment-voucher/pdf"}
{"ts":"2026-05-03T08:05:06.478Z","level":"REQUEST_START","reqId":"MOPHJK18-7ASCLA","route":"PAYMENT_VOUCHER","method":"POST","url":"/tpr-payment-voucher/pdf","ip":"::1","origin":"http://localhost:5174","ua":"Mozilla/5.0 (Windows NT 10.0; Win64; x64) AppleWebKit/537.36 (KHTML, like Gecko) Chrome/147.0.0.0 Safari/537.36","payloadBytes":2}
{"ts":"2026-05-03T08:05:06.480Z","level":"STEP","reqId":"MOPHJK18-7ASCLA","route":"PAYMENT_VOUCHER","stage":"ROUTE","detail":"pdf mode","method":"POST","url":"/tpr-payment-voucher/pdf"}
{"ts":"2026-05-03T08:05:06.481Z","level":"STEP","reqId":"MOPHJK18-7ASCLA","route":"PAYMENT_VOUCHER","stage":"NORMALIZE","detail":"payload 1.13 KB","method":"POST","url":"/tpr-payment-voucher/pdf"}
{"ts":"2026-05-03T08:05:06.483Z","level":"STEP","reqId":"MOPHJK18-7ASCLA","route":"PAYMENT_VOUCHER","stage":"TEMPLATE","detail":"render html before pdf","method":"POST","url":"/tpr-payment-voucher/pdf"}
{"ts":"2026-05-03T08:05:06.485Z","level":"INFO","title":"PUPPETEER","message":"reuse existing browser instance"}
{"ts":"2026-05-03T08:05:06.545Z","level":"STEP","reqId":"MOPHJK18-7ASCLA","route":"PAYMENT_VOUCHER","stage":"PDF:PAGE_OPEN","detail":"create new page","method":"POST","url":"/tpr-payment-voucher/pdf"}
{"ts":"2026-05-03T08:05:06.551Z","level":"STEP","reqId":"MOPHJK18-7ASCLA","route":"PAYMENT_VOUCHER","stage":"PDF:SET_CONTENT","detail":"html size 10.3 KB","method":"POST","url":"/tpr-payment-voucher/pdf"}
{"ts":"2026-05-03T08:05:07.520Z","level":"STEP","reqId":"MOPHJK18-7ASCLA","route":"PAYMENT_VOUCHER","stage":"PDF:FONTS_READY","detail":"waiting document.fonts.ready","method":"POST","url":"/tpr-payment-voucher/pdf"}
{"ts":"2026-05-03T08:05:07.523Z","level":"STEP","reqId":"MOPHJK18-7ASCLA","route":"PAYMENT_VOUCHER","stage":"PDF:RENDER","detail":"format=A4 media=screen landscape=false","method":"POST","url":"/tpr-payment-voucher/pdf"}
{"ts":"2026-05-03T08:05:07.677Z","level":"STEP","reqId":"MOPHJK18-7ASCLA","route":"PAYMENT_VOUCHER","stage":"PDF:BUFFER_READY","detail":"pdf size 120 KB","method":"POST","url":"/tpr-payment-voucher/pdf"}
{"ts":"2026-05-03T08:05:07.677Z","level":"STEP","reqId":"MOPHJK18-7ASCLA","route":"PAYMENT_VOUCHER","stage":"PDF:PAGE_CLOSE","detail":"close page","method":"POST","url":"/tpr-payment-voucher/pdf"}
{"ts":"2026-05-03T08:05:07.691Z","level":"STEP","reqId":"MOPHJK18-7ASCLA","route":"PAYMENT_VOUCHER","stage":"RESPOND_PDF","detail":"filename=tpr_payment_voucher.pdf","method":"POST","url":"/tpr-payment-voucher/pdf"}
{"ts":"2026-05-03T08:05:07.691Z","level":"PDF_RESPONSE","reqId":"MOPHJK18-7ASCLA","route":"PAYMENT_VOUCHER","method":"POST","url":"/tpr-payment-voucher/pdf","filename":"tpr_payment_voucher.pdf","pdfBytes":122727}
{"ts":"2026-05-03T08:05:07.692Z","level":"REQUEST_DONE","reqId":"MOPHJK18-7ASCLA","route":"PAYMENT_VOUCHER","method":"POST","url":"/tpr-payment-voucher/pdf","status":200,"durationMs":1216,"responseSize":"120 KB"}
{"ts":"2026-05-03T08:06:23.928Z","level":"WARN","title":"SHUTDOWN","message":"received SIGINT, closing server resources...","signal":"SIGINT"}
{"ts":"2026-05-03T08:06:23.930Z","level":"INFO","title":"PUPPETEER","message":"closing browser..."}
{"ts":"2026-05-03T08:06:29.709Z","level":"INFO","title":"TEMPLATE","message":"compile templates\\tpr_quotation.hbs","templatePath":"C:\\Projcet TPR\\report-server\\templates\\tpr_quotation.hbs"}
{"ts":"2026-05-03T08:06:29.710Z","level":"INFO","title":"TEMPLATE","message":"compile templates\\tpr_credit_note.hbs","templatePath":"C:\\Projcet TPR\\report-server\\templates\\tpr_credit_note.hbs"}
{"ts":"2026-05-03T08:06:29.711Z","level":"INFO","title":"TEMPLATE","message":"compile templates\\tpr_invoice.hbs","templatePath":"C:\\Projcet TPR\\report-server\\templates\\tpr_invoice.hbs"}
{"ts":"2026-05-03T08:06:29.713Z","level":"INFO","title":"TEMPLATE","message":"compile templates\\tpr_purchase_order.hbs","templatePath":"C:\\Projcet TPR\\report-server\\templates\\tpr_purchase_order.hbs"}
{"ts":"2026-05-03T08:06:29.713Z","level":"INFO","title":"TEMPLATE","message":"compile templates\\tpr_receipt.hbs","templatePath":"C:\\Projcet TPR\\report-server\\templates\\tpr_receipt.hbs"}
{"ts":"2026-05-03T08:06:29.715Z","level":"INFO","title":"TEMPLATE","message":"compile templates\\tpr_tax_receipt.hbs","templatePath":"C:\\Projcet TPR\\report-server\\templates\\tpr_tax_receipt.hbs"}
{"ts":"2026-05-03T08:06:29.717Z","level":"INFO","title":"TEMPLATE","message":"compile templates\\tpr_withholding_tax_certificate.hbs","templatePath":"C:\\Projcet TPR\\report-server\\templates\\tpr_withholding_tax_certificate.hbs"}
{"ts":"2026-05-03T08:06:29.718Z","level":"INFO","title":"TEMPLATE","message":"compile templates\\tpr_payment_voucher.hbs","templatePath":"C:\\Projcet TPR\\report-server\\templates\\tpr_payment_voucher.hbs"}
{"ts":"2026-05-03T08:06:29.719Z","level":"INFO","title":"TEMPLATE","message":"compile templates\\tpr_receipt_voucher.hbs","templatePath":"C:\\Projcet TPR\\report-server\\templates\\tpr_receipt_voucher.hbs"}
{"ts":"2026-05-03T08:06:29.720Z","level":"INFO","title":"TEMPLATE","message":"compile templates\\tpr_petty_cash_voucher.hbs","templatePath":"C:\\Projcet TPR\\report-server\\templates\\tpr_petty_cash_voucher.hbs"}
{"ts":"2026-05-03T08:06:29.720Z","level":"INFO","title":"TEMPLATE","message":"compile templates\\tpr_petty_cash_request.hbs","templatePath":"C:\\Projcet TPR\\report-server\\templates\\tpr_petty_cash_request.hbs"}
{"ts":"2026-05-03T08:06:29.721Z","level":"INFO","title":"TEMPLATE","message":"compile templates\\tpr_petty_cash_payment_report.hbs","templatePath":"C:\\Projcet TPR\\report-server\\templates\\tpr_petty_cash_payment_report.hbs"}
{"ts":"2026-05-03T08:06:29.721Z","level":"INFO","title":"TEMPLATE","message":"compile templates\\tpr_receipt_certification.hbs","templatePath":"C:\\Projcet TPR\\report-server\\templates\\tpr_receipt_certification.hbs"}
{"ts":"2026-05-03T08:06:29.722Z","level":"WARN","title":"CSS","message":"inline missing: C:\\Projcet TPR\\report-server\\public\\css\\quotation.css (ไม่จำเป็นถ้า CSS อยู่ใน hbs แล้ว)","cssPath":"C:\\Projcet TPR\\report-server\\public\\css\\quotation.css"}
{"ts":"2026-05-03T08:06:29.746Z","level":"OK","title":"READY","message":"PDF server is running","port":4100,"logFile":"C:\\Projcet TPR\\report-server\\logs\\server-2026-05-03.log"}
{"ts":"2026-05-03T08:06:29.747Z","level":"BOOT","message":"PDF server is running","port":4100,"logFile":"C:\\Projcet TPR\\report-server\\logs\\server-2026-05-03.log"}
{"ts":"2026-05-03T08:09:06.697Z","level":"STEP","reqId":"MOPHOPE0-NN2QYK","route":"PAYMENT_VOUCHER","stage":"START","detail":"OPTIONS /tpr-payment-voucher/pdf","method":"OPTIONS","url":"/tpr-payment-voucher/pdf"}
{"ts":"2026-05-03T08:09:06.697Z","level":"REQUEST_START","reqId":"MOPHOPE0-NN2QYK","route":"PAYMENT_VOUCHER","method":"OPTIONS","url":"/tpr-payment-voucher/pdf","ip":"::1","origin":"http://localhost:5174","ua":"Mozilla/5.0 (Windows NT 10.0; Win64; x64) AppleWebKit/537.36 (KHTML, like Gecko) Chrome/147.0.0.0 Safari/537.36","payloadBytes":2}
{"ts":"2026-05-03T08:09:06.702Z","level":"REQUEST_DONE","reqId":"MOPHOPE0-NN2QYK","route":"PAYMENT_VOUCHER","method":"OPTIONS","url":"/tpr-payment-voucher/pdf","status":204,"durationMs":5,"responseSize":"0 B"}
{"ts":"2026-05-03T08:09:06.703Z","level":"STEP","reqId":"MOPHOPE7-MGLS81","route":"PAYMENT_VOUCHER","stage":"START","detail":"POST /tpr-payment-voucher/pdf","method":"POST","url":"/tpr-payment-voucher/pdf"}
{"ts":"2026-05-03T08:09:06.705Z","level":"REQUEST_START","reqId":"MOPHOPE7-MGLS81","route":"PAYMENT_VOUCHER","method":"POST","url":"/tpr-payment-voucher/pdf","ip":"::1","origin":"http://localhost:5174","ua":"Mozilla/5.0 (Windows NT 10.0; Win64; x64) AppleWebKit/537.36 (KHTML, like Gecko) Chrome/147.0.0.0 Safari/537.36","payloadBytes":2}
{"ts":"2026-05-03T08:09:06.732Z","level":"STEP","reqId":"MOPHOPE7-MGLS81","route":"PAYMENT_VOUCHER","stage":"ROUTE","detail":"pdf mode","method":"POST","url":"/tpr-payment-voucher/pdf"}
{"ts":"2026-05-03T08:09:06.733Z","level":"STEP","reqId":"MOPHOPE7-MGLS81","route":"PAYMENT_VOUCHER","stage":"NORMALIZE","detail":"payload 1.01 KB","method":"POST","url":"/tpr-payment-voucher/pdf"}
{"ts":"2026-05-03T08:09:06.734Z","level":"STEP","reqId":"MOPHOPE7-MGLS81","route":"PAYMENT_VOUCHER","stage":"TEMPLATE","detail":"render html before pdf","method":"POST","url":"/tpr-payment-voucher/pdf"}
{"ts":"2026-05-03T08:09:06.765Z","level":"INFO","title":"PUPPETEER","message":"launch browser..."}
{"ts":"2026-05-03T08:09:07.261Z","level":"OK","title":"PUPPETEER","message":"browser launched"}
{"ts":"2026-05-03T08:09:07.304Z","level":"STEP","reqId":"MOPHOPE7-MGLS81","route":"PAYMENT_VOUCHER","stage":"PDF:PAGE_OPEN","detail":"create new page","method":"POST","url":"/tpr-payment-voucher/pdf"}
{"ts":"2026-05-03T08:09:07.308Z","level":"STEP","reqId":"MOPHOPE7-MGLS81","route":"PAYMENT_VOUCHER","stage":"PDF:SET_CONTENT","detail":"html size 9.75 KB","method":"POST","url":"/tpr-payment-voucher/pdf"}
{"ts":"2026-05-03T08:09:08.113Z","level":"STEP","reqId":"MOPHOPE7-MGLS81","route":"PAYMENT_VOUCHER","stage":"PDF:FONTS_READY","detail":"waiting document.fonts.ready","method":"POST","url":"/tpr-payment-voucher/pdf"}
{"ts":"2026-05-03T08:09:08.116Z","level":"STEP","reqId":"MOPHOPE7-MGLS81","route":"PAYMENT_VOUCHER","stage":"PDF:RENDER","detail":"format=A4 media=screen landscape=false","method":"POST","url":"/tpr-payment-voucher/pdf"}
{"ts":"2026-05-03T08:09:08.270Z","level":"STEP","reqId":"MOPHOPE7-MGLS81","route":"PAYMENT_VOUCHER","stage":"PDF:BUFFER_READY","detail":"pdf size 119 KB","method":"POST","url":"/tpr-payment-voucher/pdf"}
{"ts":"2026-05-03T08:09:08.271Z","level":"STEP","reqId":"MOPHOPE7-MGLS81","route":"PAYMENT_VOUCHER","stage":"PDF:PAGE_CLOSE","detail":"close page","method":"POST","url":"/tpr-payment-voucher/pdf"}
{"ts":"2026-05-03T08:09:08.284Z","level":"STEP","reqId":"MOPHOPE7-MGLS81","route":"PAYMENT_VOUCHER","stage":"RESPOND_PDF","detail":"filename=tpr_payment_voucher.pdf","method":"POST","url":"/tpr-payment-voucher/pdf"}
{"ts":"2026-05-03T08:09:08.284Z","level":"PDF_RESPONSE","reqId":"MOPHOPE7-MGLS81","route":"PAYMENT_VOUCHER","method":"POST","url":"/tpr-payment-voucher/pdf","filename":"tpr_payment_voucher.pdf","pdfBytes":122234}
{"ts":"2026-05-03T08:09:08.288Z","level":"REQUEST_DONE","reqId":"MOPHOPE7-MGLS81","route":"PAYMENT_VOUCHER","method":"POST","url":"/tpr-payment-voucher/pdf","status":200,"durationMs":1584,"responseSize":"119 KB"}
{"ts":"2026-05-03T08:09:58.696Z","level":"STEP","reqId":"MOPHPTIG-YQFPJS","route":"PAYMENT_VOUCHER","stage":"START","detail":"OPTIONS /tpr-payment-voucher/pdf","method":"OPTIONS","url":"/tpr-payment-voucher/pdf"}
{"ts":"2026-05-03T08:09:58.697Z","level":"REQUEST_START","reqId":"MOPHPTIG-YQFPJS","route":"PAYMENT_VOUCHER","method":"OPTIONS","url":"/tpr-payment-voucher/pdf","ip":"::1","origin":"http://localhost:5174","ua":"Mozilla/5.0 (Windows NT 10.0; Win64; x64) AppleWebKit/537.36 (KHTML, like Gecko) Chrome/147.0.0.0 Safari/537.36","payloadBytes":2}
{"ts":"2026-05-03T08:09:58.698Z","level":"REQUEST_DONE","reqId":"MOPHPTIG-YQFPJS","route":"PAYMENT_VOUCHER","method":"OPTIONS","url":"/tpr-payment-voucher/pdf","status":204,"durationMs":2,"responseSize":"0 B"}
{"ts":"2026-05-03T08:09:58.700Z","level":"STEP","reqId":"MOPHPTIJ-TZIOID","route":"PAYMENT_VOUCHER","stage":"START","detail":"POST /tpr-payment-voucher/pdf","method":"POST","url":"/tpr-payment-voucher/pdf"}
{"ts":"2026-05-03T08:09:58.700Z","level":"REQUEST_START","reqId":"MOPHPTIJ-TZIOID","route":"PAYMENT_VOUCHER","method":"POST","url":"/tpr-payment-voucher/pdf","ip":"::1","origin":"http://localhost:5174","ua":"Mozilla/5.0 (Windows NT 10.0; Win64; x64) AppleWebKit/537.36 (KHTML, like Gecko) Chrome/147.0.0.0 Safari/537.36","payloadBytes":2}
{"ts":"2026-05-03T08:09:58.702Z","level":"STEP","reqId":"MOPHPTIJ-TZIOID","route":"PAYMENT_VOUCHER","stage":"ROUTE","detail":"pdf mode","method":"POST","url":"/tpr-payment-voucher/pdf"}
{"ts":"2026-05-03T08:09:58.703Z","level":"STEP","reqId":"MOPHPTIJ-TZIOID","route":"PAYMENT_VOUCHER","stage":"NORMALIZE","detail":"payload 1.02 KB","method":"POST","url":"/tpr-payment-voucher/pdf"}
{"ts":"2026-05-03T08:09:58.704Z","level":"STEP","reqId":"MOPHPTIJ-TZIOID","route":"PAYMENT_VOUCHER","stage":"TEMPLATE","detail":"render html before pdf","method":"POST","url":"/tpr-payment-voucher/pdf"}
{"ts":"2026-05-03T08:09:58.706Z","level":"INFO","title":"PUPPETEER","message":"reuse existing browser instance"}
{"ts":"2026-05-03T08:09:58.784Z","level":"STEP","reqId":"MOPHPTIJ-TZIOID","route":"PAYMENT_VOUCHER","stage":"PDF:PAGE_OPEN","detail":"create new page","method":"POST","url":"/tpr-payment-voucher/pdf"}
{"ts":"2026-05-03T08:09:58.790Z","level":"STEP","reqId":"MOPHPTIJ-TZIOID","route":"PAYMENT_VOUCHER","stage":"PDF:SET_CONTENT","detail":"html size 9.76 KB","method":"POST","url":"/tpr-payment-voucher/pdf"}
{"ts":"2026-05-03T08:09:59.773Z","level":"STEP","reqId":"MOPHPTIJ-TZIOID","route":"PAYMENT_VOUCHER","stage":"PDF:FONTS_READY","detail":"waiting document.fonts.ready","method":"POST","url":"/tpr-payment-voucher/pdf"}
{"ts":"2026-05-03T08:09:59.775Z","level":"STEP","reqId":"MOPHPTIJ-TZIOID","route":"PAYMENT_VOUCHER","stage":"PDF:RENDER","detail":"format=A4 media=screen landscape=false","method":"POST","url":"/tpr-payment-voucher/pdf"}
{"ts":"2026-05-03T08:09:59.921Z","level":"STEP","reqId":"MOPHPTIJ-TZIOID","route":"PAYMENT_VOUCHER","stage":"PDF:BUFFER_READY","detail":"pdf size 120 KB","method":"POST","url":"/tpr-payment-voucher/pdf"}
{"ts":"2026-05-03T08:09:59.922Z","level":"STEP","reqId":"MOPHPTIJ-TZIOID","route":"PAYMENT_VOUCHER","stage":"PDF:PAGE_CLOSE","detail":"close page","method":"POST","url":"/tpr-payment-voucher/pdf"}
{"ts":"2026-05-03T08:09:59.934Z","level":"STEP","reqId":"MOPHPTIJ-TZIOID","route":"PAYMENT_VOUCHER","stage":"RESPOND_PDF","detail":"filename=tpr_payment_voucher.pdf","method":"POST","url":"/tpr-payment-voucher/pdf"}
{"ts":"2026-05-03T08:09:59.935Z","level":"PDF_RESPONSE","reqId":"MOPHPTIJ-TZIOID","route":"PAYMENT_VOUCHER","method":"POST","url":"/tpr-payment-voucher/pdf","filename":"tpr_payment_voucher.pdf","pdfBytes":122962}
{"ts":"2026-05-03T08:09:59.936Z","level":"REQUEST_DONE","reqId":"MOPHPTIJ-TZIOID","route":"PAYMENT_VOUCHER","method":"POST","url":"/tpr-payment-voucher/pdf","status":200,"durationMs":1237,"responseSize":"120 KB"}
{"ts":"2026-05-03T08:10:26.466Z","level":"STEP","reqId":"MOPHQEXT-Y2O7MJ","route":"PAYMENT_VOUCHER","stage":"START","detail":"OPTIONS /tpr-payment-voucher/pdf","method":"OPTIONS","url":"/tpr-payment-voucher/pdf"}
{"ts":"2026-05-03T08:10:26.466Z","level":"REQUEST_START","reqId":"MOPHQEXT-Y2O7MJ","route":"PAYMENT_VOUCHER","method":"OPTIONS","url":"/tpr-payment-voucher/pdf","ip":"::1","origin":"http://localhost:5174","ua":"Mozilla/5.0 (Windows NT 10.0; Win64; x64) AppleWebKit/537.36 (KHTML, like Gecko) Chrome/147.0.0.0 Safari/537.36","payloadBytes":2}
{"ts":"2026-05-03T08:10:26.467Z","level":"REQUEST_DONE","reqId":"MOPHQEXT-Y2O7MJ","route":"PAYMENT_VOUCHER","method":"OPTIONS","url":"/tpr-payment-voucher/pdf","status":204,"durationMs":2,"responseSize":"0 B"}
{"ts":"2026-05-03T08:10:26.469Z","level":"STEP","reqId":"MOPHQEXW-G6AR10","route":"PAYMENT_VOUCHER","stage":"START","detail":"POST /tpr-payment-voucher/pdf","method":"POST","url":"/tpr-payment-voucher/pdf"}
{"ts":"2026-05-03T08:10:26.469Z","level":"REQUEST_START","reqId":"MOPHQEXW-G6AR10","route":"PAYMENT_VOUCHER","method":"POST","url":"/tpr-payment-voucher/pdf","ip":"::1","origin":"http://localhost:5174","ua":"Mozilla/5.0 (Windows NT 10.0; Win64; x64) AppleWebKit/537.36 (KHTML, like Gecko) Chrome/147.0.0.0 Safari/537.36","payloadBytes":2}
{"ts":"2026-05-03T08:10:26.471Z","level":"STEP","reqId":"MOPHQEXW-G6AR10","route":"PAYMENT_VOUCHER","stage":"ROUTE","detail":"pdf mode","method":"POST","url":"/tpr-payment-voucher/pdf"}
{"ts":"2026-05-03T08:10:26.472Z","level":"STEP","reqId":"MOPHQEXW-G6AR10","route":"PAYMENT_VOUCHER","stage":"NORMALIZE","detail":"payload 1.02 KB","method":"POST","url":"/tpr-payment-voucher/pdf"}
{"ts":"2026-05-03T08:10:26.473Z","level":"STEP","reqId":"MOPHQEXW-G6AR10","route":"PAYMENT_VOUCHER","stage":"TEMPLATE","detail":"render html before pdf","method":"POST","url":"/tpr-payment-voucher/pdf"}
{"ts":"2026-05-03T08:10:26.475Z","level":"INFO","title":"PUPPETEER","message":"reuse existing browser instance"}
{"ts":"2026-05-03T08:10:26.533Z","level":"STEP","reqId":"MOPHQEXW-G6AR10","route":"PAYMENT_VOUCHER","stage":"PDF:PAGE_OPEN","detail":"create new page","method":"POST","url":"/tpr-payment-voucher/pdf"}
{"ts":"2026-05-03T08:10:26.544Z","level":"STEP","reqId":"MOPHQEXW-G6AR10","route":"PAYMENT_VOUCHER","stage":"PDF:SET_CONTENT","detail":"html size 9.76 KB","method":"POST","url":"/tpr-payment-voucher/pdf"}
{"ts":"2026-05-03T08:10:27.518Z","level":"STEP","reqId":"MOPHQEXW-G6AR10","route":"PAYMENT_VOUCHER","stage":"PDF:FONTS_READY","detail":"waiting document.fonts.ready","method":"POST","url":"/tpr-payment-voucher/pdf"}
{"ts":"2026-05-03T08:10:27.521Z","level":"STEP","reqId":"MOPHQEXW-G6AR10","route":"PAYMENT_VOUCHER","stage":"PDF:RENDER","detail":"format=A4 media=screen landscape=false","method":"POST","url":"/tpr-payment-voucher/pdf"}
{"ts":"2026-05-03T08:10:27.684Z","level":"STEP","reqId":"MOPHQEXW-G6AR10","route":"PAYMENT_VOUCHER","stage":"PDF:BUFFER_READY","detail":"pdf size 120 KB","method":"POST","url":"/tpr-payment-voucher/pdf"}
{"ts":"2026-05-03T08:10:27.684Z","level":"STEP","reqId":"MOPHQEXW-G6AR10","route":"PAYMENT_VOUCHER","stage":"PDF:PAGE_CLOSE","detail":"close page","method":"POST","url":"/tpr-payment-voucher/pdf"}
{"ts":"2026-05-03T08:10:27.698Z","level":"STEP","reqId":"MOPHQEXW-G6AR10","route":"PAYMENT_VOUCHER","stage":"RESPOND_PDF","detail":"filename=tpr_payment_voucher.pdf","method":"POST","url":"/tpr-payment-voucher/pdf"}
{"ts":"2026-05-03T08:10:27.699Z","level":"PDF_RESPONSE","reqId":"MOPHQEXW-G6AR10","route":"PAYMENT_VOUCHER","method":"POST","url":"/tpr-payment-voucher/pdf","filename":"tpr_payment_voucher.pdf","pdfBytes":122962}
{"ts":"2026-05-03T08:10:27.701Z","level":"REQUEST_DONE","reqId":"MOPHQEXW-G6AR10","route":"PAYMENT_VOUCHER","method":"POST","url":"/tpr-payment-voucher/pdf","status":200,"durationMs":1232,"responseSize":"120 KB"}
{"ts":"2026-05-03T08:11:08.139Z","level":"STEP","reqId":"MOPHRB3E-BAT37F","route":"PAYMENT_VOUCHER","stage":"START","detail":"OPTIONS /tpr-payment-voucher/pdf","method":"OPTIONS","url":"/tpr-payment-voucher/pdf"}
{"ts":"2026-05-03T08:11:08.141Z","level":"REQUEST_START","reqId":"MOPHRB3E-BAT37F","route":"PAYMENT_VOUCHER","method":"OPTIONS","url":"/tpr-payment-voucher/pdf","ip":"::1","origin":"http://localhost:5174","ua":"Mozilla/5.0 (Windows NT 10.0; Win64; x64) AppleWebKit/537.36 (KHTML, like Gecko) Chrome/147.0.0.0 Safari/537.36","payloadBytes":2}
{"ts":"2026-05-03T08:11:08.142Z","level":"REQUEST_DONE","reqId":"MOPHRB3E-BAT37F","route":"PAYMENT_VOUCHER","method":"OPTIONS","url":"/tpr-payment-voucher/pdf","status":204,"durationMs":4,"responseSize":"0 B"}
{"ts":"2026-05-03T08:11:08.144Z","level":"STEP","reqId":"MOPHRB3J-EKR2P5","route":"PAYMENT_VOUCHER","stage":"START","detail":"POST /tpr-payment-voucher/pdf","method":"POST","url":"/tpr-payment-voucher/pdf"}
{"ts":"2026-05-03T08:11:08.146Z","level":"REQUEST_START","reqId":"MOPHRB3J-EKR2P5","route":"PAYMENT_VOUCHER","method":"POST","url":"/tpr-payment-voucher/pdf","ip":"::1","origin":"http://localhost:5174","ua":"Mozilla/5.0 (Windows NT 10.0; Win64; x64) AppleWebKit/537.36 (KHTML, like Gecko) Chrome/147.0.0.0 Safari/537.36","payloadBytes":2}
{"ts":"2026-05-03T08:11:08.149Z","level":"STEP","reqId":"MOPHRB3J-EKR2P5","route":"PAYMENT_VOUCHER","stage":"ROUTE","detail":"pdf mode","method":"POST","url":"/tpr-payment-voucher/pdf"}
{"ts":"2026-05-03T08:11:08.151Z","level":"STEP","reqId":"MOPHRB3J-EKR2P5","route":"PAYMENT_VOUCHER","stage":"NORMALIZE","detail":"payload 1.12 KB","method":"POST","url":"/tpr-payment-voucher/pdf"}
{"ts":"2026-05-03T08:11:08.154Z","level":"STEP","reqId":"MOPHRB3J-EKR2P5","route":"PAYMENT_VOUCHER","stage":"TEMPLATE","detail":"render html before pdf","method":"POST","url":"/tpr-payment-voucher/pdf"}
{"ts":"2026-05-03T08:11:08.156Z","level":"INFO","title":"PUPPETEER","message":"reuse existing browser instance"}
{"ts":"2026-05-03T08:11:08.635Z","level":"STEP","reqId":"MOPHRB3J-EKR2P5","route":"PAYMENT_VOUCHER","stage":"PDF:PAGE_OPEN","detail":"create new page","method":"POST","url":"/tpr-payment-voucher/pdf"}
{"ts":"2026-05-03T08:11:08.640Z","level":"STEP","reqId":"MOPHRB3J-EKR2P5","route":"PAYMENT_VOUCHER","stage":"PDF:SET_CONTENT","detail":"html size 10.1 KB","method":"POST","url":"/tpr-payment-voucher/pdf"}
{"ts":"2026-05-03T08:11:09.633Z","level":"STEP","reqId":"MOPHRB3J-EKR2P5","route":"PAYMENT_VOUCHER","stage":"PDF:FONTS_READY","detail":"waiting document.fonts.ready","method":"POST","url":"/tpr-payment-voucher/pdf"}
{"ts":"2026-05-03T08:11:09.636Z","level":"STEP","reqId":"MOPHRB3J-EKR2P5","route":"PAYMENT_VOUCHER","stage":"PDF:RENDER","detail":"format=A4 media=screen landscape=false","method":"POST","url":"/tpr-payment-voucher/pdf"}
{"ts":"2026-05-03T08:11:09.778Z","level":"STEP","reqId":"MOPHRB3J-EKR2P5","route":"PAYMENT_VOUCHER","stage":"PDF:BUFFER_READY","detail":"pdf size 126 KB","method":"POST","url":"/tpr-payment-voucher/pdf"}
{"ts":"2026-05-03T08:11:09.778Z","level":"STEP","reqId":"MOPHRB3J-EKR2P5","route":"PAYMENT_VOUCHER","stage":"PDF:PAGE_CLOSE","detail":"close page","method":"POST","url":"/tpr-payment-voucher/pdf"}
{"ts":"2026-05-03T08:11:09.788Z","level":"STEP","reqId":"MOPHRB3J-EKR2P5","route":"PAYMENT_VOUCHER","stage":"RESPOND_PDF","detail":"filename=tpr_payment_voucher.pdf","method":"POST","url":"/tpr-payment-voucher/pdf"}
{"ts":"2026-05-03T08:11:09.788Z","level":"PDF_RESPONSE","reqId":"MOPHRB3J-EKR2P5","route":"PAYMENT_VOUCHER","method":"POST","url":"/tpr-payment-voucher/pdf","filename":"tpr_payment_voucher.pdf","pdfBytes":129411}
{"ts":"2026-05-03T08:11:09.792Z","level":"REQUEST_DONE","reqId":"MOPHRB3J-EKR2P5","route":"PAYMENT_VOUCHER","method":"POST","url":"/tpr-payment-voucher/pdf","status":200,"durationMs":1648,"responseSize":"126 KB"}
{"ts":"2026-05-03T08:15:42.781Z","level":"STEP","reqId":"MOPHX708-0P4EYN","route":"PAYMENT_VOUCHER","stage":"START","detail":"OPTIONS /tpr-payment-voucher/pdf","method":"OPTIONS","url":"/tpr-payment-voucher/pdf"}
{"ts":"2026-05-03T08:15:42.782Z","level":"REQUEST_START","reqId":"MOPHX708-0P4EYN","route":"PAYMENT_VOUCHER","method":"OPTIONS","url":"/tpr-payment-voucher/pdf","ip":"::1","origin":"http://localhost:5174","ua":"Mozilla/5.0 (Windows NT 10.0; Win64; x64) AppleWebKit/537.36 (KHTML, like Gecko) Chrome/147.0.0.0 Safari/537.36","payloadBytes":2}
{"ts":"2026-05-03T08:15:42.784Z","level":"REQUEST_DONE","reqId":"MOPHX708-0P4EYN","route":"PAYMENT_VOUCHER","method":"OPTIONS","url":"/tpr-payment-voucher/pdf","status":204,"durationMs":8,"responseSize":"0 B"}
{"ts":"2026-05-03T08:15:42.785Z","level":"STEP","reqId":"MOPHX70H-5QPX0Z","route":"PAYMENT_VOUCHER","stage":"START","detail":"POST /tpr-payment-voucher/pdf","method":"POST","url":"/tpr-payment-voucher/pdf"}
{"ts":"2026-05-03T08:15:42.786Z","level":"REQUEST_START","reqId":"MOPHX70H-5QPX0Z","route":"PAYMENT_VOUCHER","method":"POST","url":"/tpr-payment-voucher/pdf","ip":"::1","origin":"http://localhost:5174","ua":"Mozilla/5.0 (Windows NT 10.0; Win64; x64) AppleWebKit/537.36 (KHTML, like Gecko) Chrome/147.0.0.0 Safari/537.36","payloadBytes":2}
{"ts":"2026-05-03T08:15:42.788Z","level":"STEP","reqId":"MOPHX70H-5QPX0Z","route":"PAYMENT_VOUCHER","stage":"ROUTE","detail":"pdf mode","method":"POST","url":"/tpr-payment-voucher/pdf"}
{"ts":"2026-05-03T08:15:42.789Z","level":"STEP","reqId":"MOPHX70H-5QPX0Z","route":"PAYMENT_VOUCHER","stage":"NORMALIZE","detail":"payload 1.12 KB","method":"POST","url":"/tpr-payment-voucher/pdf"}
{"ts":"2026-05-03T08:15:42.789Z","level":"STEP","reqId":"MOPHX70H-5QPX0Z","route":"PAYMENT_VOUCHER","stage":"TEMPLATE","detail":"render html before pdf","method":"POST","url":"/tpr-payment-voucher/pdf"}
{"ts":"2026-05-03T08:15:42.791Z","level":"INFO","title":"PUPPETEER","message":"reuse existing browser instance"}
{"ts":"2026-05-03T08:15:42.844Z","level":"STEP","reqId":"MOPHX70H-5QPX0Z","route":"PAYMENT_VOUCHER","stage":"PDF:PAGE_OPEN","detail":"create new page","method":"POST","url":"/tpr-payment-voucher/pdf"}
{"ts":"2026-05-03T08:15:42.848Z","level":"STEP","reqId":"MOPHX70H-5QPX0Z","route":"PAYMENT_VOUCHER","stage":"PDF:SET_CONTENT","detail":"html size 10.1 KB","method":"POST","url":"/tpr-payment-voucher/pdf"}
{"ts":"2026-05-03T08:15:43.832Z","level":"STEP","reqId":"MOPHX70H-5QPX0Z","route":"PAYMENT_VOUCHER","stage":"PDF:FONTS_READY","detail":"waiting document.fonts.ready","method":"POST","url":"/tpr-payment-voucher/pdf"}
{"ts":"2026-05-03T08:15:43.834Z","level":"STEP","reqId":"MOPHX70H-5QPX0Z","route":"PAYMENT_VOUCHER","stage":"PDF:RENDER","detail":"format=A4 media=screen landscape=false","method":"POST","url":"/tpr-payment-voucher/pdf"}
{"ts":"2026-05-03T08:15:43.995Z","level":"STEP","reqId":"MOPHX70H-5QPX0Z","route":"PAYMENT_VOUCHER","stage":"PDF:BUFFER_READY","detail":"pdf size 126 KB","method":"POST","url":"/tpr-payment-voucher/pdf"}
{"ts":"2026-05-03T08:15:43.996Z","level":"STEP","reqId":"MOPHX70H-5QPX0Z","route":"PAYMENT_VOUCHER","stage":"PDF:PAGE_CLOSE","detail":"close page","method":"POST","url":"/tpr-payment-voucher/pdf"}
{"ts":"2026-05-03T08:15:44.008Z","level":"STEP","reqId":"MOPHX70H-5QPX0Z","route":"PAYMENT_VOUCHER","stage":"RESPOND_PDF","detail":"filename=tpr_payment_voucher.pdf","method":"POST","url":"/tpr-payment-voucher/pdf"}
{"ts":"2026-05-03T08:15:44.009Z","level":"PDF_RESPONSE","reqId":"MOPHX70H-5QPX0Z","route":"PAYMENT_VOUCHER","method":"POST","url":"/tpr-payment-voucher/pdf","filename":"tpr_payment_voucher.pdf","pdfBytes":129411}
{"ts":"2026-05-03T08:15:44.012Z","level":"REQUEST_DONE","reqId":"MOPHX70H-5QPX0Z","route":"PAYMENT_VOUCHER","method":"POST","url":"/tpr-payment-voucher/pdf","status":200,"durationMs":1227,"responseSize":"126 KB"}
{"ts":"2026-05-03T08:35:22.340Z","level":"WARN","title":"SHUTDOWN","message":"received SIGINT, closing server resources...","signal":"SIGINT"}
{"ts":"2026-05-03T08:35:22.341Z","level":"INFO","title":"PUPPETEER","message":"closing browser..."}
{"ts":"2026-05-03T08:35:26.929Z","level":"INFO","title":"TEMPLATE","message":"compile templates\\tpr_quotation.hbs","templatePath":"C:\\Projcet TPR\\report-server\\templates\\tpr_quotation.hbs"}
{"ts":"2026-05-03T08:35:26.931Z","level":"INFO","title":"TEMPLATE","message":"compile templates\\tpr_credit_note.hbs","templatePath":"C:\\Projcet TPR\\report-server\\templates\\tpr_credit_note.hbs"}
{"ts":"2026-05-03T08:35:26.933Z","level":"INFO","title":"TEMPLATE","message":"compile templates\\tpr_invoice.hbs","templatePath":"C:\\Projcet TPR\\report-server\\templates\\tpr_invoice.hbs"}
{"ts":"2026-05-03T08:35:26.934Z","level":"INFO","title":"TEMPLATE","message":"compile templates\\tpr_purchase_order.hbs","templatePath":"C:\\Projcet TPR\\report-server\\templates\\tpr_purchase_order.hbs"}
{"ts":"2026-05-03T08:35:26.935Z","level":"INFO","title":"TEMPLATE","message":"compile templates\\tpr_receipt.hbs","templatePath":"C:\\Projcet TPR\\report-server\\templates\\tpr_receipt.hbs"}
{"ts":"2026-05-03T08:35:26.936Z","level":"INFO","title":"TEMPLATE","message":"compile templates\\tpr_tax_receipt.hbs","templatePath":"C:\\Projcet TPR\\report-server\\templates\\tpr_tax_receipt.hbs"}
{"ts":"2026-05-03T08:35:26.937Z","level":"INFO","title":"TEMPLATE","message":"compile templates\\tpr_withholding_tax_certificate.hbs","templatePath":"C:\\Projcet TPR\\report-server\\templates\\tpr_withholding_tax_certificate.hbs"}
{"ts":"2026-05-03T08:35:26.938Z","level":"INFO","title":"TEMPLATE","message":"compile templates\\tpr_payment_voucher.hbs","templatePath":"C:\\Projcet TPR\\report-server\\templates\\tpr_payment_voucher.hbs"}
{"ts":"2026-05-03T08:35:26.939Z","level":"INFO","title":"TEMPLATE","message":"compile templates\\tpr_receipt_voucher.hbs","templatePath":"C:\\Projcet TPR\\report-server\\templates\\tpr_receipt_voucher.hbs"}
{"ts":"2026-05-03T08:35:26.940Z","level":"INFO","title":"TEMPLATE","message":"compile templates\\tpr_petty_cash_voucher.hbs","templatePath":"C:\\Projcet TPR\\report-server\\templates\\tpr_petty_cash_voucher.hbs"}
{"ts":"2026-05-03T08:35:26.941Z","level":"INFO","title":"TEMPLATE","message":"compile templates\\tpr_petty_cash_request.hbs","templatePath":"C:\\Projcet TPR\\report-server\\templates\\tpr_petty_cash_request.hbs"}
{"ts":"2026-05-03T08:35:26.942Z","level":"INFO","title":"TEMPLATE","message":"compile templates\\tpr_petty_cash_payment_report.hbs","templatePath":"C:\\Projcet TPR\\report-server\\templates\\tpr_petty_cash_payment_report.hbs"}
{"ts":"2026-05-03T08:35:26.942Z","level":"INFO","title":"TEMPLATE","message":"compile templates\\tpr_receipt_certification.hbs","templatePath":"C:\\Projcet TPR\\report-server\\templates\\tpr_receipt_certification.hbs"}
{"ts":"2026-05-03T08:35:26.943Z","level":"WARN","title":"CSS","message":"inline missing: C:\\Projcet TPR\\report-server\\public\\css\\quotation.css (ไม่จำเป็นถ้า CSS อยู่ใน hbs แล้ว)","cssPath":"C:\\Projcet TPR\\report-server\\public\\css\\quotation.css"}
{"ts":"2026-05-03T08:35:26.965Z","level":"OK","title":"READY","message":"PDF server is running","port":4100,"logFile":"C:\\Projcet TPR\\report-server\\logs\\server-2026-05-03.log"}
{"ts":"2026-05-03T08:35:26.966Z","level":"BOOT","message":"PDF server is running","port":4100,"logFile":"C:\\Projcet TPR\\report-server\\logs\\server-2026-05-03.log"}
{"ts":"2026-05-03T08:39:00.649Z","level":"STEP","reqId":"MOPIR5M0-GFY3WV","route":"RECEIPT","stage":"START","detail":"OPTIONS /tpr-receipt-voucher/pdf","method":"OPTIONS","url":"/tpr-receipt-voucher/pdf"}
{"ts":"2026-05-03T08:39:00.650Z","level":"REQUEST_START","reqId":"MOPIR5M0-GFY3WV","route":"RECEIPT","method":"OPTIONS","url":"/tpr-receipt-voucher/pdf","ip":"::1","origin":"http://localhost:5174","ua":"Mozilla/5.0 (Windows NT 10.0; Win64; x64) AppleWebKit/537.36 (KHTML, like Gecko) Chrome/147.0.0.0 Safari/537.36","payloadBytes":2}
{"ts":"2026-05-03T08:39:00.654Z","level":"REQUEST_DONE","reqId":"MOPIR5M0-GFY3WV","route":"RECEIPT","method":"OPTIONS","url":"/tpr-receipt-voucher/pdf","status":204,"durationMs":5,"responseSize":"0 B"}
{"ts":"2026-05-03T08:39:00.656Z","level":"STEP","reqId":"MOPIR5M7-F53AI0","route":"RECEIPT","stage":"START","detail":"POST /tpr-receipt-voucher/pdf","method":"POST","url":"/tpr-receipt-voucher/pdf"}
{"ts":"2026-05-03T08:39:00.657Z","level":"REQUEST_START","reqId":"MOPIR5M7-F53AI0","route":"RECEIPT","method":"POST","url":"/tpr-receipt-voucher/pdf","ip":"::1","origin":"http://localhost:5174","ua":"Mozilla/5.0 (Windows NT 10.0; Win64; x64) AppleWebKit/537.36 (KHTML, like Gecko) Chrome/147.0.0.0 Safari/537.36","payloadBytes":2}
{"ts":"2026-05-03T08:39:00.674Z","level":"STEP","reqId":"MOPIR5M7-F53AI0","route":"RECEIPT","stage":"ROUTE","detail":"pdf mode","method":"POST","url":"/tpr-receipt-voucher/pdf"}
{"ts":"2026-05-03T08:39:00.674Z","level":"STEP","reqId":"MOPIR5M7-F53AI0","route":"RECEIPT","stage":"NORMALIZE","detail":"payload 1.06 KB","method":"POST","url":"/tpr-receipt-voucher/pdf"}
{"ts":"2026-05-03T08:39:00.677Z","level":"STEP","reqId":"MOPIR5M7-F53AI0","route":"RECEIPT","stage":"TEMPLATE","detail":"render html before pdf","method":"POST","url":"/tpr-receipt-voucher/pdf"}
{"ts":"2026-05-03T08:39:00.702Z","level":"INFO","title":"PUPPETEER","message":"launch browser..."}
{"ts":"2026-05-03T08:39:01.050Z","level":"OK","title":"PUPPETEER","message":"browser launched"}
{"ts":"2026-05-03T08:39:01.108Z","level":"STEP","reqId":"MOPIR5M7-F53AI0","route":"RECEIPT","stage":"PDF:PAGE_OPEN","detail":"create new page","method":"POST","url":"/tpr-receipt-voucher/pdf"}
{"ts":"2026-05-03T08:39:01.112Z","level":"STEP","reqId":"MOPIR5M7-F53AI0","route":"RECEIPT","stage":"PDF:SET_CONTENT","detail":"html size 9.95 KB","method":"POST","url":"/tpr-receipt-voucher/pdf"}
{"ts":"2026-05-03T08:39:01.667Z","level":"STEP","reqId":"MOPIR5M7-F53AI0","route":"RECEIPT","stage":"PDF:FONTS_READY","detail":"waiting document.fonts.ready","method":"POST","url":"/tpr-receipt-voucher/pdf"}
{"ts":"2026-05-03T08:39:01.671Z","level":"STEP","reqId":"MOPIR5M7-F53AI0","route":"RECEIPT","stage":"PDF:RENDER","detail":"format=A4 media=screen landscape=false","method":"POST","url":"/tpr-receipt-voucher/pdf"}
{"ts":"2026-05-03T08:39:01.818Z","level":"STEP","reqId":"MOPIR5M7-F53AI0","route":"RECEIPT","stage":"PDF:BUFFER_READY","detail":"pdf size 120 KB","method":"POST","url":"/tpr-receipt-voucher/pdf"}
{"ts":"2026-05-03T08:39:01.819Z","level":"STEP","reqId":"MOPIR5M7-F53AI0","route":"RECEIPT","stage":"PDF:PAGE_CLOSE","detail":"close page","method":"POST","url":"/tpr-receipt-voucher/pdf"}
{"ts":"2026-05-03T08:39:01.831Z","level":"STEP","reqId":"MOPIR5M7-F53AI0","route":"RECEIPT","stage":"RESPOND_PDF","detail":"filename=tpr_receipt_voucher.pdf","method":"POST","url":"/tpr-receipt-voucher/pdf"}
{"ts":"2026-05-03T08:39:01.832Z","level":"PDF_RESPONSE","reqId":"MOPIR5M7-F53AI0","route":"RECEIPT","method":"POST","url":"/tpr-receipt-voucher/pdf","filename":"tpr_receipt_voucher.pdf","pdfBytes":122654}
{"ts":"2026-05-03T08:39:01.837Z","level":"REQUEST_DONE","reqId":"MOPIR5M7-F53AI0","route":"RECEIPT","method":"POST","url":"/tpr-receipt-voucher/pdf","status":200,"durationMs":1181,"responseSize":"120 KB"}
{"ts":"2026-05-03T08:39:35.540Z","level":"STEP","reqId":"MOPIRWJ7-RV4WHD","route":"RECEIPT","stage":"START","detail":"OPTIONS /tpr-receipt-voucher/pdf","method":"OPTIONS","url":"/tpr-receipt-voucher/pdf"}
{"ts":"2026-05-03T08:39:35.540Z","level":"REQUEST_START","reqId":"MOPIRWJ7-RV4WHD","route":"RECEIPT","method":"OPTIONS","url":"/tpr-receipt-voucher/pdf","ip":"::1","origin":"http://localhost:5174","ua":"Mozilla/5.0 (Windows NT 10.0; Win64; x64) AppleWebKit/537.36 (KHTML, like Gecko) Chrome/147.0.0.0 Safari/537.36","payloadBytes":2}
{"ts":"2026-05-03T08:39:35.542Z","level":"REQUEST_DONE","reqId":"MOPIRWJ7-RV4WHD","route":"RECEIPT","method":"OPTIONS","url":"/tpr-receipt-voucher/pdf","status":204,"durationMs":2,"responseSize":"0 B"}
{"ts":"2026-05-03T08:39:35.543Z","level":"STEP","reqId":"MOPIRWJB-OOT06Z","route":"RECEIPT","stage":"START","detail":"POST /tpr-receipt-voucher/pdf","method":"POST","url":"/tpr-receipt-voucher/pdf"}
{"ts":"2026-05-03T08:39:35.543Z","level":"REQUEST_START","reqId":"MOPIRWJB-OOT06Z","route":"RECEIPT","method":"POST","url":"/tpr-receipt-voucher/pdf","ip":"::1","origin":"http://localhost:5174","ua":"Mozilla/5.0 (Windows NT 10.0; Win64; x64) AppleWebKit/537.36 (KHTML, like Gecko) Chrome/147.0.0.0 Safari/537.36","payloadBytes":2}
{"ts":"2026-05-03T08:39:35.546Z","level":"STEP","reqId":"MOPIRWJB-OOT06Z","route":"RECEIPT","stage":"ROUTE","detail":"pdf mode","method":"POST","url":"/tpr-receipt-voucher/pdf"}
{"ts":"2026-05-03T08:39:35.547Z","level":"STEP","reqId":"MOPIRWJB-OOT06Z","route":"RECEIPT","stage":"NORMALIZE","detail":"payload 1.06 KB","method":"POST","url":"/tpr-receipt-voucher/pdf"}
{"ts":"2026-05-03T08:39:35.548Z","level":"STEP","reqId":"MOPIRWJB-OOT06Z","route":"RECEIPT","stage":"TEMPLATE","detail":"render html before pdf","method":"POST","url":"/tpr-receipt-voucher/pdf"}
{"ts":"2026-05-03T08:39:35.549Z","level":"INFO","title":"PUPPETEER","message":"reuse existing browser instance"}
{"ts":"2026-05-03T08:39:35.614Z","level":"STEP","reqId":"MOPIRWJB-OOT06Z","route":"RECEIPT","stage":"PDF:PAGE_OPEN","detail":"create new page","method":"POST","url":"/tpr-receipt-voucher/pdf"}
{"ts":"2026-05-03T08:39:35.618Z","level":"STEP","reqId":"MOPIRWJB-OOT06Z","route":"RECEIPT","stage":"PDF:SET_CONTENT","detail":"html size 9.95 KB","method":"POST","url":"/tpr-receipt-voucher/pdf"}
{"ts":"2026-05-03T08:39:36.613Z","level":"STEP","reqId":"MOPIRWJB-OOT06Z","route":"RECEIPT","stage":"PDF:FONTS_READY","detail":"waiting document.fonts.ready","method":"POST","url":"/tpr-receipt-voucher/pdf"}
{"ts":"2026-05-03T08:39:36.615Z","level":"STEP","reqId":"MOPIRWJB-OOT06Z","route":"RECEIPT","stage":"PDF:RENDER","detail":"format=A4 media=screen landscape=false","method":"POST","url":"/tpr-receipt-voucher/pdf"}
{"ts":"2026-05-03T08:39:36.755Z","level":"STEP","reqId":"MOPIRWJB-OOT06Z","route":"RECEIPT","stage":"PDF:BUFFER_READY","detail":"pdf size 120 KB","method":"POST","url":"/tpr-receipt-voucher/pdf"}
{"ts":"2026-05-03T08:39:36.755Z","level":"STEP","reqId":"MOPIRWJB-OOT06Z","route":"RECEIPT","stage":"PDF:PAGE_CLOSE","detail":"close page","method":"POST","url":"/tpr-receipt-voucher/pdf"}
{"ts":"2026-05-03T08:39:36.765Z","level":"STEP","reqId":"MOPIRWJB-OOT06Z","route":"RECEIPT","stage":"RESPOND_PDF","detail":"filename=tpr_receipt_voucher.pdf","method":"POST","url":"/tpr-receipt-voucher/pdf"}
{"ts":"2026-05-03T08:39:36.766Z","level":"PDF_RESPONSE","reqId":"MOPIRWJB-OOT06Z","route":"RECEIPT","method":"POST","url":"/tpr-receipt-voucher/pdf","filename":"tpr_receipt_voucher.pdf","pdfBytes":122654}
{"ts":"2026-05-03T08:39:36.767Z","level":"REQUEST_DONE","reqId":"MOPIRWJB-OOT06Z","route":"RECEIPT","method":"POST","url":"/tpr-receipt-voucher/pdf","status":200,"durationMs":1224,"responseSize":"120 KB"}
{"ts":"2026-05-03T08:52:02.323Z","level":"STEP","reqId":"MOPJ7WR7-526MK7","route":"PAYMENT_VOUCHER","stage":"START","detail":"OPTIONS /tpr-payment-voucher/pdf","method":"OPTIONS","url":"/tpr-payment-voucher/pdf"}
{"ts":"2026-05-03T08:52:02.324Z","level":"REQUEST_START","reqId":"MOPJ7WR7-526MK7","route":"PAYMENT_VOUCHER","method":"OPTIONS","url":"/tpr-payment-voucher/pdf","ip":"::1","origin":"http://localhost:5174","ua":"Mozilla/5.0 (Windows NT 10.0; Win64; x64) AppleWebKit/537.36 (KHTML, like Gecko) Chrome/147.0.0.0 Safari/537.36","payloadBytes":2}
{"ts":"2026-05-03T08:52:02.326Z","level":"REQUEST_DONE","reqId":"MOPJ7WR7-526MK7","route":"PAYMENT_VOUCHER","method":"OPTIONS","url":"/tpr-payment-voucher/pdf","status":204,"durationMs":2,"responseSize":"0 B"}
{"ts":"2026-05-03T08:52:02.327Z","level":"STEP","reqId":"MOPJ7WRB-FTRZGG","route":"PAYMENT_VOUCHER","stage":"START","detail":"POST /tpr-payment-voucher/pdf","method":"POST","url":"/tpr-payment-voucher/pdf"}
{"ts":"2026-05-03T08:52:02.327Z","level":"REQUEST_START","reqId":"MOPJ7WRB-FTRZGG","route":"PAYMENT_VOUCHER","method":"POST","url":"/tpr-payment-voucher/pdf","ip":"::1","origin":"http://localhost:5174","ua":"Mozilla/5.0 (Windows NT 10.0; Win64; x64) AppleWebKit/537.36 (KHTML, like Gecko) Chrome/147.0.0.0 Safari/537.36","payloadBytes":2}
{"ts":"2026-05-03T08:52:02.328Z","level":"STEP","reqId":"MOPJ7WRB-FTRZGG","route":"PAYMENT_VOUCHER","stage":"ROUTE","detail":"pdf mode","method":"POST","url":"/tpr-payment-voucher/pdf"}
{"ts":"2026-05-03T08:52:02.329Z","level":"STEP","reqId":"MOPJ7WRB-FTRZGG","route":"PAYMENT_VOUCHER","stage":"NORMALIZE","detail":"payload 1.07 KB","method":"POST","url":"/tpr-payment-voucher/pdf"}
{"ts":"2026-05-03T08:52:02.329Z","level":"STEP","reqId":"MOPJ7WRB-FTRZGG","route":"PAYMENT_VOUCHER","stage":"TEMPLATE","detail":"render html before pdf","method":"POST","url":"/tpr-payment-voucher/pdf"}
{"ts":"2026-05-03T08:52:02.343Z","level":"INFO","title":"PUPPETEER","message":"reuse existing browser instance"}
{"ts":"2026-05-03T08:52:02.385Z","level":"STEP","reqId":"MOPJ7WRB-FTRZGG","route":"PAYMENT_VOUCHER","stage":"PDF:PAGE_OPEN","detail":"create new page","method":"POST","url":"/tpr-payment-voucher/pdf"}
{"ts":"2026-05-03T08:52:02.389Z","level":"STEP","reqId":"MOPJ7WRB-FTRZGG","route":"PAYMENT_VOUCHER","stage":"PDF:SET_CONTENT","detail":"html size 9.80 KB","method":"POST","url":"/tpr-payment-voucher/pdf"}
{"ts":"2026-05-03T08:52:03.380Z","level":"STEP","reqId":"MOPJ7WRB-FTRZGG","route":"PAYMENT_VOUCHER","stage":"PDF:FONTS_READY","detail":"waiting document.fonts.ready","method":"POST","url":"/tpr-payment-voucher/pdf"}
{"ts":"2026-05-03T08:52:03.382Z","level":"STEP","reqId":"MOPJ7WRB-FTRZGG","route":"PAYMENT_VOUCHER","stage":"PDF:RENDER","detail":"format=A4 media=screen landscape=false","method":"POST","url":"/tpr-payment-voucher/pdf"}
{"ts":"2026-05-03T08:52:03.524Z","level":"STEP","reqId":"MOPJ7WRB-FTRZGG","route":"PAYMENT_VOUCHER","stage":"PDF:BUFFER_READY","detail":"pdf size 121 KB","method":"POST","url":"/tpr-payment-voucher/pdf"}
{"ts":"2026-05-03T08:52:03.525Z","level":"STEP","reqId":"MOPJ7WRB-FTRZGG","route":"PAYMENT_VOUCHER","stage":"PDF:PAGE_CLOSE","detail":"close page","method":"POST","url":"/tpr-payment-voucher/pdf"}
{"ts":"2026-05-03T08:52:03.537Z","level":"STEP","reqId":"MOPJ7WRB-FTRZGG","route":"PAYMENT_VOUCHER","stage":"RESPOND_PDF","detail":"filename=tpr_payment_voucher.pdf","method":"POST","url":"/tpr-payment-voucher/pdf"}
{"ts":"2026-05-03T08:52:03.537Z","level":"PDF_RESPONSE","reqId":"MOPJ7WRB-FTRZGG","route":"PAYMENT_VOUCHER","method":"POST","url":"/tpr-payment-voucher/pdf","filename":"tpr_payment_voucher.pdf","pdfBytes":123777}
{"ts":"2026-05-03T08:52:03.539Z","level":"REQUEST_DONE","reqId":"MOPJ7WRB-FTRZGG","route":"PAYMENT_VOUCHER","method":"POST","url":"/tpr-payment-voucher/pdf","status":200,"durationMs":1211,"responseSize":"121 KB"}
{"ts":"2026-05-03T08:54:12.237Z","level":"STEP","reqId":"MOPJAOZX-AK71D0","route":"RECEIPT","stage":"START","detail":"OPTIONS /tpr-receipt-voucher/pdf","method":"OPTIONS","url":"/tpr-receipt-voucher/pdf"}
{"ts":"2026-05-03T08:54:12.238Z","level":"REQUEST_START","reqId":"MOPJAOZX-AK71D0","route":"RECEIPT","method":"OPTIONS","url":"/tpr-receipt-voucher/pdf","ip":"::1","origin":"http://localhost:5174","ua":"Mozilla/5.0 (Windows NT 10.0; Win64; x64) AppleWebKit/537.36 (KHTML, like Gecko) Chrome/147.0.0.0 Safari/537.36","payloadBytes":2}
{"ts":"2026-05-03T08:54:12.238Z","level":"REQUEST_DONE","reqId":"MOPJAOZX-AK71D0","route":"RECEIPT","method":"OPTIONS","url":"/tpr-receipt-voucher/pdf","status":204,"durationMs":1,"responseSize":"0 B"}
{"ts":"2026-05-03T08:54:12.239Z","level":"STEP","reqId":"MOPJAOZZ-R1ZPPI","route":"RECEIPT","stage":"START","detail":"POST /tpr-receipt-voucher/pdf","method":"POST","url":"/tpr-receipt-voucher/pdf"}
{"ts":"2026-05-03T08:54:12.240Z","level":"REQUEST_START","reqId":"MOPJAOZZ-R1ZPPI","route":"RECEIPT","method":"POST","url":"/tpr-receipt-voucher/pdf","ip":"::1","origin":"http://localhost:5174","ua":"Mozilla/5.0 (Windows NT 10.0; Win64; x64) AppleWebKit/537.36 (KHTML, like Gecko) Chrome/147.0.0.0 Safari/537.36","payloadBytes":2}
{"ts":"2026-05-03T08:54:12.241Z","level":"STEP","reqId":"MOPJAOZZ-R1ZPPI","route":"RECEIPT","stage":"ROUTE","detail":"pdf mode","method":"POST","url":"/tpr-receipt-voucher/pdf"}
{"ts":"2026-05-03T08:54:12.241Z","level":"STEP","reqId":"MOPJAOZZ-R1ZPPI","route":"RECEIPT","stage":"NORMALIZE","detail":"payload 1.03 KB","method":"POST","url":"/tpr-receipt-voucher/pdf"}
{"ts":"2026-05-03T08:54:12.242Z","level":"STEP","reqId":"MOPJAOZZ-R1ZPPI","route":"RECEIPT","stage":"TEMPLATE","detail":"render html before pdf","method":"POST","url":"/tpr-receipt-voucher/pdf"}
{"ts":"2026-05-03T08:54:12.243Z","level":"INFO","title":"PUPPETEER","message":"reuse existing browser instance"}
{"ts":"2026-05-03T08:54:12.279Z","level":"STEP","reqId":"MOPJAOZZ-R1ZPPI","route":"RECEIPT","stage":"PDF:PAGE_OPEN","detail":"create new page","method":"POST","url":"/tpr-receipt-voucher/pdf"}
{"ts":"2026-05-03T08:54:12.284Z","level":"STEP","reqId":"MOPJAOZZ-R1ZPPI","route":"RECEIPT","stage":"PDF:SET_CONTENT","detail":"html size 9.80 KB","method":"POST","url":"/tpr-receipt-voucher/pdf"}
{"ts":"2026-05-03T08:54:13.266Z","level":"STEP","reqId":"MOPJAOZZ-R1ZPPI","route":"RECEIPT","stage":"PDF:FONTS_READY","detail":"waiting document.fonts.ready","method":"POST","url":"/tpr-receipt-voucher/pdf"}
{"ts":"2026-05-03T08:54:13.268Z","level":"STEP","reqId":"MOPJAOZZ-R1ZPPI","route":"RECEIPT","stage":"PDF:RENDER","detail":"format=A4 media=screen landscape=false","method":"POST","url":"/tpr-receipt-voucher/pdf"}
{"ts":"2026-05-03T08:54:13.406Z","level":"STEP","reqId":"MOPJAOZZ-R1ZPPI","route":"RECEIPT","stage":"PDF:BUFFER_READY","detail":"pdf size 125 KB","method":"POST","url":"/tpr-receipt-voucher/pdf"}
{"ts":"2026-05-03T08:54:13.407Z","level":"STEP","reqId":"MOPJAOZZ-R1ZPPI","route":"RECEIPT","stage":"PDF:PAGE_CLOSE","detail":"close page","method":"POST","url":"/tpr-receipt-voucher/pdf"}
{"ts":"2026-05-03T08:54:13.417Z","level":"STEP","reqId":"MOPJAOZZ-R1ZPPI","route":"RECEIPT","stage":"RESPOND_PDF","detail":"filename=tpr_receipt_voucher.pdf","method":"POST","url":"/tpr-receipt-voucher/pdf"}
{"ts":"2026-05-03T08:54:13.417Z","level":"PDF_RESPONSE","reqId":"MOPJAOZZ-R1ZPPI","route":"RECEIPT","method":"POST","url":"/tpr-receipt-voucher/pdf","filename":"tpr_receipt_voucher.pdf","pdfBytes":128478}
{"ts":"2026-05-03T08:54:13.419Z","level":"REQUEST_DONE","reqId":"MOPJAOZZ-R1ZPPI","route":"RECEIPT","method":"POST","url":"/tpr-receipt-voucher/pdf","status":200,"durationMs":1180,"responseSize":"125 KB"}
{"ts":"2026-05-03T09:07:06.367Z","level":"WARN","title":"SHUTDOWN","message":"received SIGINT, closing server resources...","signal":"SIGINT"}
{"ts":"2026-05-03T09:07:11.259Z","level":"INFO","title":"TEMPLATE","message":"compile templates\\tpr_quotation.hbs","templatePath":"C:\\Projcet TPR\\report-server\\templates\\tpr_quotation.hbs"}
{"ts":"2026-05-03T09:07:11.261Z","level":"INFO","title":"TEMPLATE","message":"compile templates\\tpr_credit_note.hbs","templatePath":"C:\\Projcet TPR\\report-server\\templates\\tpr_credit_note.hbs"}
{"ts":"2026-05-03T09:07:11.262Z","level":"INFO","title":"TEMPLATE","message":"compile templates\\tpr_invoice.hbs","templatePath":"C:\\Projcet TPR\\report-server\\templates\\tpr_invoice.hbs"}
{"ts":"2026-05-03T09:07:11.263Z","level":"INFO","title":"TEMPLATE","message":"compile templates\\tpr_purchase_order.hbs","templatePath":"C:\\Projcet TPR\\report-server\\templates\\tpr_purchase_order.hbs"}
{"ts":"2026-05-03T09:07:11.264Z","level":"INFO","title":"TEMPLATE","message":"compile templates\\tpr_receipt.hbs","templatePath":"C:\\Projcet TPR\\report-server\\templates\\tpr_receipt.hbs"}
{"ts":"2026-05-03T09:07:11.264Z","level":"INFO","title":"TEMPLATE","message":"compile templates\\tpr_tax_receipt.hbs","templatePath":"C:\\Projcet TPR\\report-server\\templates\\tpr_tax_receipt.hbs"}
{"ts":"2026-05-03T09:07:11.265Z","level":"INFO","title":"TEMPLATE","message":"compile templates\\tpr_withholding_tax_certificate.hbs","templatePath":"C:\\Projcet TPR\\report-server\\templates\\tpr_withholding_tax_certificate.hbs"}
{"ts":"2026-05-03T09:07:11.266Z","level":"INFO","title":"TEMPLATE","message":"compile templates\\tpr_payment_voucher.hbs","templatePath":"C:\\Projcet TPR\\report-server\\templates\\tpr_payment_voucher.hbs"}
{"ts":"2026-05-03T09:07:11.267Z","level":"INFO","title":"TEMPLATE","message":"compile templates\\tpr_receipt_voucher.hbs","templatePath":"C:\\Projcet TPR\\report-server\\templates\\tpr_receipt_voucher.hbs"}
{"ts":"2026-05-03T09:07:11.267Z","level":"INFO","title":"TEMPLATE","message":"compile templates\\tpr_petty_cash_voucher.hbs","templatePath":"C:\\Projcet TPR\\report-server\\templates\\tpr_petty_cash_voucher.hbs"}
{"ts":"2026-05-03T09:07:11.268Z","level":"INFO","title":"TEMPLATE","message":"compile templates\\tpr_petty_cash_request.hbs","templatePath":"C:\\Projcet TPR\\report-server\\templates\\tpr_petty_cash_request.hbs"}
{"ts":"2026-05-03T09:07:11.268Z","level":"INFO","title":"TEMPLATE","message":"compile templates\\tpr_petty_cash_payment_report.hbs","templatePath":"C:\\Projcet TPR\\report-server\\templates\\tpr_petty_cash_payment_report.hbs"}
{"ts":"2026-05-03T09:07:11.269Z","level":"INFO","title":"TEMPLATE","message":"compile templates\\tpr_receipt_certification.hbs","templatePath":"C:\\Projcet TPR\\report-server\\templates\\tpr_receipt_certification.hbs"}
{"ts":"2026-05-03T09:07:11.269Z","level":"WARN","title":"CSS","message":"inline missing: C:\\Projcet TPR\\report-server\\public\\css\\quotation.css (ไม่จำเป็นถ้า CSS อยู่ใน hbs แล้ว)","cssPath":"C:\\Projcet TPR\\report-server\\public\\css\\quotation.css"}
{"ts":"2026-05-03T09:07:11.289Z","level":"OK","title":"READY","message":"PDF server is running","port":4100,"logFile":"C:\\Projcet TPR\\report-server\\logs\\server-2026-05-03.log"}
{"ts":"2026-05-03T09:07:11.289Z","level":"BOOT","message":"PDF server is running","port":4100,"logFile":"C:\\Projcet TPR\\report-server\\logs\\server-2026-05-03.log"}
{"ts":"2026-05-03T09:09:56.150Z","level":"STEP","reqId":"MOPJUXBP-L3AQ57","route":"PETTY_CASH_REQUEST","stage":"START","detail":"OPTIONS /tpr-petty-cash-request/pdf","method":"OPTIONS","url":"/tpr-petty-cash-request/pdf"}
{"ts":"2026-05-03T09:09:56.151Z","level":"REQUEST_START","reqId":"MOPJUXBP-L3AQ57","route":"PETTY_CASH_REQUEST","method":"OPTIONS","url":"/tpr-petty-cash-request/pdf","ip":"::1","origin":"http://localhost:5174","ua":"Mozilla/5.0 (Windows NT 10.0; Win64; x64) AppleWebKit/537.36 (KHTML, like Gecko) Chrome/147.0.0.0 Safari/537.36","payloadBytes":2}
{"ts":"2026-05-03T09:09:56.155Z","level":"REQUEST_DONE","reqId":"MOPJUXBP-L3AQ57","route":"PETTY_CASH_REQUEST","method":"OPTIONS","url":"/tpr-petty-cash-request/pdf","status":204,"durationMs":4,"responseSize":"0 B"}
{"ts":"2026-05-03T09:09:56.156Z","level":"STEP","reqId":"MOPJUXBV-DENU36","route":"PETTY_CASH_REQUEST","stage":"START","detail":"POST /tpr-petty-cash-request/pdf","method":"POST","url":"/tpr-petty-cash-request/pdf"}
{"ts":"2026-05-03T09:09:56.156Z","level":"REQUEST_START","reqId":"MOPJUXBV-DENU36","route":"PETTY_CASH_REQUEST","method":"POST","url":"/tpr-petty-cash-request/pdf","ip":"::1","origin":"http://localhost:5174","ua":"Mozilla/5.0 (Windows NT 10.0; Win64; x64) AppleWebKit/537.36 (KHTML, like Gecko) Chrome/147.0.0.0 Safari/537.36","payloadBytes":2}
{"ts":"2026-05-03T09:09:56.169Z","level":"STEP","reqId":"MOPJUXBV-DENU36","route":"PETTY_CASH_REQUEST","stage":"ROUTE","detail":"pdf mode","method":"POST","url":"/tpr-petty-cash-request/pdf"}
{"ts":"2026-05-03T09:09:56.170Z","level":"STEP","reqId":"MOPJUXBV-DENU36","route":"PETTY_CASH_REQUEST","stage":"NORMALIZE","detail":"payload 873 B","method":"POST","url":"/tpr-petty-cash-request/pdf"}
{"ts":"2026-05-03T09:09:56.172Z","level":"STEP","reqId":"MOPJUXBV-DENU36","route":"PETTY_CASH_REQUEST","stage":"TEMPLATE","detail":"render html before pdf","method":"POST","url":"/tpr-petty-cash-request/pdf"}
{"ts":"2026-05-03T09:09:56.194Z","level":"INFO","title":"PUPPETEER","message":"launch browser..."}
{"ts":"2026-05-03T09:09:56.601Z","level":"OK","title":"PUPPETEER","message":"browser launched"}
{"ts":"2026-05-03T09:09:56.637Z","level":"STEP","reqId":"MOPJUXBV-DENU36","route":"PETTY_CASH_REQUEST","stage":"PDF:PAGE_OPEN","detail":"create new page","method":"POST","url":"/tpr-petty-cash-request/pdf"}
{"ts":"2026-05-03T09:09:56.640Z","level":"STEP","reqId":"MOPJUXBV-DENU36","route":"PETTY_CASH_REQUEST","stage":"PDF:SET_CONTENT","detail":"html size 8.50 KB","method":"POST","url":"/tpr-petty-cash-request/pdf"}
{"ts":"2026-05-03T09:09:58.609Z","level":"STEP","reqId":"MOPJUXBV-DENU36","route":"PETTY_CASH_REQUEST","stage":"PDF:FONTS_READY","detail":"waiting document.fonts.ready","method":"POST","url":"/tpr-petty-cash-request/pdf"}
{"ts":"2026-05-03T09:09:58.611Z","level":"STEP","reqId":"MOPJUXBV-DENU36","route":"PETTY_CASH_REQUEST","stage":"PDF:RENDER","detail":"format=A4 media=print landscape=true","method":"POST","url":"/tpr-petty-cash-request/pdf"}
{"ts":"2026-05-03T09:09:58.751Z","level":"STEP","reqId":"MOPJUXBV-DENU36","route":"PETTY_CASH_REQUEST","stage":"PDF:BUFFER_READY","detail":"pdf size 98.2 KB","method":"POST","url":"/tpr-petty-cash-request/pdf"}
{"ts":"2026-05-03T09:09:58.751Z","level":"STEP","reqId":"MOPJUXBV-DENU36","route":"PETTY_CASH_REQUEST","stage":"PDF:PAGE_CLOSE","detail":"close page","method":"POST","url":"/tpr-petty-cash-request/pdf"}
{"ts":"2026-05-03T09:09:58.761Z","level":"STEP","reqId":"MOPJUXBV-DENU36","route":"PETTY_CASH_REQUEST","stage":"RESPOND_PDF","detail":"filename=tpr_petty_cash_request.pdf","method":"POST","url":"/tpr-petty-cash-request/pdf"}
{"ts":"2026-05-03T09:09:58.762Z","level":"PDF_RESPONSE","reqId":"MOPJUXBV-DENU36","route":"PETTY_CASH_REQUEST","method":"POST","url":"/tpr-petty-cash-request/pdf","filename":"tpr_petty_cash_request.pdf","pdfBytes":100607}
{"ts":"2026-05-03T09:09:58.765Z","level":"REQUEST_DONE","reqId":"MOPJUXBV-DENU36","route":"PETTY_CASH_REQUEST","method":"POST","url":"/tpr-petty-cash-request/pdf","status":200,"durationMs":2609,"responseSize":"98.2 KB"}
{"ts":"2026-05-03T09:41:56.430Z","level":"INFO","title":"TEMPLATE","message":"compile templates\\tpr_quotation.hbs","templatePath":"C:\\Projcet TPR\\report-server\\templates\\tpr_quotation.hbs"}
{"ts":"2026-05-03T09:41:56.432Z","level":"INFO","title":"TEMPLATE","message":"compile templates\\tpr_credit_note.hbs","templatePath":"C:\\Projcet TPR\\report-server\\templates\\tpr_credit_note.hbs"}
{"ts":"2026-05-03T09:41:56.433Z","level":"INFO","title":"TEMPLATE","message":"compile templates\\tpr_invoice.hbs","templatePath":"C:\\Projcet TPR\\report-server\\templates\\tpr_invoice.hbs"}
{"ts":"2026-05-03T09:41:56.435Z","level":"INFO","title":"TEMPLATE","message":"compile templates\\tpr_purchase_order.hbs","templatePath":"C:\\Projcet TPR\\report-server\\templates\\tpr_purchase_order.hbs"}
{"ts":"2026-05-03T09:41:56.436Z","level":"INFO","title":"TEMPLATE","message":"compile templates\\tpr_receipt.hbs","templatePath":"C:\\Projcet TPR\\report-server\\templates\\tpr_receipt.hbs"}
{"ts":"2026-05-03T09:41:56.438Z","level":"INFO","title":"TEMPLATE","message":"compile templates\\tpr_tax_receipt.hbs","templatePath":"C:\\Projcet TPR\\report-server\\templates\\tpr_tax_receipt.hbs"}
{"ts":"2026-05-03T09:41:56.439Z","level":"INFO","title":"TEMPLATE","message":"compile templates\\tpr_withholding_tax_certificate.hbs","templatePath":"C:\\Projcet TPR\\report-server\\templates\\tpr_withholding_tax_certificate.hbs"}
{"ts":"2026-05-03T09:41:56.440Z","level":"INFO","title":"TEMPLATE","message":"compile templates\\tpr_payment_voucher.hbs","templatePath":"C:\\Projcet TPR\\report-server\\templates\\tpr_payment_voucher.hbs"}
{"ts":"2026-05-03T09:41:56.441Z","level":"INFO","title":"TEMPLATE","message":"compile templates\\tpr_receipt_voucher.hbs","templatePath":"C:\\Projcet TPR\\report-server\\templates\\tpr_receipt_voucher.hbs"}
{"ts":"2026-05-03T09:41:56.443Z","level":"INFO","title":"TEMPLATE","message":"compile templates\\tpr_petty_cash_voucher.hbs","templatePath":"C:\\Projcet TPR\\report-server\\templates\\tpr_petty_cash_voucher.hbs"}
{"ts":"2026-05-03T09:41:56.444Z","level":"INFO","title":"TEMPLATE","message":"compile templates\\tpr_petty_cash_request.hbs","templatePath":"C:\\Projcet TPR\\report-server\\templates\\tpr_petty_cash_request.hbs"}
{"ts":"2026-05-03T09:41:56.444Z","level":"INFO","title":"TEMPLATE","message":"compile templates\\tpr_petty_cash_payment_report.hbs","templatePath":"C:\\Projcet TPR\\report-server\\templates\\tpr_petty_cash_payment_report.hbs"}
{"ts":"2026-05-03T09:41:56.445Z","level":"INFO","title":"TEMPLATE","message":"compile templates\\tpr_receipt_certification.hbs","templatePath":"C:\\Projcet TPR\\report-server\\templates\\tpr_receipt_certification.hbs"}
{"ts":"2026-05-03T09:41:56.447Z","level":"WARN","title":"CSS","message":"inline missing: C:\\Projcet TPR\\report-server\\public\\css\\quotation.css (ไม่จำเป็นถ้า CSS อยู่ใน hbs แล้ว)","cssPath":"C:\\Projcet TPR\\report-server\\public\\css\\quotation.css"}
{"ts":"2026-05-03T09:41:56.472Z","level":"OK","title":"READY","message":"PDF server is running","port":4100,"logFile":"C:\\Projcet TPR\\report-server\\logs\\server-2026-05-03.log"}
{"ts":"2026-05-03T09:41:56.473Z","level":"BOOT","message":"PDF server is running","port":4100,"logFile":"C:\\Projcet TPR\\report-server\\logs\\server-2026-05-03.log"}
{"ts":"2026-05-03T09:42:00.388Z","level":"STEP","reqId":"MOPL062R-GTA3EI","route":"PETTY_CASH_VOUCHER","stage":"START","detail":"OPTIONS /tpr-petty-cash-voucher/pdf","method":"OPTIONS","url":"/tpr-petty-cash-voucher/pdf"}
{"ts":"2026-05-03T09:42:00.389Z","level":"REQUEST_START","reqId":"MOPL062R-GTA3EI","route":"PETTY_CASH_VOUCHER","method":"OPTIONS","url":"/tpr-petty-cash-voucher/pdf","ip":"::1","origin":"http://localhost:5174","ua":"Mozilla/5.0 (Windows NT 10.0; Win64; x64) AppleWebKit/537.36 (KHTML, like Gecko) Chrome/147.0.0.0 Safari/537.36","payloadBytes":2}
{"ts":"2026-05-03T09:42:00.394Z","level":"REQUEST_DONE","reqId":"MOPL062R-GTA3EI","route":"PETTY_CASH_VOUCHER","method":"OPTIONS","url":"/tpr-petty-cash-voucher/pdf","status":204,"durationMs":6,"responseSize":"0 B"}
{"ts":"2026-05-03T09:42:00.396Z","level":"STEP","reqId":"MOPL062Z-OOY2HG","route":"PETTY_CASH_VOUCHER","stage":"START","detail":"POST /tpr-petty-cash-voucher/pdf","method":"POST","url":"/tpr-petty-cash-voucher/pdf"}
{"ts":"2026-05-03T09:42:00.398Z","level":"REQUEST_START","reqId":"MOPL062Z-OOY2HG","route":"PETTY_CASH_VOUCHER","method":"POST","url":"/tpr-petty-cash-voucher/pdf","ip":"::1","origin":"http://localhost:5174","ua":"Mozilla/5.0 (Windows NT 10.0; Win64; x64) AppleWebKit/537.36 (KHTML, like Gecko) Chrome/147.0.0.0 Safari/537.36","payloadBytes":2}
{"ts":"2026-05-03T09:42:00.427Z","level":"STEP","reqId":"MOPL062Z-OOY2HG","route":"PETTY_CASH_VOUCHER","stage":"ROUTE","detail":"pdf mode","method":"POST","url":"/tpr-petty-cash-voucher/pdf"}
{"ts":"2026-05-03T09:42:00.429Z","level":"STEP","reqId":"MOPL062Z-OOY2HG","route":"PETTY_CASH_VOUCHER","stage":"NORMALIZE","detail":"payload 759 B","method":"POST","url":"/tpr-petty-cash-voucher/pdf"}
{"ts":"2026-05-03T09:42:00.430Z","level":"STEP","reqId":"MOPL062Z-OOY2HG","route":"PETTY_CASH_VOUCHER","stage":"TEMPLATE","detail":"render html before pdf","method":"POST","url":"/tpr-petty-cash-voucher/pdf"}
{"ts":"2026-05-03T09:42:00.460Z","level":"INFO","title":"PUPPETEER","message":"launch browser..."}
{"ts":"2026-05-03T09:42:01.011Z","level":"OK","title":"PUPPETEER","message":"browser launched"}
{"ts":"2026-05-03T09:42:01.067Z","level":"STEP","reqId":"MOPL062Z-OOY2HG","route":"PETTY_CASH_VOUCHER","stage":"PDF:PAGE_OPEN","detail":"create new page","method":"POST","url":"/tpr-petty-cash-voucher/pdf"}
{"ts":"2026-05-03T09:42:01.073Z","level":"STEP","reqId":"MOPL062Z-OOY2HG","route":"PETTY_CASH_VOUCHER","stage":"PDF:SET_CONTENT","detail":"html size 6.18 KB","method":"POST","url":"/tpr-petty-cash-voucher/pdf"}
{"ts":"2026-05-03T09:42:03.726Z","level":"STEP","reqId":"MOPL062Z-OOY2HG","route":"PETTY_CASH_VOUCHER","stage":"PDF:FONTS_READY","detail":"waiting document.fonts.ready","method":"POST","url":"/tpr-petty-cash-voucher/pdf"}
{"ts":"2026-05-03T09:42:03.729Z","level":"STEP","reqId":"MOPL062Z-OOY2HG","route":"PETTY_CASH_VOUCHER","stage":"PDF:RENDER","detail":"format=A4 media=screen landscape=false","method":"POST","url":"/tpr-petty-cash-voucher/pdf"}
{"ts":"2026-05-03T09:42:03.880Z","level":"STEP","reqId":"MOPL062Z-OOY2HG","route":"PETTY_CASH_VOUCHER","stage":"PDF:BUFFER_READY","detail":"pdf size 106 KB","method":"POST","url":"/tpr-petty-cash-voucher/pdf"}
{"ts":"2026-05-03T09:42:03.881Z","level":"STEP","reqId":"MOPL062Z-OOY2HG","route":"PETTY_CASH_VOUCHER","stage":"PDF:PAGE_CLOSE","detail":"close page","method":"POST","url":"/tpr-petty-cash-voucher/pdf"}
{"ts":"2026-05-03T09:42:03.900Z","level":"STEP","reqId":"MOPL062Z-OOY2HG","route":"PETTY_CASH_VOUCHER","stage":"RESPOND_PDF","detail":"filename=tpr_petty_cash_voucher.pdf","method":"POST","url":"/tpr-petty-cash-voucher/pdf"}
{"ts":"2026-05-03T09:42:03.901Z","level":"PDF_RESPONSE","reqId":"MOPL062Z-OOY2HG","route":"PETTY_CASH_VOUCHER","method":"POST","url":"/tpr-petty-cash-voucher/pdf","filename":"tpr_petty_cash_voucher.pdf","pdfBytes":108056}
{"ts":"2026-05-03T09:42:03.905Z","level":"REQUEST_DONE","reqId":"MOPL062Z-OOY2HG","route":"PETTY_CASH_VOUCHER","method":"POST","url":"/tpr-petty-cash-voucher/pdf","status":200,"durationMs":3509,"responseSize":"106 KB"}
{"ts":"2026-05-03T09:42:09.600Z","level":"STEP","reqId":"MOPL0D6O-15BXZ8","route":"PETTY_CASH_VOUCHER","stage":"START","detail":"OPTIONS /tpr-petty-cash-voucher/pdf","method":"OPTIONS","url":"/tpr-petty-cash-voucher/pdf"}
{"ts":"2026-05-03T09:42:09.601Z","level":"REQUEST_START","reqId":"MOPL0D6O-15BXZ8","route":"PETTY_CASH_VOUCHER","method":"OPTIONS","url":"/tpr-petty-cash-voucher/pdf","ip":"::1","origin":"http://localhost:5174","ua":"Mozilla/5.0 (Windows NT 10.0; Win64; x64) AppleWebKit/537.36 (KHTML, like Gecko) Chrome/147.0.0.0 Safari/537.36","payloadBytes":2}
{"ts":"2026-05-03T09:42:09.602Z","level":"REQUEST_DONE","reqId":"MOPL0D6O-15BXZ8","route":"PETTY_CASH_VOUCHER","method":"OPTIONS","url":"/tpr-petty-cash-voucher/pdf","status":204,"durationMs":2,"responseSize":"0 B"}
{"ts":"2026-05-03T09:42:09.603Z","level":"STEP","reqId":"MOPL0D6R-LB58SO","route":"PETTY_CASH_VOUCHER","stage":"START","detail":"POST /tpr-petty-cash-voucher/pdf","method":"POST","url":"/tpr-petty-cash-voucher/pdf"}
{"ts":"2026-05-03T09:42:09.604Z","level":"REQUEST_START","reqId":"MOPL0D6R-LB58SO","route":"PETTY_CASH_VOUCHER","method":"POST","url":"/tpr-petty-cash-voucher/pdf","ip":"::1","origin":"http://localhost:5174","ua":"Mozilla/5.0 (Windows NT 10.0; Win64; x64) AppleWebKit/537.36 (KHTML, like Gecko) Chrome/147.0.0.0 Safari/537.36","payloadBytes":2}
{"ts":"2026-05-03T09:42:09.606Z","level":"STEP","reqId":"MOPL0D6R-LB58SO","route":"PETTY_CASH_VOUCHER","stage":"ROUTE","detail":"pdf mode","method":"POST","url":"/tpr-petty-cash-voucher/pdf"}
{"ts":"2026-05-03T09:42:09.607Z","level":"STEP","reqId":"MOPL0D6R-LB58SO","route":"PETTY_CASH_VOUCHER","stage":"NORMALIZE","detail":"payload 759 B","method":"POST","url":"/tpr-petty-cash-voucher/pdf"}
{"ts":"2026-05-03T09:42:09.608Z","level":"STEP","reqId":"MOPL0D6R-LB58SO","route":"PETTY_CASH_VOUCHER","stage":"TEMPLATE","detail":"render html before pdf","method":"POST","url":"/tpr-petty-cash-voucher/pdf"}
{"ts":"2026-05-03T09:42:09.612Z","level":"INFO","title":"PUPPETEER","message":"reuse existing browser instance"}
{"ts":"2026-05-03T09:42:09.680Z","level":"STEP","reqId":"MOPL0D6R-LB58SO","route":"PETTY_CASH_VOUCHER","stage":"PDF:PAGE_OPEN","detail":"create new page","method":"POST","url":"/tpr-petty-cash-voucher/pdf"}
{"ts":"2026-05-03T09:42:09.685Z","level":"STEP","reqId":"MOPL0D6R-LB58SO","route":"PETTY_CASH_VOUCHER","stage":"PDF:SET_CONTENT","detail":"html size 6.18 KB","method":"POST","url":"/tpr-petty-cash-voucher/pdf"}
{"ts":"2026-05-03T09:42:11.260Z","level":"STEP","reqId":"MOPL0D6R-LB58SO","route":"PETTY_CASH_VOUCHER","stage":"PDF:FONTS_READY","detail":"waiting document.fonts.ready","method":"POST","url":"/tpr-petty-cash-voucher/pdf"}
{"ts":"2026-05-03T09:42:11.263Z","level":"STEP","reqId":"MOPL0D6R-LB58SO","route":"PETTY_CASH_VOUCHER","stage":"PDF:RENDER","detail":"format=A4 media=screen landscape=false","method":"POST","url":"/tpr-petty-cash-voucher/pdf"}
{"ts":"2026-05-03T09:42:11.407Z","level":"STEP","reqId":"MOPL0D6R-LB58SO","route":"PETTY_CASH_VOUCHER","stage":"PDF:BUFFER_READY","detail":"pdf size 106 KB","method":"POST","url":"/tpr-petty-cash-voucher/pdf"}
{"ts":"2026-05-03T09:42:11.407Z","level":"STEP","reqId":"MOPL0D6R-LB58SO","route":"PETTY_CASH_VOUCHER","stage":"PDF:PAGE_CLOSE","detail":"close page","method":"POST","url":"/tpr-petty-cash-voucher/pdf"}
{"ts":"2026-05-03T09:42:11.417Z","level":"STEP","reqId":"MOPL0D6R-LB58SO","route":"PETTY_CASH_VOUCHER","stage":"RESPOND_PDF","detail":"filename=tpr_petty_cash_voucher.pdf","method":"POST","url":"/tpr-petty-cash-voucher/pdf"}
{"ts":"2026-05-03T09:42:11.418Z","level":"PDF_RESPONSE","reqId":"MOPL0D6R-LB58SO","route":"PETTY_CASH_VOUCHER","method":"POST","url":"/tpr-petty-cash-voucher/pdf","filename":"tpr_petty_cash_voucher.pdf","pdfBytes":108056}
{"ts":"2026-05-03T09:42:11.419Z","level":"REQUEST_DONE","reqId":"MOPL0D6R-LB58SO","route":"PETTY_CASH_VOUCHER","method":"POST","url":"/tpr-petty-cash-voucher/pdf","status":200,"durationMs":1816,"responseSize":"106 KB"}
{"ts":"2026-05-03T10:04:17.185Z","level":"WARN","title":"SHUTDOWN","message":"received SIGINT, closing server resources...","signal":"SIGINT"}
{"ts":"2026-05-03T10:34:31.641Z","level":"INFO","title":"TEMPLATE","message":"compile templates\\tpr_quotation.hbs","templatePath":"C:\\Projcet TPR\\report-server\\templates\\tpr_quotation.hbs"}
{"ts":"2026-05-03T10:34:31.643Z","level":"INFO","title":"TEMPLATE","message":"compile templates\\tpr_credit_note.hbs","templatePath":"C:\\Projcet TPR\\report-server\\templates\\tpr_credit_note.hbs"}
{"ts":"2026-05-03T10:34:31.644Z","level":"INFO","title":"TEMPLATE","message":"compile templates\\tpr_invoice.hbs","templatePath":"C:\\Projcet TPR\\report-server\\templates\\tpr_invoice.hbs"}
{"ts":"2026-05-03T10:34:31.645Z","level":"INFO","title":"TEMPLATE","message":"compile templates\\tpr_purchase_order.hbs","templatePath":"C:\\Projcet TPR\\report-server\\templates\\tpr_purchase_order.hbs"}
{"ts":"2026-05-03T10:34:31.646Z","level":"INFO","title":"TEMPLATE","message":"compile templates\\tpr_receipt.hbs","templatePath":"C:\\Projcet TPR\\report-server\\templates\\tpr_receipt.hbs"}
{"ts":"2026-05-03T10:34:31.646Z","level":"INFO","title":"TEMPLATE","message":"compile templates\\tpr_tax_receipt.hbs","templatePath":"C:\\Projcet TPR\\report-server\\templates\\tpr_tax_receipt.hbs"}
{"ts":"2026-05-03T10:34:31.648Z","level":"INFO","title":"TEMPLATE","message":"compile templates\\tpr_withholding_tax_certificate.hbs","templatePath":"C:\\Projcet TPR\\report-server\\templates\\tpr_withholding_tax_certificate.hbs"}
{"ts":"2026-05-03T10:34:31.649Z","level":"INFO","title":"TEMPLATE","message":"compile templates\\tpr_payment_voucher.hbs","templatePath":"C:\\Projcet TPR\\report-server\\templates\\tpr_payment_voucher.hbs"}
{"ts":"2026-05-03T10:34:31.650Z","level":"INFO","title":"TEMPLATE","message":"compile templates\\tpr_receipt_voucher.hbs","templatePath":"C:\\Projcet TPR\\report-server\\templates\\tpr_receipt_voucher.hbs"}
{"ts":"2026-05-03T10:34:31.651Z","level":"INFO","title":"TEMPLATE","message":"compile templates\\tpr_petty_cash_voucher.hbs","templatePath":"C:\\Projcet TPR\\report-server\\templates\\tpr_petty_cash_voucher.hbs"}
{"ts":"2026-05-03T10:34:31.652Z","level":"INFO","title":"TEMPLATE","message":"compile templates\\tpr_petty_cash_request.hbs","templatePath":"C:\\Projcet TPR\\report-server\\templates\\tpr_petty_cash_request.hbs"}
{"ts":"2026-05-03T10:34:31.653Z","level":"INFO","title":"TEMPLATE","message":"compile templates\\tpr_petty_cash_payment_report.hbs","templatePath":"C:\\Projcet TPR\\report-server\\templates\\tpr_petty_cash_payment_report.hbs"}
{"ts":"2026-05-03T10:34:31.653Z","level":"INFO","title":"TEMPLATE","message":"compile templates\\tpr_receipt_certification.hbs","templatePath":"C:\\Projcet TPR\\report-server\\templates\\tpr_receipt_certification.hbs"}
{"ts":"2026-05-03T10:34:31.654Z","level":"WARN","title":"CSS","message":"inline missing: C:\\Projcet TPR\\report-server\\public\\css\\quotation.css (ไม่จำเป็นถ้า CSS อยู่ใน hbs แล้ว)","cssPath":"C:\\Projcet TPR\\report-server\\public\\css\\quotation.css"}
{"ts":"2026-05-03T10:34:31.681Z","level":"OK","title":"READY","message":"PDF server is running","port":4100,"logFile":"C:\\Projcet TPR\\report-server\\logs\\server-2026-05-03.log"}
{"ts":"2026-05-03T10:34:31.682Z","level":"BOOT","message":"PDF server is running","port":4100,"logFile":"C:\\Projcet TPR\\report-server\\logs\\server-2026-05-03.log"}
{"ts":"2026-05-03T10:34:35.159Z","level":"STEP","reqId":"MOPMVSBA-ZSJUUV","route":"QUOTATION","stage":"START","detail":"OPTIONS /tpr-quotation/pdf","method":"OPTIONS","url":"/tpr-quotation/pdf"}
{"ts":"2026-05-03T10:34:35.160Z","level":"REQUEST_START","reqId":"MOPMVSBA-ZSJUUV","route":"QUOTATION","method":"OPTIONS","url":"/tpr-quotation/pdf","ip":"::1","origin":"http://localhost:5174","ua":"Mozilla/5.0 (Windows NT 10.0; Win64; x64) AppleWebKit/537.36 (KHTML, like Gecko) Chrome/147.0.0.0 Safari/537.36","payloadBytes":2}
{"ts":"2026-05-03T10:34:35.165Z","level":"REQUEST_DONE","reqId":"MOPMVSBA-ZSJUUV","route":"QUOTATION","method":"OPTIONS","url":"/tpr-quotation/pdf","status":204,"durationMs":6,"responseSize":"0 B"}
{"ts":"2026-05-03T10:34:35.166Z","level":"STEP","reqId":"MOPMVSBI-D4NZB2","route":"QUOTATION","stage":"START","detail":"POST /tpr-quotation/pdf","method":"POST","url":"/tpr-quotation/pdf"}
{"ts":"2026-05-03T10:34:35.167Z","level":"REQUEST_START","reqId":"MOPMVSBI-D4NZB2","route":"QUOTATION","method":"POST","url":"/tpr-quotation/pdf","ip":"::1","origin":"http://localhost:5174","ua":"Mozilla/5.0 (Windows NT 10.0; Win64; x64) AppleWebKit/537.36 (KHTML, like Gecko) Chrome/147.0.0.0 Safari/537.36","payloadBytes":2}
{"ts":"2026-05-03T10:34:35.179Z","level":"STEP","reqId":"MOPMVSBI-D4NZB2","route":"QUOTATION","stage":"ROUTE","detail":"pdf mode","method":"POST","url":"/tpr-quotation/pdf"}
{"ts":"2026-05-03T10:34:35.180Z","level":"STEP","reqId":"MOPMVSBI-D4NZB2","route":"QUOTATION","stage":"NORMALIZE","detail":"payload 919 B","method":"POST","url":"/tpr-quotation/pdf"}
{"ts":"2026-05-03T10:34:35.184Z","level":"STEP","reqId":"MOPMVSBI-D4NZB2","route":"QUOTATION","stage":"TEMPLATE","detail":"render html before pdf","method":"POST","url":"/tpr-quotation/pdf"}
{"ts":"2026-05-03T10:34:35.198Z","level":"INFO","title":"PUPPETEER","message":"launch browser..."}
{"ts":"2026-05-03T10:34:35.713Z","level":"OK","title":"PUPPETEER","message":"browser launched"}
{"ts":"2026-05-03T10:34:35.758Z","level":"STEP","reqId":"MOPMVSBI-D4NZB2","route":"QUOTATION","stage":"PDF:PAGE_OPEN","detail":"create new page","method":"POST","url":"/tpr-quotation/pdf"}
{"ts":"2026-05-03T10:34:35.762Z","level":"STEP","reqId":"MOPMVSBI-D4NZB2","route":"QUOTATION","stage":"PDF:SET_CONTENT","detail":"html size 10.7 KB","method":"POST","url":"/tpr-quotation/pdf"}
{"ts":"2026-05-03T10:34:37.298Z","level":"STEP","reqId":"MOPMVSBI-D4NZB2","route":"QUOTATION","stage":"PDF:FONTS_READY","detail":"waiting document.fonts.ready","method":"POST","url":"/tpr-quotation/pdf"}
{"ts":"2026-05-03T10:34:37.301Z","level":"STEP","reqId":"MOPMVSBI-D4NZB2","route":"QUOTATION","stage":"PDF:RENDER","detail":"format=A4 media=screen landscape=false","method":"POST","url":"/tpr-quotation/pdf"}
{"ts":"2026-05-03T10:34:37.482Z","level":"STEP","reqId":"MOPMVSBI-D4NZB2","route":"QUOTATION","stage":"PDF:BUFFER_READY","detail":"pdf size 206 KB","method":"POST","url":"/tpr-quotation/pdf"}
{"ts":"2026-05-03T10:34:37.482Z","level":"STEP","reqId":"MOPMVSBI-D4NZB2","route":"QUOTATION","stage":"PDF:PAGE_CLOSE","detail":"close page","method":"POST","url":"/tpr-quotation/pdf"}
{"ts":"2026-05-03T10:34:37.493Z","level":"STEP","reqId":"MOPMVSBI-D4NZB2","route":"QUOTATION","stage":"RESPOND_PDF","detail":"filename=tpr_quotation.pdf","method":"POST","url":"/tpr-quotation/pdf"}
{"ts":"2026-05-03T10:34:37.494Z","level":"PDF_RESPONSE","reqId":"MOPMVSBI-D4NZB2","route":"QUOTATION","method":"POST","url":"/tpr-quotation/pdf","filename":"tpr_quotation.pdf","pdfBytes":211277}
{"ts":"2026-05-03T10:34:37.496Z","level":"REQUEST_DONE","reqId":"MOPMVSBI-D4NZB2","route":"QUOTATION","method":"POST","url":"/tpr-quotation/pdf","status":200,"durationMs":2329,"responseSize":"206 KB"}
{"ts":"2026-05-03T11:37:14.339Z","level":"INFO","title":"TEMPLATE","message":"compile templates\\tpr_quotation.hbs","templatePath":"C:\\Projcet TPR\\report-server\\templates\\tpr_quotation.hbs"}
{"ts":"2026-05-03T11:37:14.340Z","level":"INFO","title":"TEMPLATE","message":"compile templates\\tpr_credit_note.hbs","templatePath":"C:\\Projcet TPR\\report-server\\templates\\tpr_credit_note.hbs"}
{"ts":"2026-05-03T11:37:14.341Z","level":"INFO","title":"TEMPLATE","message":"compile templates\\tpr_invoice.hbs","templatePath":"C:\\Projcet TPR\\report-server\\templates\\tpr_invoice.hbs"}
{"ts":"2026-05-03T11:37:14.341Z","level":"INFO","title":"TEMPLATE","message":"compile templates\\tpr_purchase_order.hbs","templatePath":"C:\\Projcet TPR\\report-server\\templates\\tpr_purchase_order.hbs"}
{"ts":"2026-05-03T11:37:14.342Z","level":"INFO","title":"TEMPLATE","message":"compile templates\\tpr_receipt.hbs","templatePath":"C:\\Projcet TPR\\report-server\\templates\\tpr_receipt.hbs"}
{"ts":"2026-05-03T11:37:14.343Z","level":"INFO","title":"TEMPLATE","message":"compile templates\\tpr_tax_receipt.hbs","templatePath":"C:\\Projcet TPR\\report-server\\templates\\tpr_tax_receipt.hbs"}
{"ts":"2026-05-03T11:37:14.343Z","level":"INFO","title":"TEMPLATE","message":"compile templates\\tpr_withholding_tax_certificate.hbs","templatePath":"C:\\Projcet TPR\\report-server\\templates\\tpr_withholding_tax_certificate.hbs"}
{"ts":"2026-05-03T11:37:14.344Z","level":"INFO","title":"TEMPLATE","message":"compile templates\\tpr_payment_voucher.hbs","templatePath":"C:\\Projcet TPR\\report-server\\templates\\tpr_payment_voucher.hbs"}
{"ts":"2026-05-03T11:37:14.344Z","level":"INFO","title":"TEMPLATE","message":"compile templates\\tpr_receipt_voucher.hbs","templatePath":"C:\\Projcet TPR\\report-server\\templates\\tpr_receipt_voucher.hbs"}
{"ts":"2026-05-03T11:37:14.345Z","level":"INFO","title":"TEMPLATE","message":"compile templates\\tpr_petty_cash_voucher.hbs","templatePath":"C:\\Projcet TPR\\report-server\\templates\\tpr_petty_cash_voucher.hbs"}
{"ts":"2026-05-03T11:37:14.346Z","level":"INFO","title":"TEMPLATE","message":"compile templates\\tpr_petty_cash_request.hbs","templatePath":"C:\\Projcet TPR\\report-server\\templates\\tpr_petty_cash_request.hbs"}
{"ts":"2026-05-03T11:37:14.346Z","level":"INFO","title":"TEMPLATE","message":"compile templates\\tpr_petty_cash_payment_report.hbs","templatePath":"C:\\Projcet TPR\\report-server\\templates\\tpr_petty_cash_payment_report.hbs"}
{"ts":"2026-05-03T11:37:14.347Z","level":"INFO","title":"TEMPLATE","message":"compile templates\\tpr_receipt_certification.hbs","templatePath":"C:\\Projcet TPR\\report-server\\templates\\tpr_receipt_certification.hbs"}
{"ts":"2026-05-03T11:37:14.348Z","level":"WARN","title":"CSS","message":"inline missing: C:\\Projcet TPR\\report-server\\public\\css\\quotation.css (ไม่จำเป็นถ้า CSS อยู่ใน hbs แล้ว)","cssPath":"C:\\Projcet TPR\\report-server\\public\\css\\quotation.css"}
{"ts":"2026-05-03T11:37:14.367Z","level":"OK","title":"READY","message":"PDF server is running","port":4100,"logFile":"C:\\Projcet TPR\\report-server\\logs\\server-2026-05-03.log"}
{"ts":"2026-05-03T11:37:14.368Z","level":"BOOT","message":"PDF server is running","port":4100,"logFile":"C:\\Projcet TPR\\report-server\\logs\\server-2026-05-03.log"}
{"ts":"2026-05-03T15:11:01.011Z","level":"INFO","title":"TEMPLATE","message":"compile templates\\tpr_quotation.hbs","templatePath":"C:\\Projcet TPR\\report-server\\templates\\tpr_quotation.hbs"}
{"ts":"2026-05-03T15:11:01.014Z","level":"INFO","title":"TEMPLATE","message":"compile templates\\tpr_credit_note.hbs","templatePath":"C:\\Projcet TPR\\report-server\\templates\\tpr_credit_note.hbs"}
{"ts":"2026-05-03T15:11:01.016Z","level":"INFO","title":"TEMPLATE","message":"compile templates\\tpr_invoice.hbs","templatePath":"C:\\Projcet TPR\\report-server\\templates\\tpr_invoice.hbs"}
{"ts":"2026-05-03T15:11:01.017Z","level":"INFO","title":"TEMPLATE","message":"compile templates\\tpr_purchase_order.hbs","templatePath":"C:\\Projcet TPR\\report-server\\templates\\tpr_purchase_order.hbs"}
{"ts":"2026-05-03T15:11:01.018Z","level":"INFO","title":"TEMPLATE","message":"compile templates\\tpr_receipt.hbs","templatePath":"C:\\Projcet TPR\\report-server\\templates\\tpr_receipt.hbs"}
{"ts":"2026-05-03T15:11:01.019Z","level":"INFO","title":"TEMPLATE","message":"compile templates\\tpr_tax_receipt.hbs","templatePath":"C:\\Projcet TPR\\report-server\\templates\\tpr_tax_receipt.hbs"}
{"ts":"2026-05-03T15:11:01.020Z","level":"INFO","title":"TEMPLATE","message":"compile templates\\tpr_withholding_tax_certificate.hbs","templatePath":"C:\\Projcet TPR\\report-server\\templates\\tpr_withholding_tax_certificate.hbs"}
{"ts":"2026-05-03T15:11:01.021Z","level":"INFO","title":"TEMPLATE","message":"compile templates\\tpr_payment_voucher.hbs","templatePath":"C:\\Projcet TPR\\report-server\\templates\\tpr_payment_voucher.hbs"}
{"ts":"2026-05-03T15:11:01.023Z","level":"INFO","title":"TEMPLATE","message":"compile templates\\tpr_receipt_voucher.hbs","templatePath":"C:\\Projcet TPR\\report-server\\templates\\tpr_receipt_voucher.hbs"}
{"ts":"2026-05-03T15:11:01.024Z","level":"INFO","title":"TEMPLATE","message":"compile templates\\tpr_petty_cash_voucher.hbs","templatePath":"C:\\Projcet TPR\\report-server\\templates\\tpr_petty_cash_voucher.hbs"}
{"ts":"2026-05-03T15:11:01.026Z","level":"INFO","title":"TEMPLATE","message":"compile templates\\tpr_petty_cash_request.hbs","templatePath":"C:\\Projcet TPR\\report-server\\templates\\tpr_petty_cash_request.hbs"}
{"ts":"2026-05-03T15:11:01.027Z","level":"INFO","title":"TEMPLATE","message":"compile templates\\tpr_petty_cash_payment_report.hbs","templatePath":"C:\\Projcet TPR\\report-server\\templates\\tpr_petty_cash_payment_report.hbs"}
{"ts":"2026-05-03T15:11:01.027Z","level":"INFO","title":"TEMPLATE","message":"compile templates\\tpr_receipt_certification.hbs","templatePath":"C:\\Projcet TPR\\report-server\\templates\\tpr_receipt_certification.hbs"}
{"ts":"2026-05-03T15:11:01.029Z","level":"WARN","title":"CSS","message":"inline missing: C:\\Projcet TPR\\report-server\\public\\css\\quotation.css (ไม่จำเป็นถ้า CSS อยู่ใน hbs แล้ว)","cssPath":"C:\\Projcet TPR\\report-server\\public\\css\\quotation.css"}
{"ts":"2026-05-03T15:11:01.099Z","level":"OK","title":"READY","message":"PDF server is running","port":4100,"logFile":"C:\\Projcet TPR\\report-server\\logs\\server-2026-05-03.log"}
{"ts":"2026-05-03T15:11:01.099Z","level":"BOOT","message":"PDF server is running","port":4100,"logFile":"C:\\Projcet TPR\\report-server\\logs\\server-2026-05-03.log"}
{"ts":"2026-05-03T15:23:35.610Z","level":"WARN","title":"SHUTDOWN","message":"received SIGINT, closing server resources...","signal":"SIGINT"}
{"ts":"2026-05-03T15:23:41.328Z","level":"INFO","title":"TEMPLATE","message":"compile templates\\tpr_quotation.hbs","templatePath":"C:\\Projcet TPR\\report-server\\templates\\tpr_quotation.hbs"}
{"ts":"2026-05-03T15:23:41.330Z","level":"INFO","title":"TEMPLATE","message":"compile templates\\tpr_credit_note.hbs","templatePath":"C:\\Projcet TPR\\report-server\\templates\\tpr_credit_note.hbs"}
{"ts":"2026-05-03T15:23:41.331Z","level":"INFO","title":"TEMPLATE","message":"compile templates\\tpr_invoice.hbs","templatePath":"C:\\Projcet TPR\\report-server\\templates\\tpr_invoice.hbs"}
{"ts":"2026-05-03T15:23:41.331Z","level":"INFO","title":"TEMPLATE","message":"compile templates\\tpr_purchase_order.hbs","templatePath":"C:\\Projcet TPR\\report-server\\templates\\tpr_purchase_order.hbs"}
{"ts":"2026-05-03T15:23:41.333Z","level":"INFO","title":"TEMPLATE","message":"compile templates\\tpr_receipt.hbs","templatePath":"C:\\Projcet TPR\\report-server\\templates\\tpr_receipt.hbs"}
{"ts":"2026-05-03T15:23:41.334Z","level":"INFO","title":"TEMPLATE","message":"compile templates\\tpr_tax_receipt.hbs","templatePath":"C:\\Projcet TPR\\report-server\\templates\\tpr_tax_receipt.hbs"}
{"ts":"2026-05-03T15:23:41.334Z","level":"INFO","title":"TEMPLATE","message":"compile templates\\tpr_withholding_tax_certificate.hbs","templatePath":"C:\\Projcet TPR\\report-server\\templates\\tpr_withholding_tax_certificate.hbs"}
{"ts":"2026-05-03T15:23:41.335Z","level":"INFO","title":"TEMPLATE","message":"compile templates\\tpr_payment_voucher.hbs","templatePath":"C:\\Projcet TPR\\report-server\\templates\\tpr_payment_voucher.hbs"}
{"ts":"2026-05-03T15:23:41.336Z","level":"INFO","title":"TEMPLATE","message":"compile templates\\tpr_receipt_voucher.hbs","templatePath":"C:\\Projcet TPR\\report-server\\templates\\tpr_receipt_voucher.hbs"}
{"ts":"2026-05-03T15:23:41.337Z","level":"INFO","title":"TEMPLATE","message":"compile templates\\tpr_petty_cash_voucher.hbs","templatePath":"C:\\Projcet TPR\\report-server\\templates\\tpr_petty_cash_voucher.hbs"}
{"ts":"2026-05-03T15:23:41.337Z","level":"INFO","title":"TEMPLATE","message":"compile templates\\tpr_petty_cash_request.hbs","templatePath":"C:\\Projcet TPR\\report-server\\templates\\tpr_petty_cash_request.hbs"}
{"ts":"2026-05-03T15:23:41.338Z","level":"INFO","title":"TEMPLATE","message":"compile templates\\tpr_petty_cash_payment_report.hbs","templatePath":"C:\\Projcet TPR\\report-server\\templates\\tpr_petty_cash_payment_report.hbs"}
{"ts":"2026-05-03T15:23:41.339Z","level":"INFO","title":"TEMPLATE","message":"compile templates\\tpr_receipt_certification.hbs","templatePath":"C:\\Projcet TPR\\report-server\\templates\\tpr_receipt_certification.hbs"}
{"ts":"2026-05-03T15:23:41.339Z","level":"WARN","title":"CSS","message":"inline missing: C:\\Projcet TPR\\report-server\\public\\css\\quotation.css (ไม่จำเป็นถ้า CSS อยู่ใน hbs แล้ว)","cssPath":"C:\\Projcet TPR\\report-server\\public\\css\\quotation.css"}
{"ts":"2026-05-03T15:23:41.361Z","level":"OK","title":"READY","message":"PDF server is running","port":4100,"logFile":"C:\\Projcet TPR\\report-server\\logs\\server-2026-05-03.log"}
{"ts":"2026-05-03T15:23:41.362Z","level":"BOOT","message":"PDF server is running","port":4100,"logFile":"C:\\Projcet TPR\\report-server\\logs\\server-2026-05-03.log"}
{"ts":"2026-05-03T15:26:16.907Z","level":"STEP","reqId":"MOPXAWQZ-NOSSI2","route":"PETTY_CASH_REPORT","stage":"START","detail":"OPTIONS /tpr-petty-cash-payment-report/pdf","method":"OPTIONS","url":"/tpr-petty-cash-payment-report/pdf"}
{"ts":"2026-05-03T15:26:16.908Z","level":"REQUEST_START","reqId":"MOPXAWQZ-NOSSI2","route":"PETTY_CASH_REPORT","method":"OPTIONS","url":"/tpr-petty-cash-payment-report/pdf","ip":"::1","origin":"http://localhost:5174","ua":"Mozilla/5.0 (Windows NT 10.0; Win64; x64) AppleWebKit/537.36 (KHTML, like Gecko) Chrome/147.0.0.0 Safari/537.36","payloadBytes":2}
{"ts":"2026-05-03T15:26:16.911Z","level":"REQUEST_DONE","reqId":"MOPXAWQZ-NOSSI2","route":"PETTY_CASH_REPORT","method":"OPTIONS","url":"/tpr-petty-cash-payment-report/pdf","status":204,"durationMs":4,"responseSize":"0 B"}
{"ts":"2026-05-03T15:26:16.912Z","level":"STEP","reqId":"MOPXAWR4-NSCDWS","route":"PETTY_CASH_REPORT","stage":"START","detail":"POST /tpr-petty-cash-payment-report/pdf","method":"POST","url":"/tpr-petty-cash-payment-report/pdf"}
{"ts":"2026-05-03T15:26:16.912Z","level":"REQUEST_START","reqId":"MOPXAWR4-NSCDWS","route":"PETTY_CASH_REPORT","method":"POST","url":"/tpr-petty-cash-payment-report/pdf","ip":"::1","origin":"http://localhost:5174","ua":"Mozilla/5.0 (Windows NT 10.0; Win64; x64) AppleWebKit/537.36 (KHTML, like Gecko) Chrome/147.0.0.0 Safari/537.36","payloadBytes":2}
{"ts":"2026-05-03T15:26:16.936Z","level":"STEP","reqId":"MOPXAWR4-NSCDWS","route":"PETTY_CASH_REPORT","stage":"ROUTE","detail":"pdf mode","method":"POST","url":"/tpr-petty-cash-payment-report/pdf"}
{"ts":"2026-05-03T15:26:16.938Z","level":"STEP","reqId":"MOPXAWR4-NSCDWS","route":"PETTY_CASH_REPORT","stage":"NORMALIZE","detail":"payload 946 B","method":"POST","url":"/tpr-petty-cash-payment-report/pdf"}
{"ts":"2026-05-03T15:26:16.939Z","level":"STEP","reqId":"MOPXAWR4-NSCDWS","route":"PETTY_CASH_REPORT","stage":"TEMPLATE","detail":"render html before pdf","method":"POST","url":"/tpr-petty-cash-payment-report/pdf"}
{"ts":"2026-05-03T15:26:16.969Z","level":"INFO","title":"PUPPETEER","message":"launch browser..."}
{"ts":"2026-05-03T15:26:17.535Z","level":"OK","title":"PUPPETEER","message":"browser launched"}
{"ts":"2026-05-03T15:26:17.577Z","level":"STEP","reqId":"MOPXAWR4-NSCDWS","route":"PETTY_CASH_REPORT","stage":"PDF:PAGE_OPEN","detail":"create new page","method":"POST","url":"/tpr-petty-cash-payment-report/pdf"}
{"ts":"2026-05-03T15:26:17.581Z","level":"STEP","reqId":"MOPXAWR4-NSCDWS","route":"PETTY_CASH_REPORT","stage":"PDF:SET_CONTENT","detail":"html size 13.8 KB","method":"POST","url":"/tpr-petty-cash-payment-report/pdf"}
{"ts":"2026-05-03T15:26:19.139Z","level":"STEP","reqId":"MOPXAWR4-NSCDWS","route":"PETTY_CASH_REPORT","stage":"PDF:FONTS_READY","detail":"waiting document.fonts.ready","method":"POST","url":"/tpr-petty-cash-payment-report/pdf"}
{"ts":"2026-05-03T15:26:19.142Z","level":"STEP","reqId":"MOPXAWR4-NSCDWS","route":"PETTY_CASH_REPORT","stage":"PDF:RENDER","detail":"format=A4 media=print landscape=false","method":"POST","url":"/tpr-petty-cash-payment-report/pdf"}
{"ts":"2026-05-03T15:26:19.306Z","level":"STEP","reqId":"MOPXAWR4-NSCDWS","route":"PETTY_CASH_REPORT","stage":"PDF:BUFFER_READY","detail":"pdf size 182 KB","method":"POST","url":"/tpr-petty-cash-payment-report/pdf"}
{"ts":"2026-05-03T15:26:19.307Z","level":"STEP","reqId":"MOPXAWR4-NSCDWS","route":"PETTY_CASH_REPORT","stage":"PDF:PAGE_CLOSE","detail":"close page","method":"POST","url":"/tpr-petty-cash-payment-report/pdf"}
{"ts":"2026-05-03T15:26:19.318Z","level":"STEP","reqId":"MOPXAWR4-NSCDWS","route":"PETTY_CASH_REPORT","stage":"RESPOND_PDF","detail":"filename=tpr_petty_cash_payment_report.pdf","method":"POST","url":"/tpr-petty-cash-payment-report/pdf"}
{"ts":"2026-05-03T15:26:19.318Z","level":"PDF_RESPONSE","reqId":"MOPXAWR4-NSCDWS","route":"PETTY_CASH_REPORT","method":"POST","url":"/tpr-petty-cash-payment-report/pdf","filename":"tpr_petty_cash_payment_report.pdf","pdfBytes":186074}
{"ts":"2026-05-03T15:26:19.322Z","level":"REQUEST_DONE","reqId":"MOPXAWR4-NSCDWS","route":"PETTY_CASH_REPORT","method":"POST","url":"/tpr-petty-cash-payment-report/pdf","status":200,"durationMs":2410,"responseSize":"182 KB"}
{"ts":"2026-05-03T15:27:29.119Z","level":"STEP","reqId":"MOPXCGGV-PEI7AU","route":"QUOTATION","stage":"START","detail":"OPTIONS /tpr-quotation/pdf","method":"OPTIONS","url":"/tpr-quotation/pdf"}
{"ts":"2026-05-03T15:27:29.120Z","level":"REQUEST_START","reqId":"MOPXCGGV-PEI7AU","route":"QUOTATION","method":"OPTIONS","url":"/tpr-quotation/pdf","ip":"::1","origin":"http://localhost:5174","ua":"Mozilla/5.0 (Windows NT 10.0; Win64; x64) AppleWebKit/537.36 (KHTML, like Gecko) Chrome/147.0.0.0 Safari/537.36","payloadBytes":2}
{"ts":"2026-05-03T15:27:29.121Z","level":"REQUEST_DONE","reqId":"MOPXCGGV-PEI7AU","route":"QUOTATION","method":"OPTIONS","url":"/tpr-quotation/pdf","status":204,"durationMs":2,"responseSize":"0 B"}
{"ts":"2026-05-03T15:27:29.123Z","level":"STEP","reqId":"MOPXCGGY-52K5AP","route":"QUOTATION","stage":"START","detail":"POST /tpr-quotation/pdf","method":"POST","url":"/tpr-quotation/pdf"}
{"ts":"2026-05-03T15:27:29.124Z","level":"REQUEST_START","reqId":"MOPXCGGY-52K5AP","route":"QUOTATION","method":"POST","url":"/tpr-quotation/pdf","ip":"::1","origin":"http://localhost:5174","ua":"Mozilla/5.0 (Windows NT 10.0; Win64; x64) AppleWebKit/537.36 (KHTML, like Gecko) Chrome/147.0.0.0 Safari/537.36","payloadBytes":2}
{"ts":"2026-05-03T15:27:29.126Z","level":"STEP","reqId":"MOPXCGGY-52K5AP","route":"QUOTATION","stage":"ROUTE","detail":"pdf mode","method":"POST","url":"/tpr-quotation/pdf"}
{"ts":"2026-05-03T15:27:29.127Z","level":"STEP","reqId":"MOPXCGGY-52K5AP","route":"QUOTATION","stage":"NORMALIZE","detail":"payload 919 B","method":"POST","url":"/tpr-quotation/pdf"}
{"ts":"2026-05-03T15:27:29.128Z","level":"STEP","reqId":"MOPXCGGY-52K5AP","route":"QUOTATION","stage":"TEMPLATE","detail":"render html before pdf","method":"POST","url":"/tpr-quotation/pdf"}
{"ts":"2026-05-03T15:27:29.137Z","level":"INFO","title":"PUPPETEER","message":"reuse existing browser instance"}
{"ts":"2026-05-03T15:27:29.212Z","level":"STEP","reqId":"MOPXCGGY-52K5AP","route":"QUOTATION","stage":"PDF:PAGE_OPEN","detail":"create new page","method":"POST","url":"/tpr-quotation/pdf"}
{"ts":"2026-05-03T15:27:29.216Z","level":"STEP","reqId":"MOPXCGGY-52K5AP","route":"QUOTATION","stage":"PDF:SET_CONTENT","detail":"html size 10.7 KB","method":"POST","url":"/tpr-quotation/pdf"}
{"ts":"2026-05-03T15:27:30.707Z","level":"STEP","reqId":"MOPXCGGY-52K5AP","route":"QUOTATION","stage":"PDF:FONTS_READY","detail":"waiting document.fonts.ready","method":"POST","url":"/tpr-quotation/pdf"}
{"ts":"2026-05-03T15:27:30.708Z","level":"STEP","reqId":"MOPXCGGY-52K5AP","route":"QUOTATION","stage":"PDF:RENDER","detail":"format=A4 media=screen landscape=false","method":"POST","url":"/tpr-quotation/pdf"}
{"ts":"2026-05-03T15:27:30.866Z","level":"STEP","reqId":"MOPXCGGY-52K5AP","route":"QUOTATION","stage":"PDF:BUFFER_READY","detail":"pdf size 206 KB","method":"POST","url":"/tpr-quotation/pdf"}
{"ts":"2026-05-03T15:27:30.866Z","level":"STEP","reqId":"MOPXCGGY-52K5AP","route":"QUOTATION","stage":"PDF:PAGE_CLOSE","detail":"close page","method":"POST","url":"/tpr-quotation/pdf"}
{"ts":"2026-05-03T15:27:30.877Z","level":"STEP","reqId":"MOPXCGGY-52K5AP","route":"QUOTATION","stage":"RESPOND_PDF","detail":"filename=tpr_quotation.pdf","method":"POST","url":"/tpr-quotation/pdf"}
{"ts":"2026-05-03T15:27:30.878Z","level":"PDF_RESPONSE","reqId":"MOPXCGGY-52K5AP","route":"QUOTATION","method":"POST","url":"/tpr-quotation/pdf","filename":"tpr_quotation.pdf","pdfBytes":211277}
{"ts":"2026-05-03T15:27:30.879Z","level":"REQUEST_DONE","reqId":"MOPXCGGY-52K5AP","route":"QUOTATION","method":"POST","url":"/tpr-quotation/pdf","status":200,"durationMs":1757,"responseSize":"206 KB"}
{"ts":"2026-05-03T15:38:02.783Z","level":"STEP","reqId":"MOPXQ1EM-IDCKBR","route":"QUOTATION","stage":"START","detail":"OPTIONS /tpr-quotation/pdf","method":"OPTIONS","url":"/tpr-quotation/pdf"}
{"ts":"2026-05-03T15:38:02.783Z","level":"REQUEST_START","reqId":"MOPXQ1EM-IDCKBR","route":"QUOTATION","method":"OPTIONS","url":"/tpr-quotation/pdf","ip":"::1","origin":"http://localhost:5174","ua":"Mozilla/5.0 (Windows NT 10.0; Win64; x64) AppleWebKit/537.36 (KHTML, like Gecko) Chrome/147.0.0.0 Safari/537.36","payloadBytes":2}
{"ts":"2026-05-03T15:38:02.784Z","level":"REQUEST_DONE","reqId":"MOPXQ1EM-IDCKBR","route":"QUOTATION","method":"OPTIONS","url":"/tpr-quotation/pdf","status":204,"durationMs":2,"responseSize":"0 B"}
{"ts":"2026-05-03T15:38:02.785Z","level":"STEP","reqId":"MOPXQ1EP-2LIV8X","route":"QUOTATION","stage":"START","detail":"POST /tpr-quotation/pdf","method":"POST","url":"/tpr-quotation/pdf"}
{"ts":"2026-05-03T15:38:02.785Z","level":"REQUEST_START","reqId":"MOPXQ1EP-2LIV8X","route":"QUOTATION","method":"POST","url":"/tpr-quotation/pdf","ip":"::1","origin":"http://localhost:5174","ua":"Mozilla/5.0 (Windows NT 10.0; Win64; x64) AppleWebKit/537.36 (KHTML, like Gecko) Chrome/147.0.0.0 Safari/537.36","payloadBytes":2}
{"ts":"2026-05-03T15:38:02.786Z","level":"STEP","reqId":"MOPXQ1EP-2LIV8X","route":"QUOTATION","stage":"ROUTE","detail":"pdf mode","method":"POST","url":"/tpr-quotation/pdf"}
{"ts":"2026-05-03T15:38:02.787Z","level":"STEP","reqId":"MOPXQ1EP-2LIV8X","route":"QUOTATION","stage":"NORMALIZE","detail":"payload 1.20 KB","method":"POST","url":"/tpr-quotation/pdf"}
{"ts":"2026-05-03T15:38:02.787Z","level":"STEP","reqId":"MOPXQ1EP-2LIV8X","route":"QUOTATION","stage":"TEMPLATE","detail":"render html before pdf","method":"POST","url":"/tpr-quotation/pdf"}
{"ts":"2026-05-03T15:38:02.788Z","level":"INFO","title":"PUPPETEER","message":"reuse existing browser instance"}
{"ts":"2026-05-03T15:38:02.833Z","level":"STEP","reqId":"MOPXQ1EP-2LIV8X","route":"QUOTATION","stage":"PDF:PAGE_OPEN","detail":"create new page","method":"POST","url":"/tpr-quotation/pdf"}
{"ts":"2026-05-03T15:38:02.838Z","level":"STEP","reqId":"MOPXQ1EP-2LIV8X","route":"QUOTATION","stage":"PDF:SET_CONTENT","detail":"html size 11.0 KB","method":"POST","url":"/tpr-quotation/pdf"}
{"ts":"2026-05-03T15:38:04.354Z","level":"STEP","reqId":"MOPXQ1EP-2LIV8X","route":"QUOTATION","stage":"PDF:FONTS_READY","detail":"waiting document.fonts.ready","method":"POST","url":"/tpr-quotation/pdf"}
{"ts":"2026-05-03T15:38:04.356Z","level":"STEP","reqId":"MOPXQ1EP-2LIV8X","route":"QUOTATION","stage":"PDF:RENDER","detail":"format=A4 media=screen landscape=false","method":"POST","url":"/tpr-quotation/pdf"}
{"ts":"2026-05-03T15:38:04.520Z","level":"STEP","reqId":"MOPXQ1EP-2LIV8X","route":"QUOTATION","stage":"PDF:BUFFER_READY","detail":"pdf size 208 KB","method":"POST","url":"/tpr-quotation/pdf"}
{"ts":"2026-05-03T15:38:04.521Z","level":"STEP","reqId":"MOPXQ1EP-2LIV8X","route":"QUOTATION","stage":"PDF:PAGE_CLOSE","detail":"close page","method":"POST","url":"/tpr-quotation/pdf"}
{"ts":"2026-05-03T15:38:04.531Z","level":"STEP","reqId":"MOPXQ1EP-2LIV8X","route":"QUOTATION","stage":"RESPOND_PDF","detail":"filename=tpr_quotation.pdf","method":"POST","url":"/tpr-quotation/pdf"}
{"ts":"2026-05-03T15:38:04.532Z","level":"PDF_RESPONSE","reqId":"MOPXQ1EP-2LIV8X","route":"QUOTATION","method":"POST","url":"/tpr-quotation/pdf","filename":"tpr_quotation.pdf","pdfBytes":213430}
{"ts":"2026-05-03T15:38:04.534Z","level":"REQUEST_DONE","reqId":"MOPXQ1EP-2LIV8X","route":"QUOTATION","method":"POST","url":"/tpr-quotation/pdf","status":200,"durationMs":1748,"responseSize":"208 KB"}
{"ts":"2026-05-03T15:49:18.047Z","level":"WARN","title":"SHUTDOWN","message":"received SIGINT, closing server resources...","signal":"SIGINT"}
{"ts":"2026-05-03T15:49:18.048Z","level":"INFO","title":"PUPPETEER","message":"closing browser..."}
{"ts":"2026-05-03T15:49:23.823Z","level":"INFO","title":"TEMPLATE","message":"compile templates\\tpr_quotation.hbs","templatePath":"C:\\Projcet TPR\\report-server\\templates\\tpr_quotation.hbs"}
{"ts":"2026-05-03T15:49:23.824Z","level":"INFO","title":"TEMPLATE","message":"compile templates\\tpr_credit_note.hbs","templatePath":"C:\\Projcet TPR\\report-server\\templates\\tpr_credit_note.hbs"}
{"ts":"2026-05-03T15:49:23.825Z","level":"INFO","title":"TEMPLATE","message":"compile templates\\tpr_invoice.hbs","templatePath":"C:\\Projcet TPR\\report-server\\templates\\tpr_invoice.hbs"}
{"ts":"2026-05-03T15:49:23.826Z","level":"INFO","title":"TEMPLATE","message":"compile templates\\tpr_purchase_order.hbs","templatePath":"C:\\Projcet TPR\\report-server\\templates\\tpr_purchase_order.hbs"}
{"ts":"2026-05-03T15:49:23.826Z","level":"INFO","title":"TEMPLATE","message":"compile templates\\tpr_receipt.hbs","templatePath":"C:\\Projcet TPR\\report-server\\templates\\tpr_receipt.hbs"}
{"ts":"2026-05-03T15:49:23.827Z","level":"INFO","title":"TEMPLATE","message":"compile templates\\tpr_tax_receipt.hbs","templatePath":"C:\\Projcet TPR\\report-server\\templates\\tpr_tax_receipt.hbs"}
{"ts":"2026-05-03T15:49:23.829Z","level":"INFO","title":"TEMPLATE","message":"compile templates\\tpr_withholding_tax_certificate.hbs","templatePath":"C:\\Projcet TPR\\report-server\\templates\\tpr_withholding_tax_certificate.hbs"}
{"ts":"2026-05-03T15:49:23.830Z","level":"INFO","title":"TEMPLATE","message":"compile templates\\tpr_payment_voucher.hbs","templatePath":"C:\\Projcet TPR\\report-server\\templates\\tpr_payment_voucher.hbs"}
{"ts":"2026-05-03T15:49:23.832Z","level":"INFO","title":"TEMPLATE","message":"compile templates\\tpr_receipt_voucher.hbs","templatePath":"C:\\Projcet TPR\\report-server\\templates\\tpr_receipt_voucher.hbs"}
{"ts":"2026-05-03T15:49:23.833Z","level":"INFO","title":"TEMPLATE","message":"compile templates\\tpr_petty_cash_voucher.hbs","templatePath":"C:\\Projcet TPR\\report-server\\templates\\tpr_petty_cash_voucher.hbs"}
{"ts":"2026-05-03T15:49:23.833Z","level":"INFO","title":"TEMPLATE","message":"compile templates\\tpr_petty_cash_request.hbs","templatePath":"C:\\Projcet TPR\\report-server\\templates\\tpr_petty_cash_request.hbs"}
{"ts":"2026-05-03T15:49:23.834Z","level":"INFO","title":"TEMPLATE","message":"compile templates\\tpr_petty_cash_payment_report.hbs","templatePath":"C:\\Projcet TPR\\report-server\\templates\\tpr_petty_cash_payment_report.hbs"}
{"ts":"2026-05-03T15:49:23.834Z","level":"INFO","title":"TEMPLATE","message":"compile templates\\tpr_receipt_certification.hbs","templatePath":"C:\\Projcet TPR\\report-server\\templates\\tpr_receipt_certification.hbs"}
{"ts":"2026-05-03T15:49:23.835Z","level":"WARN","title":"CSS","message":"inline missing: C:\\Projcet TPR\\report-server\\public\\css\\quotation.css (ไม่จำเป็นถ้า CSS อยู่ใน hbs แล้ว)","cssPath":"C:\\Projcet TPR\\report-server\\public\\css\\quotation.css"}
{"ts":"2026-05-03T15:49:23.856Z","level":"OK","title":"READY","message":"PDF server is running","port":4100,"logFile":"C:\\Projcet TPR\\report-server\\logs\\server-2026-05-03.log"}
{"ts":"2026-05-03T15:49:23.857Z","level":"BOOT","message":"PDF server is running","port":4100,"logFile":"C:\\Projcet TPR\\report-server\\logs\\server-2026-05-03.log"}
{"ts":"2026-05-03T15:53:55.165Z","level":"STEP","reqId":"MOPYAG9P-ZH01GM","route":"PURCHASE_ORDER","stage":"START","detail":"OPTIONS /tpr-purchase-order/pdf","method":"OPTIONS","url":"/tpr-purchase-order/pdf"}
{"ts":"2026-05-03T15:53:55.166Z","level":"REQUEST_START","reqId":"MOPYAG9P-ZH01GM","route":"PURCHASE_ORDER","method":"OPTIONS","url":"/tpr-purchase-order/pdf","ip":"::1","origin":"http://localhost:5174","ua":"Mozilla/5.0 (Windows NT 10.0; Win64; x64) AppleWebKit/537.36 (KHTML, like Gecko) Chrome/147.0.0.0 Safari/537.36","payloadBytes":2}
{"ts":"2026-05-03T15:53:55.170Z","level":"REQUEST_DONE","reqId":"MOPYAG9P-ZH01GM","route":"PURCHASE_ORDER","method":"OPTIONS","url":"/tpr-purchase-order/pdf","status":204,"durationMs":4,"responseSize":"0 B"}
{"ts":"2026-05-03T15:53:55.172Z","level":"STEP","reqId":"MOPYAG9W-WYN39A","route":"PURCHASE_ORDER","stage":"START","detail":"POST /tpr-purchase-order/pdf","method":"POST","url":"/tpr-purchase-order/pdf"}
{"ts":"2026-05-03T15:53:55.173Z","level":"REQUEST_START","reqId":"MOPYAG9W-WYN39A","route":"PURCHASE_ORDER","method":"POST","url":"/tpr-purchase-order/pdf","ip":"::1","origin":"http://localhost:5174","ua":"Mozilla/5.0 (Windows NT 10.0; Win64; x64) AppleWebKit/537.36 (KHTML, like Gecko) Chrome/147.0.0.0 Safari/537.36","payloadBytes":2}
{"ts":"2026-05-03T15:53:55.198Z","level":"STEP","reqId":"MOPYAG9W-WYN39A","route":"PURCHASE_ORDER","stage":"ROUTE","detail":"pdf mode","method":"POST","url":"/tpr-purchase-order/pdf"}
{"ts":"2026-05-03T15:53:55.200Z","level":"STEP","reqId":"MOPYAG9W-WYN39A","route":"PURCHASE_ORDER","stage":"NORMALIZE","detail":"payload 1.16 KB","method":"POST","url":"/tpr-purchase-order/pdf"}
{"ts":"2026-05-03T15:53:55.202Z","level":"STEP","reqId":"MOPYAG9W-WYN39A","route":"PURCHASE_ORDER","stage":"TEMPLATE","detail":"render html before pdf","method":"POST","url":"/tpr-purchase-order/pdf"}
{"ts":"2026-05-03T15:53:55.232Z","level":"INFO","title":"PUPPETEER","message":"launch browser..."}
{"ts":"2026-05-03T15:53:55.698Z","level":"OK","title":"PUPPETEER","message":"browser launched"}
{"ts":"2026-05-03T15:53:55.749Z","level":"STEP","reqId":"MOPYAG9W-WYN39A","route":"PURCHASE_ORDER","stage":"PDF:PAGE_OPEN","detail":"create new page","method":"POST","url":"/tpr-purchase-order/pdf"}
{"ts":"2026-05-03T15:53:55.753Z","level":"STEP","reqId":"MOPYAG9W-WYN39A","route":"PURCHASE_ORDER","stage":"PDF:SET_CONTENT","detail":"html size 13.4 KB","method":"POST","url":"/tpr-purchase-order/pdf"}
{"ts":"2026-05-03T15:53:57.674Z","level":"STEP","reqId":"MOPYAG9W-WYN39A","route":"PURCHASE_ORDER","stage":"PDF:FONTS_READY","detail":"waiting document.fonts.ready","method":"POST","url":"/tpr-purchase-order/pdf"}
{"ts":"2026-05-03T15:53:57.677Z","level":"STEP","reqId":"MOPYAG9W-WYN39A","route":"PURCHASE_ORDER","stage":"PDF:RENDER","detail":"format=A4 media=screen landscape=false","method":"POST","url":"/tpr-purchase-order/pdf"}
{"ts":"2026-05-03T15:53:57.865Z","level":"STEP","reqId":"MOPYAG9W-WYN39A","route":"PURCHASE_ORDER","stage":"PDF:BUFFER_READY","detail":"pdf size 216 KB","method":"POST","url":"/tpr-purchase-order/pdf"}
{"ts":"2026-05-03T15:53:57.866Z","level":"STEP","reqId":"MOPYAG9W-WYN39A","route":"PURCHASE_ORDER","stage":"PDF:PAGE_CLOSE","detail":"close page","method":"POST","url":"/tpr-purchase-order/pdf"}
{"ts":"2026-05-03T15:53:57.878Z","level":"STEP","reqId":"MOPYAG9W-WYN39A","route":"PURCHASE_ORDER","stage":"RESPOND_PDF","detail":"filename=tpr_purchase_order.pdf","method":"POST","url":"/tpr-purchase-order/pdf"}
{"ts":"2026-05-03T15:53:57.878Z","level":"PDF_RESPONSE","reqId":"MOPYAG9W-WYN39A","route":"PURCHASE_ORDER","method":"POST","url":"/tpr-purchase-order/pdf","filename":"tpr_purchase_order.pdf","pdfBytes":220763}
{"ts":"2026-05-03T15:53:57.882Z","level":"REQUEST_DONE","reqId":"MOPYAG9W-WYN39A","route":"PURCHASE_ORDER","method":"POST","url":"/tpr-purchase-order/pdf","status":200,"durationMs":2710,"responseSize":"216 KB"}
{"ts":"2026-05-03T15:54:08.130Z","level":"STEP","reqId":"MOPYAQ9U-B8NKYR","route":"PURCHASE_ORDER","stage":"START","detail":"OPTIONS /tpr-purchase-order/pdf","method":"OPTIONS","url":"/tpr-purchase-order/pdf"}
{"ts":"2026-05-03T15:54:08.131Z","level":"REQUEST_START","reqId":"MOPYAQ9U-B8NKYR","route":"PURCHASE_ORDER","method":"OPTIONS","url":"/tpr-purchase-order/pdf","ip":"::1","origin":"http://localhost:5174","ua":"Mozilla/5.0 (Windows NT 10.0; Win64; x64) AppleWebKit/537.36 (KHTML, like Gecko) Chrome/147.0.0.0 Safari/537.36","payloadBytes":2}
{"ts":"2026-05-03T15:54:08.132Z","level":"REQUEST_DONE","reqId":"MOPYAQ9U-B8NKYR","route":"PURCHASE_ORDER","method":"OPTIONS","url":"/tpr-purchase-order/pdf","status":204,"durationMs":2,"responseSize":"0 B"}
{"ts":"2026-05-03T15:54:08.133Z","level":"STEP","reqId":"MOPYAQ9X-WI5GW9","route":"PURCHASE_ORDER","stage":"START","detail":"POST /tpr-purchase-order/pdf","method":"POST","url":"/tpr-purchase-order/pdf"}
{"ts":"2026-05-03T15:54:08.133Z","level":"REQUEST_START","reqId":"MOPYAQ9X-WI5GW9","route":"PURCHASE_ORDER","method":"POST","url":"/tpr-purchase-order/pdf","ip":"::1","origin":"http://localhost:5174","ua":"Mozilla/5.0 (Windows NT 10.0; Win64; x64) AppleWebKit/537.36 (KHTML, like Gecko) Chrome/147.0.0.0 Safari/537.36","payloadBytes":2}
{"ts":"2026-05-03T15:54:08.135Z","level":"STEP","reqId":"MOPYAQ9X-WI5GW9","route":"PURCHASE_ORDER","stage":"ROUTE","detail":"pdf mode","method":"POST","url":"/tpr-purchase-order/pdf"}
{"ts":"2026-05-03T15:54:08.135Z","level":"STEP","reqId":"MOPYAQ9X-WI5GW9","route":"PURCHASE_ORDER","stage":"NORMALIZE","detail":"payload 1.16 KB","method":"POST","url":"/tpr-purchase-order/pdf"}
{"ts":"2026-05-03T15:54:08.136Z","level":"STEP","reqId":"MOPYAQ9X-WI5GW9","route":"PURCHASE_ORDER","stage":"TEMPLATE","detail":"render html before pdf","method":"POST","url":"/tpr-purchase-order/pdf"}
{"ts":"2026-05-03T15:54:08.137Z","level":"INFO","title":"PUPPETEER","message":"reuse existing browser instance"}
{"ts":"2026-05-03T15:54:08.206Z","level":"STEP","reqId":"MOPYAQ9X-WI5GW9","route":"PURCHASE_ORDER","stage":"PDF:PAGE_OPEN","detail":"create new page","method":"POST","url":"/tpr-purchase-order/pdf"}
{"ts":"2026-05-03T15:54:08.211Z","level":"STEP","reqId":"MOPYAQ9X-WI5GW9","route":"PURCHASE_ORDER","stage":"PDF:SET_CONTENT","detail":"html size 13.4 KB","method":"POST","url":"/tpr-purchase-order/pdf"}
{"ts":"2026-05-03T15:54:09.198Z","level":"STEP","reqId":"MOPYAQ9X-WI5GW9","route":"PURCHASE_ORDER","stage":"PDF:FONTS_READY","detail":"waiting document.fonts.ready","method":"POST","url":"/tpr-purchase-order/pdf"}
{"ts":"2026-05-03T15:54:09.203Z","level":"STEP","reqId":"MOPYAQ9X-WI5GW9","route":"PURCHASE_ORDER","stage":"PDF:RENDER","detail":"format=A4 media=screen landscape=false","method":"POST","url":"/tpr-purchase-order/pdf"}
{"ts":"2026-05-03T15:54:09.388Z","level":"STEP","reqId":"MOPYAQ9X-WI5GW9","route":"PURCHASE_ORDER","stage":"PDF:BUFFER_READY","detail":"pdf size 216 KB","method":"POST","url":"/tpr-purchase-order/pdf"}
{"ts":"2026-05-03T15:54:09.388Z","level":"STEP","reqId":"MOPYAQ9X-WI5GW9","route":"PURCHASE_ORDER","stage":"PDF:PAGE_CLOSE","detail":"close page","method":"POST","url":"/tpr-purchase-order/pdf"}
{"ts":"2026-05-03T15:54:09.398Z","level":"STEP","reqId":"MOPYAQ9X-WI5GW9","route":"PURCHASE_ORDER","stage":"RESPOND_PDF","detail":"filename=tpr_purchase_order.pdf","method":"POST","url":"/tpr-purchase-order/pdf"}
{"ts":"2026-05-03T15:54:09.399Z","level":"PDF_RESPONSE","reqId":"MOPYAQ9X-WI5GW9","route":"PURCHASE_ORDER","method":"POST","url":"/tpr-purchase-order/pdf","filename":"tpr_purchase_order.pdf","pdfBytes":220763}
{"ts":"2026-05-03T15:54:09.401Z","level":"REQUEST_DONE","reqId":"MOPYAQ9X-WI5GW9","route":"PURCHASE_ORDER","method":"POST","url":"/tpr-purchase-order/pdf","status":200,"durationMs":1267,"responseSize":"216 KB"}
{"ts":"2026-05-03T16:06:03.253Z","level":"INFO","title":"TEMPLATE","message":"compile templates\\tpr_quotation.hbs","templatePath":"C:\\Projcet TPR\\report-server\\templates\\tpr_quotation.hbs"}
{"ts":"2026-05-03T16:06:03.255Z","level":"INFO","title":"TEMPLATE","message":"compile templates\\tpr_credit_note.hbs","templatePath":"C:\\Projcet TPR\\report-server\\templates\\tpr_credit_note.hbs"}
{"ts":"2026-05-03T16:06:03.256Z","level":"INFO","title":"TEMPLATE","message":"compile templates\\tpr_invoice.hbs","templatePath":"C:\\Projcet TPR\\report-server\\templates\\tpr_invoice.hbs"}
{"ts":"2026-05-03T16:06:03.256Z","level":"INFO","title":"TEMPLATE","message":"compile templates\\tpr_purchase_order.hbs","templatePath":"C:\\Projcet TPR\\report-server\\templates\\tpr_purchase_order.hbs"}
{"ts":"2026-05-03T16:06:03.258Z","level":"INFO","title":"TEMPLATE","message":"compile templates\\tpr_receipt.hbs","templatePath":"C:\\Projcet TPR\\report-server\\templates\\tpr_receipt.hbs"}
{"ts":"2026-05-03T16:06:03.259Z","level":"INFO","title":"TEMPLATE","message":"compile templates\\tpr_tax_receipt.hbs","templatePath":"C:\\Projcet TPR\\report-server\\templates\\tpr_tax_receipt.hbs"}
{"ts":"2026-05-03T16:06:03.261Z","level":"INFO","title":"TEMPLATE","message":"compile templates\\tpr_withholding_tax_certificate.hbs","templatePath":"C:\\Projcet TPR\\report-server\\templates\\tpr_withholding_tax_certificate.hbs"}
{"ts":"2026-05-03T16:06:03.262Z","level":"INFO","title":"TEMPLATE","message":"compile templates\\tpr_payment_voucher.hbs","templatePath":"C:\\Projcet TPR\\report-server\\templates\\tpr_payment_voucher.hbs"}
{"ts":"2026-05-03T16:06:03.264Z","level":"INFO","title":"TEMPLATE","message":"compile templates\\tpr_receipt_voucher.hbs","templatePath":"C:\\Projcet TPR\\report-server\\templates\\tpr_receipt_voucher.hbs"}
{"ts":"2026-05-03T16:06:03.266Z","level":"INFO","title":"TEMPLATE","message":"compile templates\\tpr_petty_cash_voucher.hbs","templatePath":"C:\\Projcet TPR\\report-server\\templates\\tpr_petty_cash_voucher.hbs"}
{"ts":"2026-05-03T16:06:03.268Z","level":"INFO","title":"TEMPLATE","message":"compile templates\\tpr_petty_cash_request.hbs","templatePath":"C:\\Projcet TPR\\report-server\\templates\\tpr_petty_cash_request.hbs"}
{"ts":"2026-05-03T16:06:03.268Z","level":"INFO","title":"TEMPLATE","message":"compile templates\\tpr_petty_cash_payment_report.hbs","templatePath":"C:\\Projcet TPR\\report-server\\templates\\tpr_petty_cash_payment_report.hbs"}
{"ts":"2026-05-03T16:06:03.269Z","level":"INFO","title":"TEMPLATE","message":"compile templates\\tpr_receipt_certification.hbs","templatePath":"C:\\Projcet TPR\\report-server\\templates\\tpr_receipt_certification.hbs"}
{"ts":"2026-05-03T16:06:03.270Z","level":"WARN","title":"CSS","message":"inline missing: C:\\Projcet TPR\\report-server\\public\\css\\quotation.css (ไม่จำเป็นถ้า CSS อยู่ใน hbs แล้ว)","cssPath":"C:\\Projcet TPR\\report-server\\public\\css\\quotation.css"}
{"ts":"2026-05-03T16:06:03.298Z","level":"OK","title":"READY","message":"PDF server is running","port":4100,"logFile":"C:\\Projcet TPR\\report-server\\logs\\server-2026-05-03.log"}
{"ts":"2026-05-03T16:06:03.299Z","level":"BOOT","message":"PDF server is running","port":4100,"logFile":"C:\\Projcet TPR\\report-server\\logs\\server-2026-05-03.log"}
{"ts":"2026-05-03T16:07:58.928Z","level":"STEP","reqId":"MOPYSJBJ-6LJ6PG","route":"PURCHASE_ORDER","stage":"START","detail":"OPTIONS /tpr-purchase-order/pdf","method":"OPTIONS","url":"/tpr-purchase-order/pdf"}
{"ts":"2026-05-03T16:07:58.929Z","level":"REQUEST_START","reqId":"MOPYSJBJ-6LJ6PG","route":"PURCHASE_ORDER","method":"OPTIONS","url":"/tpr-purchase-order/pdf","ip":"::1","origin":"http://localhost:5174","ua":"Mozilla/5.0 (Windows NT 10.0; Win64; x64) AppleWebKit/537.36 (KHTML, like Gecko) Chrome/147.0.0.0 Safari/537.36","payloadBytes":2}
{"ts":"2026-05-03T16:07:58.934Z","level":"REQUEST_DONE","reqId":"MOPYSJBJ-6LJ6PG","route":"PURCHASE_ORDER","method":"OPTIONS","url":"/tpr-purchase-order/pdf","status":204,"durationMs":6,"responseSize":"0 B"}
{"ts":"2026-05-03T16:07:58.935Z","level":"STEP","reqId":"MOPYSJBR-Y3OCFO","route":"PURCHASE_ORDER","stage":"START","detail":"POST /tpr-purchase-order/pdf","method":"POST","url":"/tpr-purchase-order/pdf"}
{"ts":"2026-05-03T16:07:58.937Z","level":"REQUEST_START","reqId":"MOPYSJBR-Y3OCFO","route":"PURCHASE_ORDER","method":"POST","url":"/tpr-purchase-order/pdf","ip":"::1","origin":"http://localhost:5174","ua":"Mozilla/5.0 (Windows NT 10.0; Win64; x64) AppleWebKit/537.36 (KHTML, like Gecko) Chrome/147.0.0.0 Safari/537.36","payloadBytes":2}
{"ts":"2026-05-03T16:07:58.965Z","level":"STEP","reqId":"MOPYSJBR-Y3OCFO","route":"PURCHASE_ORDER","stage":"ROUTE","detail":"pdf mode","method":"POST","url":"/tpr-purchase-order/pdf"}
{"ts":"2026-05-03T16:07:58.965Z","level":"STEP","reqId":"MOPYSJBR-Y3OCFO","route":"PURCHASE_ORDER","stage":"NORMALIZE","detail":"payload 1.27 KB","method":"POST","url":"/tpr-purchase-order/pdf"}
{"ts":"2026-05-03T16:07:58.967Z","level":"STEP","reqId":"MOPYSJBR-Y3OCFO","route":"PURCHASE_ORDER","stage":"TEMPLATE","detail":"render html before pdf","method":"POST","url":"/tpr-purchase-order/pdf"}
{"ts":"2026-05-03T16:07:58.994Z","level":"INFO","title":"PUPPETEER","message":"launch browser..."}
{"ts":"2026-05-03T16:07:59.482Z","level":"OK","title":"PUPPETEER","message":"browser launched"}
{"ts":"2026-05-03T16:07:59.572Z","level":"STEP","reqId":"MOPYSJBR-Y3OCFO","route":"PURCHASE_ORDER","stage":"PDF:PAGE_OPEN","detail":"create new page","method":"POST","url":"/tpr-purchase-order/pdf"}
{"ts":"2026-05-03T16:07:59.577Z","level":"STEP","reqId":"MOPYSJBR-Y3OCFO","route":"PURCHASE_ORDER","stage":"PDF:SET_CONTENT","detail":"html size 13.5 KB","method":"POST","url":"/tpr-purchase-order/pdf"}
{"ts":"2026-05-03T16:08:01.143Z","level":"STEP","reqId":"MOPYSJBR-Y3OCFO","route":"PURCHASE_ORDER","stage":"PDF:FONTS_READY","detail":"waiting document.fonts.ready","method":"POST","url":"/tpr-purchase-order/pdf"}
{"ts":"2026-05-03T16:08:01.145Z","level":"STEP","reqId":"MOPYSJBR-Y3OCFO","route":"PURCHASE_ORDER","stage":"PDF:RENDER","detail":"format=A4 media=screen landscape=false","method":"POST","url":"/tpr-purchase-order/pdf"}
{"ts":"2026-05-03T16:08:01.352Z","level":"STEP","reqId":"MOPYSJBR-Y3OCFO","route":"PURCHASE_ORDER","stage":"PDF:BUFFER_READY","detail":"pdf size 217 KB","method":"POST","url":"/tpr-purchase-order/pdf"}
{"ts":"2026-05-03T16:08:01.352Z","level":"STEP","reqId":"MOPYSJBR-Y3OCFO","route":"PURCHASE_ORDER","stage":"PDF:PAGE_CLOSE","detail":"close page","method":"POST","url":"/tpr-purchase-order/pdf"}
{"ts":"2026-05-03T16:08:01.365Z","level":"STEP","reqId":"MOPYSJBR-Y3OCFO","route":"PURCHASE_ORDER","stage":"RESPOND_PDF","detail":"filename=tpr_purchase_order.pdf","method":"POST","url":"/tpr-purchase-order/pdf"}
{"ts":"2026-05-03T16:08:01.371Z","level":"PDF_RESPONSE","reqId":"MOPYSJBR-Y3OCFO","route":"PURCHASE_ORDER","method":"POST","url":"/tpr-purchase-order/pdf","filename":"tpr_purchase_order.pdf","pdfBytes":222374}
{"ts":"2026-05-03T16:08:01.400Z","level":"REQUEST_DONE","reqId":"MOPYSJBR-Y3OCFO","route":"PURCHASE_ORDER","method":"POST","url":"/tpr-purchase-order/pdf","status":200,"durationMs":2444,"responseSize":"217 KB"}
{"ts":"2026-05-03T16:33:30.808Z","level":"INFO","title":"TEMPLATE","message":"compile templates\\tpr_quotation.hbs","templatePath":"C:\\Projcet TPR\\report-server\\templates\\tpr_quotation.hbs"}
{"ts":"2026-05-03T16:33:30.811Z","level":"INFO","title":"TEMPLATE","message":"compile templates\\tpr_credit_note.hbs","templatePath":"C:\\Projcet TPR\\report-server\\templates\\tpr_credit_note.hbs"}
{"ts":"2026-05-03T16:33:30.811Z","level":"INFO","title":"TEMPLATE","message":"compile templates\\tpr_invoice.hbs","templatePath":"C:\\Projcet TPR\\report-server\\templates\\tpr_invoice.hbs"}
{"ts":"2026-05-03T16:33:30.812Z","level":"INFO","title":"TEMPLATE","message":"compile templates\\tpr_purchase_order.hbs","templatePath":"C:\\Projcet TPR\\report-server\\templates\\tpr_purchase_order.hbs"}
{"ts":"2026-05-03T16:33:30.813Z","level":"INFO","title":"TEMPLATE","message":"compile templates\\tpr_receipt.hbs","templatePath":"C:\\Projcet TPR\\report-server\\templates\\tpr_receipt.hbs"}
{"ts":"2026-05-03T16:33:30.815Z","level":"INFO","title":"TEMPLATE","message":"compile templates\\tpr_tax_receipt.hbs","templatePath":"C:\\Projcet TPR\\report-server\\templates\\tpr_tax_receipt.hbs"}
{"ts":"2026-05-03T16:33:30.816Z","level":"INFO","title":"TEMPLATE","message":"compile templates\\tpr_withholding_tax_certificate.hbs","templatePath":"C:\\Projcet TPR\\report-server\\templates\\tpr_withholding_tax_certificate.hbs"}
{"ts":"2026-05-03T16:33:30.817Z","level":"INFO","title":"TEMPLATE","message":"compile templates\\tpr_payment_voucher.hbs","templatePath":"C:\\Projcet TPR\\report-server\\templates\\tpr_payment_voucher.hbs"}
{"ts":"2026-05-03T16:33:30.818Z","level":"INFO","title":"TEMPLATE","message":"compile templates\\tpr_receipt_voucher.hbs","templatePath":"C:\\Projcet TPR\\report-server\\templates\\tpr_receipt_voucher.hbs"}
{"ts":"2026-05-03T16:33:30.819Z","level":"INFO","title":"TEMPLATE","message":"compile templates\\tpr_petty_cash_voucher.hbs","templatePath":"C:\\Projcet TPR\\report-server\\templates\\tpr_petty_cash_voucher.hbs"}
{"ts":"2026-05-03T16:33:30.821Z","level":"INFO","title":"TEMPLATE","message":"compile templates\\tpr_petty_cash_request.hbs","templatePath":"C:\\Projcet TPR\\report-server\\templates\\tpr_petty_cash_request.hbs"}
{"ts":"2026-05-03T16:33:30.822Z","level":"INFO","title":"TEMPLATE","message":"compile templates\\tpr_petty_cash_payment_report.hbs","templatePath":"C:\\Projcet TPR\\report-server\\templates\\tpr_petty_cash_payment_report.hbs"}
{"ts":"2026-05-03T16:33:30.823Z","level":"INFO","title":"TEMPLATE","message":"compile templates\\tpr_receipt_certification.hbs","templatePath":"C:\\Projcet TPR\\report-server\\templates\\tpr_receipt_certification.hbs"}
{"ts":"2026-05-03T16:33:30.824Z","level":"WARN","title":"CSS","message":"inline missing: C:\\Projcet TPR\\report-server\\public\\css\\quotation.css (ไม่จำเป็นถ้า CSS อยู่ใน hbs แล้ว)","cssPath":"C:\\Projcet TPR\\report-server\\public\\css\\quotation.css"}
{"ts":"2026-05-03T16:33:30.859Z","level":"OK","title":"READY","message":"PDF server is running","port":4100,"logFile":"C:\\Projcet TPR\\report-server\\logs\\server-2026-05-03.log"}
{"ts":"2026-05-03T16:33:30.859Z","level":"BOOT","message":"PDF server is running","port":4100,"logFile":"C:\\Projcet TPR\\report-server\\logs\\server-2026-05-03.log"}
{"ts":"2026-05-03T16:36:34.383Z","level":"INFO","title":"TEMPLATE","message":"compile templates\\tpr_quotation.hbs","templatePath":"C:\\Projcet TPR\\report-server\\templates\\tpr_quotation.hbs"}
{"ts":"2026-05-03T16:36:34.385Z","level":"INFO","title":"TEMPLATE","message":"compile templates\\tpr_credit_note.hbs","templatePath":"C:\\Projcet TPR\\report-server\\templates\\tpr_credit_note.hbs"}
{"ts":"2026-05-03T16:36:34.387Z","level":"INFO","title":"TEMPLATE","message":"compile templates\\tpr_invoice.hbs","templatePath":"C:\\Projcet TPR\\report-server\\templates\\tpr_invoice.hbs"}
{"ts":"2026-05-03T16:36:34.388Z","level":"INFO","title":"TEMPLATE","message":"compile templates\\tpr_purchase_order.hbs","templatePath":"C:\\Projcet TPR\\report-server\\templates\\tpr_purchase_order.hbs"}
{"ts":"2026-05-03T16:36:34.390Z","level":"INFO","title":"TEMPLATE","message":"compile templates\\tpr_receipt.hbs","templatePath":"C:\\Projcet TPR\\report-server\\templates\\tpr_receipt.hbs"}
{"ts":"2026-05-03T16:36:34.391Z","level":"INFO","title":"TEMPLATE","message":"compile templates\\tpr_tax_receipt.hbs","templatePath":"C:\\Projcet TPR\\report-server\\templates\\tpr_tax_receipt.hbs"}
{"ts":"2026-05-03T16:36:34.393Z","level":"INFO","title":"TEMPLATE","message":"compile templates\\tpr_withholding_tax_certificate.hbs","templatePath":"C:\\Projcet TPR\\report-server\\templates\\tpr_withholding_tax_certificate.hbs"}
{"ts":"2026-05-03T16:36:34.395Z","level":"INFO","title":"TEMPLATE","message":"compile templates\\tpr_payment_voucher.hbs","templatePath":"C:\\Projcet TPR\\report-server\\templates\\tpr_payment_voucher.hbs"}
{"ts":"2026-05-03T16:36:34.396Z","level":"INFO","title":"TEMPLATE","message":"compile templates\\tpr_receipt_voucher.hbs","templatePath":"C:\\Projcet TPR\\report-server\\templates\\tpr_receipt_voucher.hbs"}
{"ts":"2026-05-03T16:36:34.398Z","level":"INFO","title":"TEMPLATE","message":"compile templates\\tpr_petty_cash_voucher.hbs","templatePath":"C:\\Projcet TPR\\report-server\\templates\\tpr_petty_cash_voucher.hbs"}
{"ts":"2026-05-03T16:36:34.400Z","level":"INFO","title":"TEMPLATE","message":"compile templates\\tpr_petty_cash_request.hbs","templatePath":"C:\\Projcet TPR\\report-server\\templates\\tpr_petty_cash_request.hbs"}
{"ts":"2026-05-03T16:36:34.401Z","level":"INFO","title":"TEMPLATE","message":"compile templates\\tpr_petty_cash_payment_report.hbs","templatePath":"C:\\Projcet TPR\\report-server\\templates\\tpr_petty_cash_payment_report.hbs"}
{"ts":"2026-05-03T16:36:34.402Z","level":"INFO","title":"TEMPLATE","message":"compile templates\\tpr_receipt_certification.hbs","templatePath":"C:\\Projcet TPR\\report-server\\templates\\tpr_receipt_certification.hbs"}
{"ts":"2026-05-03T16:36:34.408Z","level":"WARN","title":"CSS","message":"inline missing: C:\\Projcet TPR\\report-server\\public\\css\\quotation.css (ไม่จำเป็นถ้า CSS อยู่ใน hbs แล้ว)","cssPath":"C:\\Projcet TPR\\report-server\\public\\css\\quotation.css"}
{"ts":"2026-05-03T16:36:34.438Z","level":"OK","title":"READY","message":"PDF server is running","port":4100,"logFile":"C:\\Projcet TPR\\report-server\\logs\\server-2026-05-03.log"}
{"ts":"2026-05-03T16:36:34.438Z","level":"BOOT","message":"PDF server is running","port":4100,"logFile":"C:\\Projcet TPR\\report-server\\logs\\server-2026-05-03.log"}
{"ts":"2026-05-03T16:37:20.676Z","level":"INFO","title":"TEMPLATE","message":"compile templates\\tpr_quotation.hbs","templatePath":"C:\\Projcet TPR\\report-server\\templates\\tpr_quotation.hbs"}
{"ts":"2026-05-03T16:37:20.679Z","level":"INFO","title":"TEMPLATE","message":"compile templates\\tpr_credit_note.hbs","templatePath":"C:\\Projcet TPR\\report-server\\templates\\tpr_credit_note.hbs"}
{"ts":"2026-05-03T16:37:20.680Z","level":"INFO","title":"TEMPLATE","message":"compile templates\\tpr_invoice.hbs","templatePath":"C:\\Projcet TPR\\report-server\\templates\\tpr_invoice.hbs"}
{"ts":"2026-05-03T16:37:20.681Z","level":"INFO","title":"TEMPLATE","message":"compile templates\\tpr_purchase_order.hbs","templatePath":"C:\\Projcet TPR\\report-server\\templates\\tpr_purchase_order.hbs"}
{"ts":"2026-05-03T16:37:20.682Z","level":"INFO","title":"TEMPLATE","message":"compile templates\\tpr_receipt.hbs","templatePath":"C:\\Projcet TPR\\report-server\\templates\\tpr_receipt.hbs"}
{"ts":"2026-05-03T16:37:20.683Z","level":"INFO","title":"TEMPLATE","message":"compile templates\\tpr_tax_receipt.hbs","templatePath":"C:\\Projcet TPR\\report-server\\templates\\tpr_tax_receipt.hbs"}
{"ts":"2026-05-03T16:37:20.684Z","level":"INFO","title":"TEMPLATE","message":"compile templates\\tpr_withholding_tax_certificate.hbs","templatePath":"C:\\Projcet TPR\\report-server\\templates\\tpr_withholding_tax_certificate.hbs"}
{"ts":"2026-05-03T16:37:20.685Z","level":"INFO","title":"TEMPLATE","message":"compile templates\\tpr_payment_voucher.hbs","templatePath":"C:\\Projcet TPR\\report-server\\templates\\tpr_payment_voucher.hbs"}
{"ts":"2026-05-03T16:37:20.687Z","level":"INFO","title":"TEMPLATE","message":"compile templates\\tpr_receipt_voucher.hbs","templatePath":"C:\\Projcet TPR\\report-server\\templates\\tpr_receipt_voucher.hbs"}
{"ts":"2026-05-03T16:37:20.688Z","level":"INFO","title":"TEMPLATE","message":"compile templates\\tpr_petty_cash_voucher.hbs","templatePath":"C:\\Projcet TPR\\report-server\\templates\\tpr_petty_cash_voucher.hbs"}
{"ts":"2026-05-03T16:37:20.690Z","level":"INFO","title":"TEMPLATE","message":"compile templates\\tpr_petty_cash_request.hbs","templatePath":"C:\\Projcet TPR\\report-server\\templates\\tpr_petty_cash_request.hbs"}
{"ts":"2026-05-03T16:37:20.690Z","level":"INFO","title":"TEMPLATE","message":"compile templates\\tpr_petty_cash_payment_report.hbs","templatePath":"C:\\Projcet TPR\\report-server\\templates\\tpr_petty_cash_payment_report.hbs"}
{"ts":"2026-05-03T16:37:20.693Z","level":"INFO","title":"TEMPLATE","message":"compile templates\\tpr_receipt_certification.hbs","templatePath":"C:\\Projcet TPR\\report-server\\templates\\tpr_receipt_certification.hbs"}
{"ts":"2026-05-03T16:37:20.694Z","level":"WARN","title":"CSS","message":"inline missing: C:\\Projcet TPR\\report-server\\public\\css\\quotation.css (ไม่จำเป็นถ้า CSS อยู่ใน hbs แล้ว)","cssPath":"C:\\Projcet TPR\\report-server\\public\\css\\quotation.css"}
{"ts":"2026-05-03T16:37:20.726Z","level":"OK","title":"READY","message":"PDF server is running","port":4100,"logFile":"C:\\Projcet TPR\\report-server\\logs\\server-2026-05-03.log"}
{"ts":"2026-05-03T16:37:20.727Z","level":"BOOT","message":"PDF server is running","port":4100,"logFile":"C:\\Projcet TPR\\report-server\\logs\\server-2026-05-03.log"}
{"ts":"2026-05-03T16:38:07.114Z","level":"INFO","title":"TEMPLATE","message":"compile templates\\tpr_quotation.hbs","templatePath":"C:\\Projcet TPR\\report-server\\templates\\tpr_quotation.hbs"}
{"ts":"2026-05-03T16:38:07.116Z","level":"INFO","title":"TEMPLATE","message":"compile templates\\tpr_credit_note.hbs","templatePath":"C:\\Projcet TPR\\report-server\\templates\\tpr_credit_note.hbs"}
{"ts":"2026-05-03T16:38:07.117Z","level":"INFO","title":"TEMPLATE","message":"compile templates\\tpr_invoice.hbs","templatePath":"C:\\Projcet TPR\\report-server\\templates\\tpr_invoice.hbs"}
{"ts":"2026-05-03T16:38:07.118Z","level":"INFO","title":"TEMPLATE","message":"compile templates\\tpr_purchase_order.hbs","templatePath":"C:\\Projcet TPR\\report-server\\templates\\tpr_purchase_order.hbs"}
{"ts":"2026-05-03T16:38:07.118Z","level":"INFO","title":"TEMPLATE","message":"compile templates\\tpr_receipt.hbs","templatePath":"C:\\Projcet TPR\\report-server\\templates\\tpr_receipt.hbs"}
{"ts":"2026-05-03T16:38:07.119Z","level":"INFO","title":"TEMPLATE","message":"compile templates\\tpr_tax_receipt.hbs","templatePath":"C:\\Projcet TPR\\report-server\\templates\\tpr_tax_receipt.hbs"}
{"ts":"2026-05-03T16:38:07.120Z","level":"INFO","title":"TEMPLATE","message":"compile templates\\tpr_withholding_tax_certificate.hbs","templatePath":"C:\\Projcet TPR\\report-server\\templates\\tpr_withholding_tax_certificate.hbs"}
{"ts":"2026-05-03T16:38:07.121Z","level":"INFO","title":"TEMPLATE","message":"compile templates\\tpr_payment_voucher.hbs","templatePath":"C:\\Projcet TPR\\report-server\\templates\\tpr_payment_voucher.hbs"}
{"ts":"2026-05-03T16:38:07.122Z","level":"INFO","title":"TEMPLATE","message":"compile templates\\tpr_receipt_voucher.hbs","templatePath":"C:\\Projcet TPR\\report-server\\templates\\tpr_receipt_voucher.hbs"}
{"ts":"2026-05-03T16:38:07.123Z","level":"INFO","title":"TEMPLATE","message":"compile templates\\tpr_petty_cash_voucher.hbs","templatePath":"C:\\Projcet TPR\\report-server\\templates\\tpr_petty_cash_voucher.hbs"}
{"ts":"2026-05-03T16:38:07.123Z","level":"INFO","title":"TEMPLATE","message":"compile templates\\tpr_petty_cash_request.hbs","templatePath":"C:\\Projcet TPR\\report-server\\templates\\tpr_petty_cash_request.hbs"}
{"ts":"2026-05-03T16:38:07.124Z","level":"INFO","title":"TEMPLATE","message":"compile templates\\tpr_petty_cash_payment_report.hbs","templatePath":"C:\\Projcet TPR\\report-server\\templates\\tpr_petty_cash_payment_report.hbs"}
{"ts":"2026-05-03T16:38:07.124Z","level":"INFO","title":"TEMPLATE","message":"compile templates\\tpr_receipt_certification.hbs","templatePath":"C:\\Projcet TPR\\report-server\\templates\\tpr_receipt_certification.hbs"}
{"ts":"2026-05-03T16:38:07.125Z","level":"WARN","title":"CSS","message":"inline missing: C:\\Projcet TPR\\report-server\\public\\css\\quotation.css (ไม่จำเป็นถ้า CSS อยู่ใน hbs แล้ว)","cssPath":"C:\\Projcet TPR\\report-server\\public\\css\\quotation.css"}
{"ts":"2026-05-03T16:38:07.150Z","level":"OK","title":"READY","message":"PDF server is running","port":4100,"logFile":"C:\\Projcet TPR\\report-server\\logs\\server-2026-05-03.log"}
{"ts":"2026-05-03T16:38:07.151Z","level":"BOOT","message":"PDF server is running","port":4100,"logFile":"C:\\Projcet TPR\\report-server\\logs\\server-2026-05-03.log"}
