{"ts":"2026-05-23T06:22:40.743Z","level":"INFO","title":"TEMPLATE","message":"compile templates\\tpr_quotation.hbs","templatePath":"C:\\Projcet TPR\\report-server\\templates\\tpr_quotation.hbs"}
{"ts":"2026-05-23T06:22:40.745Z","level":"INFO","title":"TEMPLATE","message":"compile templates\\tpr_credit_note.hbs","templatePath":"C:\\Projcet TPR\\report-server\\templates\\tpr_credit_note.hbs"}
{"ts":"2026-05-23T06:22:40.746Z","level":"INFO","title":"TEMPLATE","message":"compile templates\\tpr_invoice.hbs","templatePath":"C:\\Projcet TPR\\report-server\\templates\\tpr_invoice.hbs"}
{"ts":"2026-05-23T06:22:40.747Z","level":"INFO","title":"TEMPLATE","message":"compile templates\\tpr_purchase_order.hbs","templatePath":"C:\\Projcet TPR\\report-server\\templates\\tpr_purchase_order.hbs"}
{"ts":"2026-05-23T06:22:40.748Z","level":"INFO","title":"TEMPLATE","message":"compile templates\\tpr_receipt.hbs","templatePath":"C:\\Projcet TPR\\report-server\\templates\\tpr_receipt.hbs"}
{"ts":"2026-05-23T06:22:40.748Z","level":"INFO","title":"TEMPLATE","message":"compile templates\\tpr_tax_receipt.hbs","templatePath":"C:\\Projcet TPR\\report-server\\templates\\tpr_tax_receipt.hbs"}
{"ts":"2026-05-23T06:22:40.749Z","level":"INFO","title":"TEMPLATE","message":"compile templates\\tpr_withholding_tax_certificate.hbs","templatePath":"C:\\Projcet TPR\\report-server\\templates\\tpr_withholding_tax_certificate.hbs"}
{"ts":"2026-05-23T06:22:40.750Z","level":"INFO","title":"TEMPLATE","message":"compile templates\\tpr_payment_voucher.hbs","templatePath":"C:\\Projcet TPR\\report-server\\templates\\tpr_payment_voucher.hbs"}
{"ts":"2026-05-23T06:22:40.752Z","level":"INFO","title":"TEMPLATE","message":"compile templates\\tpr_receipt_voucher.hbs","templatePath":"C:\\Projcet TPR\\report-server\\templates\\tpr_receipt_voucher.hbs"}
{"ts":"2026-05-23T06:22:40.753Z","level":"INFO","title":"TEMPLATE","message":"compile templates\\tpr_petty_cash_voucher.hbs","templatePath":"C:\\Projcet TPR\\report-server\\templates\\tpr_petty_cash_voucher.hbs"}
{"ts":"2026-05-23T06:22:40.754Z","level":"INFO","title":"TEMPLATE","message":"compile templates\\tpr_petty_cash_request.hbs","templatePath":"C:\\Projcet TPR\\report-server\\templates\\tpr_petty_cash_request.hbs"}
{"ts":"2026-05-23T06:22:40.755Z","level":"INFO","title":"TEMPLATE","message":"compile templates\\tpr_petty_cash_payment_report.hbs","templatePath":"C:\\Projcet TPR\\report-server\\templates\\tpr_petty_cash_payment_report.hbs"}
{"ts":"2026-05-23T06:22:40.755Z","level":"INFO","title":"TEMPLATE","message":"compile templates\\tpr_receipt_certification.hbs","templatePath":"C:\\Projcet TPR\\report-server\\templates\\tpr_receipt_certification.hbs"}
{"ts":"2026-05-23T06:22:40.756Z","level":"INFO","title":"TEMPLATE","message":"compile templates\\tpr_payroll_slip.hbs","templatePath":"C:\\Projcet TPR\\report-server\\templates\\tpr_payroll_slip.hbs"}
{"ts":"2026-05-23T06:22:40.758Z","level":"WARN","title":"CSS","message":"inline missing: C:\\Projcet TPR\\report-server\\public\\css\\quotation.css (ไม่จำเป็นถ้า CSS อยู่ใน hbs แล้ว)","cssPath":"C:\\Projcet TPR\\report-server\\public\\css\\quotation.css"}
{"ts":"2026-05-23T06:22:40.762Z","level":"LOG_CLEANUP","message":"old log deleted","file":"server-2026-05-07.log"}
{"ts":"2026-05-23T06:22:40.778Z","level":"OK","title":"READY","message":"PDF server is running","port":4100,"logFile":"C:\\Projcet TPR\\report-server\\logs\\server-2026-05-23.log"}
{"ts":"2026-05-23T06:22:40.778Z","level":"BOOT","message":"PDF server is running","port":4100,"logFile":"C:\\Projcet TPR\\report-server\\logs\\server-2026-05-23.log"}
{"ts":"2026-05-23T06:23:11.577Z","level":"STEP","reqId":"MPHYPJ2W-UMT3QI","route":"PAYROLL_SLIP","stage":"START","detail":"OPTIONS /tpr-payroll-slip/pdf","method":"OPTIONS","url":"/tpr-payroll-slip/pdf"}
{"ts":"2026-05-23T06:23:11.578Z","level":"REQUEST_START","reqId":"MPHYPJ2W-UMT3QI","route":"PAYROLL_SLIP","method":"OPTIONS","url":"/tpr-payroll-slip/pdf","ip":"::1","origin":"http://localhost:5174","ua":"Mozilla/5.0 (Windows NT 10.0; Win64; x64) AppleWebKit/537.36 (KHTML, like Gecko) Chrome/148.0.0.0 Safari/537.36","payloadBytes":2}
{"ts":"2026-05-23T06:23:11.584Z","level":"REQUEST_DONE","reqId":"MPHYPJ2W-UMT3QI","route":"PAYROLL_SLIP","method":"OPTIONS","url":"/tpr-payroll-slip/pdf","status":204,"durationMs":7,"responseSize":"0 B"}
{"ts":"2026-05-23T06:23:11.586Z","level":"STEP","reqId":"MPHYPJ35-BGOXT6","route":"PAYROLL_SLIP","stage":"START","detail":"POST /tpr-payroll-slip/pdf","method":"POST","url":"/tpr-payroll-slip/pdf"}
{"ts":"2026-05-23T06:23:11.587Z","level":"REQUEST_START","reqId":"MPHYPJ35-BGOXT6","route":"PAYROLL_SLIP","method":"POST","url":"/tpr-payroll-slip/pdf","ip":"::1","origin":"http://localhost:5174","ua":"Mozilla/5.0 (Windows NT 10.0; Win64; x64) AppleWebKit/537.36 (KHTML, like Gecko) Chrome/148.0.0.0 Safari/537.36","payloadBytes":2}
{"ts":"2026-05-23T06:23:11.615Z","level":"STEP","reqId":"MPHYPJ35-BGOXT6","route":"PAYROLL_SLIP","stage":"ROUTE","detail":"pdf mode","method":"POST","url":"/tpr-payroll-slip/pdf"}
{"ts":"2026-05-23T06:23:11.616Z","level":"STEP","reqId":"MPHYPJ35-BGOXT6","route":"PAYROLL_SLIP","stage":"NORMALIZE","detail":"payload 2.62 KB","method":"POST","url":"/tpr-payroll-slip/pdf"}
{"ts":"2026-05-23T06:23:11.619Z","level":"STEP","reqId":"MPHYPJ35-BGOXT6","route":"PAYROLL_SLIP","stage":"TEMPLATE","detail":"render html before pdf","method":"POST","url":"/tpr-payroll-slip/pdf"}
{"ts":"2026-05-23T06:23:11.656Z","level":"INFO","title":"PUPPETEER","message":"launch browser..."}
{"ts":"2026-05-23T06:23:12.253Z","level":"OK","title":"PUPPETEER","message":"browser launched"}
{"ts":"2026-05-23T06:23:12.292Z","level":"STEP","reqId":"MPHYPJ35-BGOXT6","route":"PAYROLL_SLIP","stage":"PDF:PAGE_OPEN","detail":"create new page","method":"POST","url":"/tpr-payroll-slip/pdf"}
{"ts":"2026-05-23T06:23:12.295Z","level":"STEP","reqId":"MPHYPJ35-BGOXT6","route":"PAYROLL_SLIP","stage":"PDF:SET_CONTENT","detail":"html size 13.1 KB","method":"POST","url":"/tpr-payroll-slip/pdf"}
{"ts":"2026-05-23T06:23:13.389Z","level":"STEP","reqId":"MPHYPJ35-BGOXT6","route":"PAYROLL_SLIP","stage":"PDF:FONTS_READY","detail":"waiting document.fonts.ready","method":"POST","url":"/tpr-payroll-slip/pdf"}
{"ts":"2026-05-23T06:23:13.392Z","level":"STEP","reqId":"MPHYPJ35-BGOXT6","route":"PAYROLL_SLIP","stage":"PDF:RENDER","detail":"format=A4 media=screen landscape=true","method":"POST","url":"/tpr-payroll-slip/pdf"}
{"ts":"2026-05-23T06:23:13.606Z","level":"STEP","reqId":"MPHYPJ35-BGOXT6","route":"PAYROLL_SLIP","stage":"PDF:BUFFER_READY","detail":"pdf size 405 KB","method":"POST","url":"/tpr-payroll-slip/pdf"}
{"ts":"2026-05-23T06:23:13.607Z","level":"STEP","reqId":"MPHYPJ35-BGOXT6","route":"PAYROLL_SLIP","stage":"PDF:PAGE_CLOSE","detail":"close page","method":"POST","url":"/tpr-payroll-slip/pdf"}
{"ts":"2026-05-23T06:23:13.618Z","level":"STEP","reqId":"MPHYPJ35-BGOXT6","route":"PAYROLL_SLIP","stage":"RESPOND_PDF","detail":"filename=tpr_payroll_slip.pdf","method":"POST","url":"/tpr-payroll-slip/pdf"}
{"ts":"2026-05-23T06:23:13.619Z","level":"PDF_RESPONSE","reqId":"MPHYPJ35-BGOXT6","route":"PAYROLL_SLIP","method":"POST","url":"/tpr-payroll-slip/pdf","filename":"tpr_payroll_slip.pdf","pdfBytes":414846}
{"ts":"2026-05-23T06:23:13.622Z","level":"REQUEST_DONE","reqId":"MPHYPJ35-BGOXT6","route":"PAYROLL_SLIP","method":"POST","url":"/tpr-payroll-slip/pdf","status":200,"durationMs":2037,"responseSize":"405 KB"}
{"ts":"2026-05-23T07:31:36.985Z","level":"STEP","reqId":"MPI15IU0-61AU5U","route":"QUOTATION","stage":"START","detail":"OPTIONS /tpr-quotation/pdf","method":"OPTIONS","url":"/tpr-quotation/pdf"}
{"ts":"2026-05-23T07:31:36.988Z","level":"REQUEST_START","reqId":"MPI15IU0-61AU5U","route":"QUOTATION","method":"OPTIONS","url":"/tpr-quotation/pdf","ip":"::1","origin":"http://localhost:5174","ua":"Mozilla/5.0 (Windows NT 10.0; Win64; x64) AppleWebKit/537.36 (KHTML, like Gecko) Chrome/148.0.0.0 Safari/537.36","payloadBytes":2}
{"ts":"2026-05-23T07:31:36.992Z","level":"REQUEST_DONE","reqId":"MPI15IU0-61AU5U","route":"QUOTATION","method":"OPTIONS","url":"/tpr-quotation/pdf","status":204,"durationMs":8,"responseSize":"0 B"}
{"ts":"2026-05-23T07:31:36.994Z","level":"STEP","reqId":"MPI15IU9-QYQ4W3","route":"QUOTATION","stage":"START","detail":"POST /tpr-quotation/pdf","method":"POST","url":"/tpr-quotation/pdf"}
{"ts":"2026-05-23T07:31:36.994Z","level":"REQUEST_START","reqId":"MPI15IU9-QYQ4W3","route":"QUOTATION","method":"POST","url":"/tpr-quotation/pdf","ip":"::1","origin":"http://localhost:5174","ua":"Mozilla/5.0 (Windows NT 10.0; Win64; x64) AppleWebKit/537.36 (KHTML, like Gecko) Chrome/148.0.0.0 Safari/537.36","payloadBytes":2}
{"ts":"2026-05-23T07:31:36.999Z","level":"STEP","reqId":"MPI15IU9-QYQ4W3","route":"QUOTATION","stage":"ROUTE","detail":"pdf mode","method":"POST","url":"/tpr-quotation/pdf"}
{"ts":"2026-05-23T07:31:37.000Z","level":"STEP","reqId":"MPI15IU9-QYQ4W3","route":"QUOTATION","stage":"NORMALIZE","detail":"payload 1.27 KB","method":"POST","url":"/tpr-quotation/pdf"}
{"ts":"2026-05-23T07:31:37.004Z","level":"STEP","reqId":"MPI15IU9-QYQ4W3","route":"QUOTATION","stage":"TEMPLATE","detail":"render html before pdf","method":"POST","url":"/tpr-quotation/pdf"}
{"ts":"2026-05-23T07:31:37.020Z","level":"INFO","title":"PUPPETEER","message":"reuse existing browser instance"}
{"ts":"2026-05-23T07:31:37.105Z","level":"STEP","reqId":"MPI15IU9-QYQ4W3","route":"QUOTATION","stage":"PDF:PAGE_OPEN","detail":"create new page","method":"POST","url":"/tpr-quotation/pdf"}
{"ts":"2026-05-23T07:31:37.112Z","level":"STEP","reqId":"MPI15IU9-QYQ4W3","route":"QUOTATION","stage":"PDF:SET_CONTENT","detail":"html size 11.0 KB","method":"POST","url":"/tpr-quotation/pdf"}
{"ts":"2026-05-23T07:31:38.693Z","level":"STEP","reqId":"MPI15IU9-QYQ4W3","route":"QUOTATION","stage":"PDF:FONTS_READY","detail":"waiting document.fonts.ready","method":"POST","url":"/tpr-quotation/pdf"}
{"ts":"2026-05-23T07:31:38.702Z","level":"STEP","reqId":"MPI15IU9-QYQ4W3","route":"QUOTATION","stage":"PDF:RENDER","detail":"format=A4 media=screen landscape=false","method":"POST","url":"/tpr-quotation/pdf"}
{"ts":"2026-05-23T07:31:38.988Z","level":"STEP","reqId":"MPI15IU9-QYQ4W3","route":"QUOTATION","stage":"PDF:BUFFER_READY","detail":"pdf size 211 KB","method":"POST","url":"/tpr-quotation/pdf"}
{"ts":"2026-05-23T07:31:38.990Z","level":"STEP","reqId":"MPI15IU9-QYQ4W3","route":"QUOTATION","stage":"PDF:PAGE_CLOSE","detail":"close page","method":"POST","url":"/tpr-quotation/pdf"}
{"ts":"2026-05-23T07:31:39.005Z","level":"STEP","reqId":"MPI15IU9-QYQ4W3","route":"QUOTATION","stage":"RESPOND_PDF","detail":"filename=tpr_quotation.pdf","method":"POST","url":"/tpr-quotation/pdf"}
{"ts":"2026-05-23T07:31:39.005Z","level":"PDF_RESPONSE","reqId":"MPI15IU9-QYQ4W3","route":"QUOTATION","method":"POST","url":"/tpr-quotation/pdf","filename":"tpr_quotation.pdf","pdfBytes":215984}
{"ts":"2026-05-23T07:31:39.009Z","level":"REQUEST_DONE","reqId":"MPI15IU9-QYQ4W3","route":"QUOTATION","method":"POST","url":"/tpr-quotation/pdf","status":200,"durationMs":2015,"responseSize":"211 KB"}
{"ts":"2026-05-23T08:21:15.267Z","level":"INFO","title":"TEMPLATE","message":"compile templates\\tpr_quotation.hbs","templatePath":"C:\\Projcet TPR\\report-server\\templates\\tpr_quotation.hbs"}
{"ts":"2026-05-23T08:21:15.269Z","level":"INFO","title":"TEMPLATE","message":"compile templates\\tpr_credit_note.hbs","templatePath":"C:\\Projcet TPR\\report-server\\templates\\tpr_credit_note.hbs"}
{"ts":"2026-05-23T08:21:15.270Z","level":"INFO","title":"TEMPLATE","message":"compile templates\\tpr_invoice.hbs","templatePath":"C:\\Projcet TPR\\report-server\\templates\\tpr_invoice.hbs"}
{"ts":"2026-05-23T08:21:15.271Z","level":"INFO","title":"TEMPLATE","message":"compile templates\\tpr_purchase_order.hbs","templatePath":"C:\\Projcet TPR\\report-server\\templates\\tpr_purchase_order.hbs"}
{"ts":"2026-05-23T08:21:15.272Z","level":"INFO","title":"TEMPLATE","message":"compile templates\\tpr_receipt.hbs","templatePath":"C:\\Projcet TPR\\report-server\\templates\\tpr_receipt.hbs"}
{"ts":"2026-05-23T08:21:15.273Z","level":"INFO","title":"TEMPLATE","message":"compile templates\\tpr_tax_receipt.hbs","templatePath":"C:\\Projcet TPR\\report-server\\templates\\tpr_tax_receipt.hbs"}
{"ts":"2026-05-23T08:21:15.274Z","level":"INFO","title":"TEMPLATE","message":"compile templates\\tpr_withholding_tax_certificate.hbs","templatePath":"C:\\Projcet TPR\\report-server\\templates\\tpr_withholding_tax_certificate.hbs"}
{"ts":"2026-05-23T08:21:15.276Z","level":"INFO","title":"TEMPLATE","message":"compile templates\\tpr_payment_voucher.hbs","templatePath":"C:\\Projcet TPR\\report-server\\templates\\tpr_payment_voucher.hbs"}
{"ts":"2026-05-23T08:21:15.277Z","level":"INFO","title":"TEMPLATE","message":"compile templates\\tpr_receipt_voucher.hbs","templatePath":"C:\\Projcet TPR\\report-server\\templates\\tpr_receipt_voucher.hbs"}
{"ts":"2026-05-23T08:21:15.278Z","level":"INFO","title":"TEMPLATE","message":"compile templates\\tpr_petty_cash_voucher.hbs","templatePath":"C:\\Projcet TPR\\report-server\\templates\\tpr_petty_cash_voucher.hbs"}
{"ts":"2026-05-23T08:21:15.279Z","level":"INFO","title":"TEMPLATE","message":"compile templates\\tpr_petty_cash_request.hbs","templatePath":"C:\\Projcet TPR\\report-server\\templates\\tpr_petty_cash_request.hbs"}
{"ts":"2026-05-23T08:21:15.280Z","level":"INFO","title":"TEMPLATE","message":"compile templates\\tpr_petty_cash_payment_report.hbs","templatePath":"C:\\Projcet TPR\\report-server\\templates\\tpr_petty_cash_payment_report.hbs"}
{"ts":"2026-05-23T08:21:15.281Z","level":"INFO","title":"TEMPLATE","message":"compile templates\\tpr_receipt_certification.hbs","templatePath":"C:\\Projcet TPR\\report-server\\templates\\tpr_receipt_certification.hbs"}
{"ts":"2026-05-23T08:21:15.281Z","level":"INFO","title":"TEMPLATE","message":"compile templates\\tpr_payroll_slip.hbs","templatePath":"C:\\Projcet TPR\\report-server\\templates\\tpr_payroll_slip.hbs"}
{"ts":"2026-05-23T08:21:15.282Z","level":"WARN","title":"CSS","message":"inline missing: C:\\Projcet TPR\\report-server\\public\\css\\quotation.css (ไม่จำเป็นถ้า CSS อยู่ใน hbs แล้ว)","cssPath":"C:\\Projcet TPR\\report-server\\public\\css\\quotation.css"}
{"ts":"2026-05-23T08:21:15.301Z","level":"OK","title":"READY","message":"PDF server is running","port":4100,"logFile":"C:\\Projcet TPR\\report-server\\logs\\server-2026-05-23.log"}
{"ts":"2026-05-23T08:21:15.301Z","level":"BOOT","message":"PDF server is running","port":4100,"logFile":"C:\\Projcet TPR\\report-server\\logs\\server-2026-05-23.log"}
{"ts":"2026-05-23T08:21:27.633Z","level":"INFO","title":"TEMPLATE","message":"compile templates\\tpr_quotation.hbs","templatePath":"C:\\Projcet TPR\\report-server\\templates\\tpr_quotation.hbs"}
{"ts":"2026-05-23T08:21:27.634Z","level":"INFO","title":"TEMPLATE","message":"compile templates\\tpr_credit_note.hbs","templatePath":"C:\\Projcet TPR\\report-server\\templates\\tpr_credit_note.hbs"}
{"ts":"2026-05-23T08:21:27.635Z","level":"INFO","title":"TEMPLATE","message":"compile templates\\tpr_invoice.hbs","templatePath":"C:\\Projcet TPR\\report-server\\templates\\tpr_invoice.hbs"}
{"ts":"2026-05-23T08:21:27.635Z","level":"INFO","title":"TEMPLATE","message":"compile templates\\tpr_purchase_order.hbs","templatePath":"C:\\Projcet TPR\\report-server\\templates\\tpr_purchase_order.hbs"}
{"ts":"2026-05-23T08:21:27.636Z","level":"INFO","title":"TEMPLATE","message":"compile templates\\tpr_receipt.hbs","templatePath":"C:\\Projcet TPR\\report-server\\templates\\tpr_receipt.hbs"}
{"ts":"2026-05-23T08:21:27.636Z","level":"INFO","title":"TEMPLATE","message":"compile templates\\tpr_tax_receipt.hbs","templatePath":"C:\\Projcet TPR\\report-server\\templates\\tpr_tax_receipt.hbs"}
{"ts":"2026-05-23T08:21:27.637Z","level":"INFO","title":"TEMPLATE","message":"compile templates\\tpr_withholding_tax_certificate.hbs","templatePath":"C:\\Projcet TPR\\report-server\\templates\\tpr_withholding_tax_certificate.hbs"}
{"ts":"2026-05-23T08:21:27.637Z","level":"INFO","title":"TEMPLATE","message":"compile templates\\tpr_payment_voucher.hbs","templatePath":"C:\\Projcet TPR\\report-server\\templates\\tpr_payment_voucher.hbs"}
{"ts":"2026-05-23T08:21:27.639Z","level":"INFO","title":"TEMPLATE","message":"compile templates\\tpr_receipt_voucher.hbs","templatePath":"C:\\Projcet TPR\\report-server\\templates\\tpr_receipt_voucher.hbs"}
{"ts":"2026-05-23T08:21:27.639Z","level":"INFO","title":"TEMPLATE","message":"compile templates\\tpr_petty_cash_voucher.hbs","templatePath":"C:\\Projcet TPR\\report-server\\templates\\tpr_petty_cash_voucher.hbs"}
{"ts":"2026-05-23T08:21:27.640Z","level":"INFO","title":"TEMPLATE","message":"compile templates\\tpr_petty_cash_request.hbs","templatePath":"C:\\Projcet TPR\\report-server\\templates\\tpr_petty_cash_request.hbs"}
{"ts":"2026-05-23T08:21:27.640Z","level":"INFO","title":"TEMPLATE","message":"compile templates\\tpr_petty_cash_payment_report.hbs","templatePath":"C:\\Projcet TPR\\report-server\\templates\\tpr_petty_cash_payment_report.hbs"}
{"ts":"2026-05-23T08:21:27.640Z","level":"INFO","title":"TEMPLATE","message":"compile templates\\tpr_receipt_certification.hbs","templatePath":"C:\\Projcet TPR\\report-server\\templates\\tpr_receipt_certification.hbs"}
{"ts":"2026-05-23T08:21:27.641Z","level":"INFO","title":"TEMPLATE","message":"compile templates\\tpr_payroll_slip.hbs","templatePath":"C:\\Projcet TPR\\report-server\\templates\\tpr_payroll_slip.hbs"}
{"ts":"2026-05-23T08:21:27.641Z","level":"WARN","title":"CSS","message":"inline missing: C:\\Projcet TPR\\report-server\\public\\css\\quotation.css (ไม่จำเป็นถ้า CSS อยู่ใน hbs แล้ว)","cssPath":"C:\\Projcet TPR\\report-server\\public\\css\\quotation.css"}
{"ts":"2026-05-23T08:21:27.660Z","level":"OK","title":"READY","message":"PDF server is running","port":4100,"logFile":"C:\\Projcet TPR\\report-server\\logs\\server-2026-05-23.log"}
{"ts":"2026-05-23T08:21:27.660Z","level":"BOOT","message":"PDF server is running","port":4100,"logFile":"C:\\Projcet TPR\\report-server\\logs\\server-2026-05-23.log"}
{"ts":"2026-05-23T08:22:09.932Z","level":"INFO","title":"TEMPLATE","message":"compile templates\\tpr_quotation.hbs","templatePath":"C:\\Projcet TPR\\report-server\\templates\\tpr_quotation.hbs"}
{"ts":"2026-05-23T08:22:09.933Z","level":"INFO","title":"TEMPLATE","message":"compile templates\\tpr_credit_note.hbs","templatePath":"C:\\Projcet TPR\\report-server\\templates\\tpr_credit_note.hbs"}
{"ts":"2026-05-23T08:22:09.933Z","level":"INFO","title":"TEMPLATE","message":"compile templates\\tpr_invoice.hbs","templatePath":"C:\\Projcet TPR\\report-server\\templates\\tpr_invoice.hbs"}
{"ts":"2026-05-23T08:22:09.934Z","level":"INFO","title":"TEMPLATE","message":"compile templates\\tpr_purchase_order.hbs","templatePath":"C:\\Projcet TPR\\report-server\\templates\\tpr_purchase_order.hbs"}
{"ts":"2026-05-23T08:22:09.935Z","level":"INFO","title":"TEMPLATE","message":"compile templates\\tpr_receipt.hbs","templatePath":"C:\\Projcet TPR\\report-server\\templates\\tpr_receipt.hbs"}
{"ts":"2026-05-23T08:22:09.936Z","level":"INFO","title":"TEMPLATE","message":"compile templates\\tpr_tax_receipt.hbs","templatePath":"C:\\Projcet TPR\\report-server\\templates\\tpr_tax_receipt.hbs"}
{"ts":"2026-05-23T08:22:09.936Z","level":"INFO","title":"TEMPLATE","message":"compile templates\\tpr_withholding_tax_certificate.hbs","templatePath":"C:\\Projcet TPR\\report-server\\templates\\tpr_withholding_tax_certificate.hbs"}
{"ts":"2026-05-23T08:22:09.937Z","level":"INFO","title":"TEMPLATE","message":"compile templates\\tpr_payment_voucher.hbs","templatePath":"C:\\Projcet TPR\\report-server\\templates\\tpr_payment_voucher.hbs"}
{"ts":"2026-05-23T08:22:09.937Z","level":"INFO","title":"TEMPLATE","message":"compile templates\\tpr_receipt_voucher.hbs","templatePath":"C:\\Projcet TPR\\report-server\\templates\\tpr_receipt_voucher.hbs"}
{"ts":"2026-05-23T08:22:09.938Z","level":"INFO","title":"TEMPLATE","message":"compile templates\\tpr_petty_cash_voucher.hbs","templatePath":"C:\\Projcet TPR\\report-server\\templates\\tpr_petty_cash_voucher.hbs"}
{"ts":"2026-05-23T08:22:09.938Z","level":"INFO","title":"TEMPLATE","message":"compile templates\\tpr_petty_cash_request.hbs","templatePath":"C:\\Projcet TPR\\report-server\\templates\\tpr_petty_cash_request.hbs"}
{"ts":"2026-05-23T08:22:09.938Z","level":"INFO","title":"TEMPLATE","message":"compile templates\\tpr_petty_cash_payment_report.hbs","templatePath":"C:\\Projcet TPR\\report-server\\templates\\tpr_petty_cash_payment_report.hbs"}
{"ts":"2026-05-23T08:22:09.939Z","level":"INFO","title":"TEMPLATE","message":"compile templates\\tpr_receipt_certification.hbs","templatePath":"C:\\Projcet TPR\\report-server\\templates\\tpr_receipt_certification.hbs"}
{"ts":"2026-05-23T08:22:09.940Z","level":"INFO","title":"TEMPLATE","message":"compile templates\\tpr_payroll_slip.hbs","templatePath":"C:\\Projcet TPR\\report-server\\templates\\tpr_payroll_slip.hbs"}
{"ts":"2026-05-23T08:22:09.940Z","level":"WARN","title":"CSS","message":"inline missing: C:\\Projcet TPR\\report-server\\public\\css\\quotation.css (ไม่จำเป็นถ้า CSS อยู่ใน hbs แล้ว)","cssPath":"C:\\Projcet TPR\\report-server\\public\\css\\quotation.css"}
{"ts":"2026-05-23T08:22:09.958Z","level":"OK","title":"READY","message":"PDF server is running","port":4100,"logFile":"C:\\Projcet TPR\\report-server\\logs\\server-2026-05-23.log"}
{"ts":"2026-05-23T08:22:09.959Z","level":"BOOT","message":"PDF server is running","port":4100,"logFile":"C:\\Projcet TPR\\report-server\\logs\\server-2026-05-23.log"}
{"ts":"2026-05-23T08:22:42.607Z","level":"WARN","title":"SHUTDOWN","message":"received SIGINT, closing server resources...","signal":"SIGINT"}
{"ts":"2026-05-23T08:22:50.214Z","level":"INFO","title":"TEMPLATE","message":"compile templates\\tpr_quotation.hbs","templatePath":"C:\\Projcet TPR\\report-server\\templates\\tpr_quotation.hbs"}
{"ts":"2026-05-23T08:22:50.216Z","level":"INFO","title":"TEMPLATE","message":"compile templates\\tpr_credit_note.hbs","templatePath":"C:\\Projcet TPR\\report-server\\templates\\tpr_credit_note.hbs"}
{"ts":"2026-05-23T08:22:50.217Z","level":"INFO","title":"TEMPLATE","message":"compile templates\\tpr_invoice.hbs","templatePath":"C:\\Projcet TPR\\report-server\\templates\\tpr_invoice.hbs"}
{"ts":"2026-05-23T08:22:50.217Z","level":"INFO","title":"TEMPLATE","message":"compile templates\\tpr_purchase_order.hbs","templatePath":"C:\\Projcet TPR\\report-server\\templates\\tpr_purchase_order.hbs"}
{"ts":"2026-05-23T08:22:50.219Z","level":"INFO","title":"TEMPLATE","message":"compile templates\\tpr_receipt.hbs","templatePath":"C:\\Projcet TPR\\report-server\\templates\\tpr_receipt.hbs"}
{"ts":"2026-05-23T08:22:50.219Z","level":"INFO","title":"TEMPLATE","message":"compile templates\\tpr_tax_receipt.hbs","templatePath":"C:\\Projcet TPR\\report-server\\templates\\tpr_tax_receipt.hbs"}
{"ts":"2026-05-23T08:22:50.220Z","level":"INFO","title":"TEMPLATE","message":"compile templates\\tpr_withholding_tax_certificate.hbs","templatePath":"C:\\Projcet TPR\\report-server\\templates\\tpr_withholding_tax_certificate.hbs"}
{"ts":"2026-05-23T08:22:50.221Z","level":"INFO","title":"TEMPLATE","message":"compile templates\\tpr_payment_voucher.hbs","templatePath":"C:\\Projcet TPR\\report-server\\templates\\tpr_payment_voucher.hbs"}
{"ts":"2026-05-23T08:22:50.222Z","level":"INFO","title":"TEMPLATE","message":"compile templates\\tpr_receipt_voucher.hbs","templatePath":"C:\\Projcet TPR\\report-server\\templates\\tpr_receipt_voucher.hbs"}
{"ts":"2026-05-23T08:22:50.223Z","level":"INFO","title":"TEMPLATE","message":"compile templates\\tpr_petty_cash_voucher.hbs","templatePath":"C:\\Projcet TPR\\report-server\\templates\\tpr_petty_cash_voucher.hbs"}
{"ts":"2026-05-23T08:22:50.223Z","level":"INFO","title":"TEMPLATE","message":"compile templates\\tpr_petty_cash_request.hbs","templatePath":"C:\\Projcet TPR\\report-server\\templates\\tpr_petty_cash_request.hbs"}
{"ts":"2026-05-23T08:22:50.224Z","level":"INFO","title":"TEMPLATE","message":"compile templates\\tpr_petty_cash_payment_report.hbs","templatePath":"C:\\Projcet TPR\\report-server\\templates\\tpr_petty_cash_payment_report.hbs"}
{"ts":"2026-05-23T08:22:50.224Z","level":"INFO","title":"TEMPLATE","message":"compile templates\\tpr_receipt_certification.hbs","templatePath":"C:\\Projcet TPR\\report-server\\templates\\tpr_receipt_certification.hbs"}
{"ts":"2026-05-23T08:22:50.225Z","level":"INFO","title":"TEMPLATE","message":"compile templates\\tpr_payroll_slip.hbs","templatePath":"C:\\Projcet TPR\\report-server\\templates\\tpr_payroll_slip.hbs"}
{"ts":"2026-05-23T08:22:50.226Z","level":"WARN","title":"CSS","message":"inline missing: C:\\Projcet TPR\\report-server\\public\\css\\quotation.css (ไม่จำเป็นถ้า CSS อยู่ใน hbs แล้ว)","cssPath":"C:\\Projcet TPR\\report-server\\public\\css\\quotation.css"}
{"ts":"2026-05-23T08:22:50.249Z","level":"OK","title":"READY","message":"PDF server is running","port":4100,"logFile":"C:\\Projcet TPR\\report-server\\logs\\server-2026-05-23.log"}
{"ts":"2026-05-23T08:22:50.250Z","level":"BOOT","message":"PDF server is running","port":4100,"logFile":"C:\\Projcet TPR\\report-server\\logs\\server-2026-05-23.log"}
{"ts":"2026-05-23T08:23:03.333Z","level":"STEP","reqId":"MPI2ZO9W-H70YLO","route":"QUOTATION","stage":"START","detail":"OPTIONS /tpr-quotation/pdf","method":"OPTIONS","url":"/tpr-quotation/pdf"}
{"ts":"2026-05-23T08:23:03.334Z","level":"REQUEST_START","reqId":"MPI2ZO9W-H70YLO","route":"QUOTATION","method":"OPTIONS","url":"/tpr-quotation/pdf","ip":"::1","origin":"http://localhost:5174","ua":"Mozilla/5.0 (Windows NT 10.0; Win64; x64) AppleWebKit/537.36 (KHTML, like Gecko) Chrome/148.0.0.0 Safari/537.36","payloadBytes":2}
{"ts":"2026-05-23T08:23:03.338Z","level":"REQUEST_DONE","reqId":"MPI2ZO9W-H70YLO","route":"QUOTATION","method":"OPTIONS","url":"/tpr-quotation/pdf","status":204,"durationMs":6,"responseSize":"0 B"}
{"ts":"2026-05-23T08:23:03.340Z","level":"STEP","reqId":"MPI2ZOA4-6PML7Y","route":"QUOTATION","stage":"START","detail":"POST /tpr-quotation/pdf","method":"POST","url":"/tpr-quotation/pdf"}
{"ts":"2026-05-23T08:23:03.341Z","level":"REQUEST_START","reqId":"MPI2ZOA4-6PML7Y","route":"QUOTATION","method":"POST","url":"/tpr-quotation/pdf","ip":"::1","origin":"http://localhost:5174","ua":"Mozilla/5.0 (Windows NT 10.0; Win64; x64) AppleWebKit/537.36 (KHTML, like Gecko) Chrome/148.0.0.0 Safari/537.36","payloadBytes":2}
{"ts":"2026-05-23T08:23:03.364Z","level":"STEP","reqId":"MPI2ZOA4-6PML7Y","route":"QUOTATION","stage":"ROUTE","detail":"pdf mode","method":"POST","url":"/tpr-quotation/pdf"}
{"ts":"2026-05-23T08:23:03.366Z","level":"STEP","reqId":"MPI2ZOA4-6PML7Y","route":"QUOTATION","stage":"NORMALIZE","detail":"payload 1.30 KB","method":"POST","url":"/tpr-quotation/pdf"}
{"ts":"2026-05-23T08:23:03.367Z","level":"STEP","reqId":"MPI2ZOA4-6PML7Y","route":"QUOTATION","stage":"TEMPLATE","detail":"render html before pdf","method":"POST","url":"/tpr-quotation/pdf"}
{"ts":"2026-05-23T08:23:03.396Z","level":"INFO","title":"PUPPETEER","message":"launch browser..."}
{"ts":"2026-05-23T08:23:03.909Z","level":"OK","title":"PUPPETEER","message":"browser launched"}
{"ts":"2026-05-23T08:23:03.952Z","level":"STEP","reqId":"MPI2ZOA4-6PML7Y","route":"QUOTATION","stage":"PDF:PAGE_OPEN","detail":"create new page","method":"POST","url":"/tpr-quotation/pdf"}
{"ts":"2026-05-23T08:23:03.957Z","level":"STEP","reqId":"MPI2ZOA4-6PML7Y","route":"QUOTATION","stage":"PDF:SET_CONTENT","detail":"html size 8.75 KB","method":"POST","url":"/tpr-quotation/pdf"}
{"ts":"2026-05-23T08:23:05.360Z","level":"STEP","reqId":"MPI2ZOA4-6PML7Y","route":"QUOTATION","stage":"PDF:FONTS_READY","detail":"waiting document.fonts.ready","method":"POST","url":"/tpr-quotation/pdf"}
{"ts":"2026-05-23T08:23:05.363Z","level":"STEP","reqId":"MPI2ZOA4-6PML7Y","route":"QUOTATION","stage":"PDF:RENDER","detail":"format=A4 media=screen landscape=false","method":"POST","url":"/tpr-quotation/pdf"}
{"ts":"2026-05-23T08:23:05.531Z","level":"STEP","reqId":"MPI2ZOA4-6PML7Y","route":"QUOTATION","stage":"PDF:BUFFER_READY","detail":"pdf size 208 KB","method":"POST","url":"/tpr-quotation/pdf"}
{"ts":"2026-05-23T08:23:05.531Z","level":"STEP","reqId":"MPI2ZOA4-6PML7Y","route":"QUOTATION","stage":"PDF:PAGE_CLOSE","detail":"close page","method":"POST","url":"/tpr-quotation/pdf"}
{"ts":"2026-05-23T08:23:05.542Z","level":"STEP","reqId":"MPI2ZOA4-6PML7Y","route":"QUOTATION","stage":"RESPOND_PDF","detail":"filename=tpr_quotation.pdf","method":"POST","url":"/tpr-quotation/pdf"}
{"ts":"2026-05-23T08:23:05.543Z","level":"PDF_RESPONSE","reqId":"MPI2ZOA4-6PML7Y","route":"QUOTATION","method":"POST","url":"/tpr-quotation/pdf","filename":"tpr_quotation.pdf","pdfBytes":213389}
{"ts":"2026-05-23T08:23:05.546Z","level":"REQUEST_DONE","reqId":"MPI2ZOA4-6PML7Y","route":"QUOTATION","method":"POST","url":"/tpr-quotation/pdf","status":200,"durationMs":2206,"responseSize":"208 KB"}
{"ts":"2026-05-23T08:27:18.299Z","level":"WARN","title":"SHUTDOWN","message":"received SIGINT, closing server resources...","signal":"SIGINT"}
{"ts":"2026-05-23T08:27:18.300Z","level":"INFO","title":"PUPPETEER","message":"closing browser..."}
{"ts":"2026-05-23T08:27:23.961Z","level":"INFO","title":"TEMPLATE","message":"compile templates\\tpr_quotation.hbs","templatePath":"C:\\Projcet TPR\\report-server\\templates\\tpr_quotation.hbs"}
{"ts":"2026-05-23T08:27:23.962Z","level":"INFO","title":"TEMPLATE","message":"compile templates\\tpr_credit_note.hbs","templatePath":"C:\\Projcet TPR\\report-server\\templates\\tpr_credit_note.hbs"}
{"ts":"2026-05-23T08:27:23.963Z","level":"INFO","title":"TEMPLATE","message":"compile templates\\tpr_invoice.hbs","templatePath":"C:\\Projcet TPR\\report-server\\templates\\tpr_invoice.hbs"}
{"ts":"2026-05-23T08:27:23.963Z","level":"INFO","title":"TEMPLATE","message":"compile templates\\tpr_purchase_order.hbs","templatePath":"C:\\Projcet TPR\\report-server\\templates\\tpr_purchase_order.hbs"}
{"ts":"2026-05-23T08:27:23.965Z","level":"INFO","title":"TEMPLATE","message":"compile templates\\tpr_receipt.hbs","templatePath":"C:\\Projcet TPR\\report-server\\templates\\tpr_receipt.hbs"}
{"ts":"2026-05-23T08:27:23.965Z","level":"INFO","title":"TEMPLATE","message":"compile templates\\tpr_tax_receipt.hbs","templatePath":"C:\\Projcet TPR\\report-server\\templates\\tpr_tax_receipt.hbs"}
{"ts":"2026-05-23T08:27:23.966Z","level":"INFO","title":"TEMPLATE","message":"compile templates\\tpr_withholding_tax_certificate.hbs","templatePath":"C:\\Projcet TPR\\report-server\\templates\\tpr_withholding_tax_certificate.hbs"}
{"ts":"2026-05-23T08:27:23.966Z","level":"INFO","title":"TEMPLATE","message":"compile templates\\tpr_payment_voucher.hbs","templatePath":"C:\\Projcet TPR\\report-server\\templates\\tpr_payment_voucher.hbs"}
{"ts":"2026-05-23T08:27:23.967Z","level":"INFO","title":"TEMPLATE","message":"compile templates\\tpr_receipt_voucher.hbs","templatePath":"C:\\Projcet TPR\\report-server\\templates\\tpr_receipt_voucher.hbs"}
{"ts":"2026-05-23T08:27:23.968Z","level":"INFO","title":"TEMPLATE","message":"compile templates\\tpr_petty_cash_voucher.hbs","templatePath":"C:\\Projcet TPR\\report-server\\templates\\tpr_petty_cash_voucher.hbs"}
{"ts":"2026-05-23T08:27:23.968Z","level":"INFO","title":"TEMPLATE","message":"compile templates\\tpr_petty_cash_request.hbs","templatePath":"C:\\Projcet TPR\\report-server\\templates\\tpr_petty_cash_request.hbs"}
{"ts":"2026-05-23T08:27:23.968Z","level":"INFO","title":"TEMPLATE","message":"compile templates\\tpr_petty_cash_payment_report.hbs","templatePath":"C:\\Projcet TPR\\report-server\\templates\\tpr_petty_cash_payment_report.hbs"}
{"ts":"2026-05-23T08:27:23.969Z","level":"INFO","title":"TEMPLATE","message":"compile templates\\tpr_receipt_certification.hbs","templatePath":"C:\\Projcet TPR\\report-server\\templates\\tpr_receipt_certification.hbs"}
{"ts":"2026-05-23T08:27:23.969Z","level":"INFO","title":"TEMPLATE","message":"compile templates\\tpr_payroll_slip.hbs","templatePath":"C:\\Projcet TPR\\report-server\\templates\\tpr_payroll_slip.hbs"}
{"ts":"2026-05-23T08:27:23.970Z","level":"WARN","title":"CSS","message":"inline missing: C:\\Projcet TPR\\report-server\\public\\css\\quotation.css (ไม่จำเป็นถ้า CSS อยู่ใน hbs แล้ว)","cssPath":"C:\\Projcet TPR\\report-server\\public\\css\\quotation.css"}
{"ts":"2026-05-23T08:27:23.990Z","level":"OK","title":"READY","message":"PDF server is running","port":4100,"logFile":"C:\\Projcet TPR\\report-server\\logs\\server-2026-05-23.log"}
{"ts":"2026-05-23T08:27:23.990Z","level":"BOOT","message":"PDF server is running","port":4100,"logFile":"C:\\Projcet TPR\\report-server\\logs\\server-2026-05-23.log"}
{"ts":"2026-05-23T08:27:31.841Z","level":"STEP","reqId":"MPI35FGH-PO507R","route":"QUOTATION","stage":"START","detail":"OPTIONS /tpr-quotation/pdf","method":"OPTIONS","url":"/tpr-quotation/pdf"}
{"ts":"2026-05-23T08:27:31.842Z","level":"REQUEST_START","reqId":"MPI35FGH-PO507R","route":"QUOTATION","method":"OPTIONS","url":"/tpr-quotation/pdf","ip":"::1","origin":"http://localhost:5174","ua":"Mozilla/5.0 (Windows NT 10.0; Win64; x64) AppleWebKit/537.36 (KHTML, like Gecko) Chrome/148.0.0.0 Safari/537.36","payloadBytes":2}
{"ts":"2026-05-23T08:27:31.847Z","level":"REQUEST_DONE","reqId":"MPI35FGH-PO507R","route":"QUOTATION","method":"OPTIONS","url":"/tpr-quotation/pdf","status":204,"durationMs":5,"responseSize":"0 B"}
{"ts":"2026-05-23T08:27:31.849Z","level":"STEP","reqId":"MPI35FGP-WHNR7F","route":"QUOTATION","stage":"START","detail":"POST /tpr-quotation/pdf","method":"POST","url":"/tpr-quotation/pdf"}
{"ts":"2026-05-23T08:27:31.850Z","level":"REQUEST_START","reqId":"MPI35FGP-WHNR7F","route":"QUOTATION","method":"POST","url":"/tpr-quotation/pdf","ip":"::1","origin":"http://localhost:5174","ua":"Mozilla/5.0 (Windows NT 10.0; Win64; x64) AppleWebKit/537.36 (KHTML, like Gecko) Chrome/148.0.0.0 Safari/537.36","payloadBytes":2}
{"ts":"2026-05-23T08:27:31.864Z","level":"STEP","reqId":"MPI35FGP-WHNR7F","route":"QUOTATION","stage":"ROUTE","detail":"pdf mode","method":"POST","url":"/tpr-quotation/pdf"}
{"ts":"2026-05-23T08:27:31.865Z","level":"STEP","reqId":"MPI35FGP-WHNR7F","route":"QUOTATION","stage":"NORMALIZE","detail":"payload 1.30 KB","method":"POST","url":"/tpr-quotation/pdf"}
{"ts":"2026-05-23T08:27:31.866Z","level":"STEP","reqId":"MPI35FGP-WHNR7F","route":"QUOTATION","stage":"TEMPLATE","detail":"render html before pdf","method":"POST","url":"/tpr-quotation/pdf"}
{"ts":"2026-05-23T08:27:31.889Z","level":"INFO","title":"PUPPETEER","message":"launch browser..."}
{"ts":"2026-05-23T08:27:32.251Z","level":"OK","title":"PUPPETEER","message":"browser launched"}
{"ts":"2026-05-23T08:27:32.295Z","level":"STEP","reqId":"MPI35FGP-WHNR7F","route":"QUOTATION","stage":"PDF:PAGE_OPEN","detail":"create new page","method":"POST","url":"/tpr-quotation/pdf"}
{"ts":"2026-05-23T08:27:32.301Z","level":"STEP","reqId":"MPI35FGP-WHNR7F","route":"QUOTATION","stage":"PDF:SET_CONTENT","detail":"html size 9.03 KB","method":"POST","url":"/tpr-quotation/pdf"}
{"ts":"2026-05-23T08:27:33.857Z","level":"STEP","reqId":"MPI35FGP-WHNR7F","route":"QUOTATION","stage":"PDF:FONTS_READY","detail":"waiting document.fonts.ready","method":"POST","url":"/tpr-quotation/pdf"}
{"ts":"2026-05-23T08:27:33.859Z","level":"STEP","reqId":"MPI35FGP-WHNR7F","route":"QUOTATION","stage":"PDF:RENDER","detail":"format=A4 media=screen landscape=false","method":"POST","url":"/tpr-quotation/pdf"}
{"ts":"2026-05-23T08:27:34.028Z","level":"STEP","reqId":"MPI35FGP-WHNR7F","route":"QUOTATION","stage":"PDF:BUFFER_READY","detail":"pdf size 209 KB","method":"POST","url":"/tpr-quotation/pdf"}
{"ts":"2026-05-23T08:27:34.028Z","level":"STEP","reqId":"MPI35FGP-WHNR7F","route":"QUOTATION","stage":"PDF:PAGE_CLOSE","detail":"close page","method":"POST","url":"/tpr-quotation/pdf"}
{"ts":"2026-05-23T08:27:34.039Z","level":"STEP","reqId":"MPI35FGP-WHNR7F","route":"QUOTATION","stage":"RESPOND_PDF","detail":"filename=tpr_quotation.pdf","method":"POST","url":"/tpr-quotation/pdf"}
{"ts":"2026-05-23T08:27:34.040Z","level":"PDF_RESPONSE","reqId":"MPI35FGP-WHNR7F","route":"QUOTATION","method":"POST","url":"/tpr-quotation/pdf","filename":"tpr_quotation.pdf","pdfBytes":213565}
{"ts":"2026-05-23T08:27:34.043Z","level":"REQUEST_DONE","reqId":"MPI35FGP-WHNR7F","route":"QUOTATION","method":"POST","url":"/tpr-quotation/pdf","status":200,"durationMs":2193,"responseSize":"209 KB"}
{"ts":"2026-05-23T08:29:44.868Z","level":"WARN","title":"SHUTDOWN","message":"received SIGINT, closing server resources...","signal":"SIGINT"}
{"ts":"2026-05-23T08:29:44.869Z","level":"INFO","title":"PUPPETEER","message":"closing browser..."}
{"ts":"2026-05-23T08:29:49.813Z","level":"INFO","title":"TEMPLATE","message":"compile templates\\tpr_quotation.hbs","templatePath":"C:\\Projcet TPR\\report-server\\templates\\tpr_quotation.hbs"}
{"ts":"2026-05-23T08:29:49.816Z","level":"INFO","title":"TEMPLATE","message":"compile templates\\tpr_credit_note.hbs","templatePath":"C:\\Projcet TPR\\report-server\\templates\\tpr_credit_note.hbs"}
{"ts":"2026-05-23T08:29:49.817Z","level":"INFO","title":"TEMPLATE","message":"compile templates\\tpr_invoice.hbs","templatePath":"C:\\Projcet TPR\\report-server\\templates\\tpr_invoice.hbs"}
{"ts":"2026-05-23T08:29:49.818Z","level":"INFO","title":"TEMPLATE","message":"compile templates\\tpr_purchase_order.hbs","templatePath":"C:\\Projcet TPR\\report-server\\templates\\tpr_purchase_order.hbs"}
{"ts":"2026-05-23T08:29:49.818Z","level":"INFO","title":"TEMPLATE","message":"compile templates\\tpr_receipt.hbs","templatePath":"C:\\Projcet TPR\\report-server\\templates\\tpr_receipt.hbs"}
{"ts":"2026-05-23T08:29:49.819Z","level":"INFO","title":"TEMPLATE","message":"compile templates\\tpr_tax_receipt.hbs","templatePath":"C:\\Projcet TPR\\report-server\\templates\\tpr_tax_receipt.hbs"}
{"ts":"2026-05-23T08:29:49.820Z","level":"INFO","title":"TEMPLATE","message":"compile templates\\tpr_withholding_tax_certificate.hbs","templatePath":"C:\\Projcet TPR\\report-server\\templates\\tpr_withholding_tax_certificate.hbs"}
{"ts":"2026-05-23T08:29:49.821Z","level":"INFO","title":"TEMPLATE","message":"compile templates\\tpr_payment_voucher.hbs","templatePath":"C:\\Projcet TPR\\report-server\\templates\\tpr_payment_voucher.hbs"}
{"ts":"2026-05-23T08:29:49.822Z","level":"INFO","title":"TEMPLATE","message":"compile templates\\tpr_receipt_voucher.hbs","templatePath":"C:\\Projcet TPR\\report-server\\templates\\tpr_receipt_voucher.hbs"}
{"ts":"2026-05-23T08:29:49.822Z","level":"INFO","title":"TEMPLATE","message":"compile templates\\tpr_petty_cash_voucher.hbs","templatePath":"C:\\Projcet TPR\\report-server\\templates\\tpr_petty_cash_voucher.hbs"}
{"ts":"2026-05-23T08:29:49.823Z","level":"INFO","title":"TEMPLATE","message":"compile templates\\tpr_petty_cash_request.hbs","templatePath":"C:\\Projcet TPR\\report-server\\templates\\tpr_petty_cash_request.hbs"}
{"ts":"2026-05-23T08:29:49.823Z","level":"INFO","title":"TEMPLATE","message":"compile templates\\tpr_petty_cash_payment_report.hbs","templatePath":"C:\\Projcet TPR\\report-server\\templates\\tpr_petty_cash_payment_report.hbs"}
{"ts":"2026-05-23T08:29:49.824Z","level":"INFO","title":"TEMPLATE","message":"compile templates\\tpr_receipt_certification.hbs","templatePath":"C:\\Projcet TPR\\report-server\\templates\\tpr_receipt_certification.hbs"}
{"ts":"2026-05-23T08:29:49.825Z","level":"INFO","title":"TEMPLATE","message":"compile templates\\tpr_payroll_slip.hbs","templatePath":"C:\\Projcet TPR\\report-server\\templates\\tpr_payroll_slip.hbs"}
{"ts":"2026-05-23T08:29:49.825Z","level":"WARN","title":"CSS","message":"inline missing: C:\\Projcet TPR\\report-server\\public\\css\\quotation.css (ไม่จำเป็นถ้า CSS อยู่ใน hbs แล้ว)","cssPath":"C:\\Projcet TPR\\report-server\\public\\css\\quotation.css"}
{"ts":"2026-05-23T08:29:49.847Z","level":"OK","title":"READY","message":"PDF server is running","port":4100,"logFile":"C:\\Projcet TPR\\report-server\\logs\\server-2026-05-23.log"}
{"ts":"2026-05-23T08:29:49.848Z","level":"BOOT","message":"PDF server is running","port":4100,"logFile":"C:\\Projcet TPR\\report-server\\logs\\server-2026-05-23.log"}
{"ts":"2026-05-23T08:29:53.798Z","level":"STEP","reqId":"MPI38GZQ-YWQ0T7","route":"QUOTATION","stage":"START","detail":"OPTIONS /tpr-quotation/pdf","method":"OPTIONS","url":"/tpr-quotation/pdf"}
{"ts":"2026-05-23T08:29:53.800Z","level":"REQUEST_START","reqId":"MPI38GZQ-YWQ0T7","route":"QUOTATION","method":"OPTIONS","url":"/tpr-quotation/pdf","ip":"::1","origin":"http://localhost:5174","ua":"Mozilla/5.0 (Windows NT 10.0; Win64; x64) AppleWebKit/537.36 (KHTML, like Gecko) Chrome/148.0.0.0 Safari/537.36","payloadBytes":2}
{"ts":"2026-05-23T08:29:53.805Z","level":"REQUEST_DONE","reqId":"MPI38GZQ-YWQ0T7","route":"QUOTATION","method":"OPTIONS","url":"/tpr-quotation/pdf","status":204,"durationMs":7,"responseSize":"0 B"}
{"ts":"2026-05-23T08:29:53.807Z","level":"STEP","reqId":"MPI38GZZ-FCTAGP","route":"QUOTATION","stage":"START","detail":"POST /tpr-quotation/pdf","method":"POST","url":"/tpr-quotation/pdf"}
{"ts":"2026-05-23T08:29:53.808Z","level":"REQUEST_START","reqId":"MPI38GZZ-FCTAGP","route":"QUOTATION","method":"POST","url":"/tpr-quotation/pdf","ip":"::1","origin":"http://localhost:5174","ua":"Mozilla/5.0 (Windows NT 10.0; Win64; x64) AppleWebKit/537.36 (KHTML, like Gecko) Chrome/148.0.0.0 Safari/537.36","payloadBytes":2}
{"ts":"2026-05-23T08:29:53.822Z","level":"STEP","reqId":"MPI38GZZ-FCTAGP","route":"QUOTATION","stage":"ROUTE","detail":"pdf mode","method":"POST","url":"/tpr-quotation/pdf"}
{"ts":"2026-05-23T08:29:53.823Z","level":"STEP","reqId":"MPI38GZZ-FCTAGP","route":"QUOTATION","stage":"NORMALIZE","detail":"payload 1.30 KB","method":"POST","url":"/tpr-quotation/pdf"}
{"ts":"2026-05-23T08:29:53.824Z","level":"STEP","reqId":"MPI38GZZ-FCTAGP","route":"QUOTATION","stage":"TEMPLATE","detail":"render html before pdf","method":"POST","url":"/tpr-quotation/pdf"}
{"ts":"2026-05-23T08:29:53.849Z","level":"INFO","title":"PUPPETEER","message":"launch browser..."}
{"ts":"2026-05-23T08:29:54.214Z","level":"OK","title":"PUPPETEER","message":"browser launched"}
{"ts":"2026-05-23T08:29:54.256Z","level":"STEP","reqId":"MPI38GZZ-FCTAGP","route":"QUOTATION","stage":"PDF:PAGE_OPEN","detail":"create new page","method":"POST","url":"/tpr-quotation/pdf"}
{"ts":"2026-05-23T08:29:54.261Z","level":"STEP","reqId":"MPI38GZZ-FCTAGP","route":"QUOTATION","stage":"PDF:SET_CONTENT","detail":"html size 9.04 KB","method":"POST","url":"/tpr-quotation/pdf"}
{"ts":"2026-05-23T08:29:55.795Z","level":"STEP","reqId":"MPI38GZZ-FCTAGP","route":"QUOTATION","stage":"PDF:FONTS_READY","detail":"waiting document.fonts.ready","method":"POST","url":"/tpr-quotation/pdf"}
{"ts":"2026-05-23T08:29:55.797Z","level":"STEP","reqId":"MPI38GZZ-FCTAGP","route":"QUOTATION","stage":"PDF:RENDER","detail":"format=A4 media=screen landscape=false","method":"POST","url":"/tpr-quotation/pdf"}
{"ts":"2026-05-23T08:29:55.953Z","level":"STEP","reqId":"MPI38GZZ-FCTAGP","route":"QUOTATION","stage":"PDF:BUFFER_READY","detail":"pdf size 208 KB","method":"POST","url":"/tpr-quotation/pdf"}
{"ts":"2026-05-23T08:29:55.953Z","level":"STEP","reqId":"MPI38GZZ-FCTAGP","route":"QUOTATION","stage":"PDF:PAGE_CLOSE","detail":"close page","method":"POST","url":"/tpr-quotation/pdf"}
{"ts":"2026-05-23T08:29:55.964Z","level":"STEP","reqId":"MPI38GZZ-FCTAGP","route":"QUOTATION","stage":"RESPOND_PDF","detail":"filename=tpr_quotation.pdf","method":"POST","url":"/tpr-quotation/pdf"}
{"ts":"2026-05-23T08:29:55.964Z","level":"PDF_RESPONSE","reqId":"MPI38GZZ-FCTAGP","route":"QUOTATION","method":"POST","url":"/tpr-quotation/pdf","filename":"tpr_quotation.pdf","pdfBytes":212974}
{"ts":"2026-05-23T08:29:55.966Z","level":"REQUEST_DONE","reqId":"MPI38GZZ-FCTAGP","route":"QUOTATION","method":"POST","url":"/tpr-quotation/pdf","status":200,"durationMs":2159,"responseSize":"208 KB"}
{"ts":"2026-05-23T08:34:55.189Z","level":"INFO","title":"TEMPLATE","message":"compile templates\\tpr_quotation.hbs","templatePath":"C:\\Projcet TPR\\report-server\\templates\\tpr_quotation.hbs"}
{"ts":"2026-05-23T08:34:55.192Z","level":"INFO","title":"TEMPLATE","message":"compile templates\\tpr_credit_note.hbs","templatePath":"C:\\Projcet TPR\\report-server\\templates\\tpr_credit_note.hbs"}
{"ts":"2026-05-23T08:34:55.193Z","level":"INFO","title":"TEMPLATE","message":"compile templates\\tpr_invoice.hbs","templatePath":"C:\\Projcet TPR\\report-server\\templates\\tpr_invoice.hbs"}
{"ts":"2026-05-23T08:34:55.193Z","level":"INFO","title":"TEMPLATE","message":"compile templates\\tpr_purchase_order.hbs","templatePath":"C:\\Projcet TPR\\report-server\\templates\\tpr_purchase_order.hbs"}
{"ts":"2026-05-23T08:34:55.194Z","level":"INFO","title":"TEMPLATE","message":"compile templates\\tpr_receipt.hbs","templatePath":"C:\\Projcet TPR\\report-server\\templates\\tpr_receipt.hbs"}
{"ts":"2026-05-23T08:34:55.194Z","level":"INFO","title":"TEMPLATE","message":"compile templates\\tpr_tax_receipt.hbs","templatePath":"C:\\Projcet TPR\\report-server\\templates\\tpr_tax_receipt.hbs"}
{"ts":"2026-05-23T08:34:55.195Z","level":"INFO","title":"TEMPLATE","message":"compile templates\\tpr_withholding_tax_certificate.hbs","templatePath":"C:\\Projcet TPR\\report-server\\templates\\tpr_withholding_tax_certificate.hbs"}
{"ts":"2026-05-23T08:34:55.195Z","level":"INFO","title":"TEMPLATE","message":"compile templates\\tpr_payment_voucher.hbs","templatePath":"C:\\Projcet TPR\\report-server\\templates\\tpr_payment_voucher.hbs"}
{"ts":"2026-05-23T08:34:55.196Z","level":"INFO","title":"TEMPLATE","message":"compile templates\\tpr_receipt_voucher.hbs","templatePath":"C:\\Projcet TPR\\report-server\\templates\\tpr_receipt_voucher.hbs"}
{"ts":"2026-05-23T08:34:55.198Z","level":"INFO","title":"TEMPLATE","message":"compile templates\\tpr_petty_cash_voucher.hbs","templatePath":"C:\\Projcet TPR\\report-server\\templates\\tpr_petty_cash_voucher.hbs"}
{"ts":"2026-05-23T08:34:55.199Z","level":"INFO","title":"TEMPLATE","message":"compile templates\\tpr_petty_cash_request.hbs","templatePath":"C:\\Projcet TPR\\report-server\\templates\\tpr_petty_cash_request.hbs"}
{"ts":"2026-05-23T08:34:55.199Z","level":"INFO","title":"TEMPLATE","message":"compile templates\\tpr_petty_cash_payment_report.hbs","templatePath":"C:\\Projcet TPR\\report-server\\templates\\tpr_petty_cash_payment_report.hbs"}
{"ts":"2026-05-23T08:34:55.200Z","level":"INFO","title":"TEMPLATE","message":"compile templates\\tpr_receipt_certification.hbs","templatePath":"C:\\Projcet TPR\\report-server\\templates\\tpr_receipt_certification.hbs"}
{"ts":"2026-05-23T08:34:55.200Z","level":"INFO","title":"TEMPLATE","message":"compile templates\\tpr_payroll_slip.hbs","templatePath":"C:\\Projcet TPR\\report-server\\templates\\tpr_payroll_slip.hbs"}
{"ts":"2026-05-23T08:34:55.201Z","level":"WARN","title":"CSS","message":"inline missing: C:\\Projcet TPR\\report-server\\public\\css\\quotation.css (ไม่จำเป็นถ้า CSS อยู่ใน hbs แล้ว)","cssPath":"C:\\Projcet TPR\\report-server\\public\\css\\quotation.css"}
{"ts":"2026-05-23T08:34:55.221Z","level":"OK","title":"READY","message":"PDF server is running","port":4100,"logFile":"C:\\Projcet TPR\\report-server\\logs\\server-2026-05-23.log"}
{"ts":"2026-05-23T08:34:55.221Z","level":"BOOT","message":"PDF server is running","port":4100,"logFile":"C:\\Projcet TPR\\report-server\\logs\\server-2026-05-23.log"}
{"ts":"2026-05-23T08:38:05.623Z","level":"WARN","title":"SHUTDOWN","message":"received SIGINT, closing server resources...","signal":"SIGINT"}
{"ts":"2026-05-23T08:38:09.520Z","level":"INFO","title":"TEMPLATE","message":"compile templates\\tpr_quotation.hbs","templatePath":"C:\\Projcet TPR\\report-server\\templates\\tpr_quotation.hbs"}
{"ts":"2026-05-23T08:38:09.522Z","level":"INFO","title":"TEMPLATE","message":"compile templates\\tpr_credit_note.hbs","templatePath":"C:\\Projcet TPR\\report-server\\templates\\tpr_credit_note.hbs"}
{"ts":"2026-05-23T08:38:09.522Z","level":"INFO","title":"TEMPLATE","message":"compile templates\\tpr_invoice.hbs","templatePath":"C:\\Projcet TPR\\report-server\\templates\\tpr_invoice.hbs"}
{"ts":"2026-05-23T08:38:09.522Z","level":"INFO","title":"TEMPLATE","message":"compile templates\\tpr_purchase_order.hbs","templatePath":"C:\\Projcet TPR\\report-server\\templates\\tpr_purchase_order.hbs"}
{"ts":"2026-05-23T08:38:09.523Z","level":"INFO","title":"TEMPLATE","message":"compile templates\\tpr_receipt.hbs","templatePath":"C:\\Projcet TPR\\report-server\\templates\\tpr_receipt.hbs"}
{"ts":"2026-05-23T08:38:09.523Z","level":"INFO","title":"TEMPLATE","message":"compile templates\\tpr_tax_receipt.hbs","templatePath":"C:\\Projcet TPR\\report-server\\templates\\tpr_tax_receipt.hbs"}
{"ts":"2026-05-23T08:38:09.524Z","level":"INFO","title":"TEMPLATE","message":"compile templates\\tpr_withholding_tax_certificate.hbs","templatePath":"C:\\Projcet TPR\\report-server\\templates\\tpr_withholding_tax_certificate.hbs"}
{"ts":"2026-05-23T08:38:09.524Z","level":"INFO","title":"TEMPLATE","message":"compile templates\\tpr_payment_voucher.hbs","templatePath":"C:\\Projcet TPR\\report-server\\templates\\tpr_payment_voucher.hbs"}
{"ts":"2026-05-23T08:38:09.525Z","level":"INFO","title":"TEMPLATE","message":"compile templates\\tpr_receipt_voucher.hbs","templatePath":"C:\\Projcet TPR\\report-server\\templates\\tpr_receipt_voucher.hbs"}
{"ts":"2026-05-23T08:38:09.526Z","level":"INFO","title":"TEMPLATE","message":"compile templates\\tpr_petty_cash_voucher.hbs","templatePath":"C:\\Projcet TPR\\report-server\\templates\\tpr_petty_cash_voucher.hbs"}
{"ts":"2026-05-23T08:38:09.527Z","level":"INFO","title":"TEMPLATE","message":"compile templates\\tpr_petty_cash_request.hbs","templatePath":"C:\\Projcet TPR\\report-server\\templates\\tpr_petty_cash_request.hbs"}
{"ts":"2026-05-23T08:38:09.528Z","level":"INFO","title":"TEMPLATE","message":"compile templates\\tpr_petty_cash_payment_report.hbs","templatePath":"C:\\Projcet TPR\\report-server\\templates\\tpr_petty_cash_payment_report.hbs"}
{"ts":"2026-05-23T08:38:09.528Z","level":"INFO","title":"TEMPLATE","message":"compile templates\\tpr_receipt_certification.hbs","templatePath":"C:\\Projcet TPR\\report-server\\templates\\tpr_receipt_certification.hbs"}
{"ts":"2026-05-23T08:38:09.529Z","level":"INFO","title":"TEMPLATE","message":"compile templates\\tpr_payroll_slip.hbs","templatePath":"C:\\Projcet TPR\\report-server\\templates\\tpr_payroll_slip.hbs"}
{"ts":"2026-05-23T08:38:09.529Z","level":"WARN","title":"CSS","message":"inline missing: C:\\Projcet TPR\\report-server\\public\\css\\quotation.css (ไม่จำเป็นถ้า CSS อยู่ใน hbs แล้ว)","cssPath":"C:\\Projcet TPR\\report-server\\public\\css\\quotation.css"}
{"ts":"2026-05-23T08:38:09.552Z","level":"OK","title":"READY","message":"PDF server is running","port":4100,"logFile":"C:\\Projcet TPR\\report-server\\logs\\server-2026-05-23.log"}
{"ts":"2026-05-23T08:38:09.552Z","level":"BOOT","message":"PDF server is running","port":4100,"logFile":"C:\\Projcet TPR\\report-server\\logs\\server-2026-05-23.log"}
{"ts":"2026-05-23T08:38:14.276Z","level":"STEP","reqId":"MPI3J75W-XGNM4S","route":"QUOTATION","stage":"START","detail":"OPTIONS /tpr-quotation/pdf","method":"OPTIONS","url":"/tpr-quotation/pdf"}
{"ts":"2026-05-23T08:38:14.277Z","level":"REQUEST_START","reqId":"MPI3J75W-XGNM4S","route":"QUOTATION","method":"OPTIONS","url":"/tpr-quotation/pdf","ip":"::1","origin":"http://localhost:5174","ua":"Mozilla/5.0 (Windows NT 10.0; Win64; x64) AppleWebKit/537.36 (KHTML, like Gecko) Chrome/148.0.0.0 Safari/537.36","payloadBytes":2}
{"ts":"2026-05-23T08:38:14.281Z","level":"REQUEST_DONE","reqId":"MPI3J75W-XGNM4S","route":"QUOTATION","method":"OPTIONS","url":"/tpr-quotation/pdf","status":204,"durationMs":5,"responseSize":"0 B"}
{"ts":"2026-05-23T08:38:14.283Z","level":"STEP","reqId":"MPI3J763-M3ENB6","route":"QUOTATION","stage":"START","detail":"POST /tpr-quotation/pdf","method":"POST","url":"/tpr-quotation/pdf"}
{"ts":"2026-05-23T08:38:14.283Z","level":"REQUEST_START","reqId":"MPI3J763-M3ENB6","route":"QUOTATION","method":"POST","url":"/tpr-quotation/pdf","ip":"::1","origin":"http://localhost:5174","ua":"Mozilla/5.0 (Windows NT 10.0; Win64; x64) AppleWebKit/537.36 (KHTML, like Gecko) Chrome/148.0.0.0 Safari/537.36","payloadBytes":2}
{"ts":"2026-05-23T08:38:14.295Z","level":"STEP","reqId":"MPI3J763-M3ENB6","route":"QUOTATION","stage":"ROUTE","detail":"pdf mode","method":"POST","url":"/tpr-quotation/pdf"}
{"ts":"2026-05-23T08:38:14.295Z","level":"STEP","reqId":"MPI3J763-M3ENB6","route":"QUOTATION","stage":"NORMALIZE","detail":"payload 1.32 KB","method":"POST","url":"/tpr-quotation/pdf"}
{"ts":"2026-05-23T08:38:14.296Z","level":"STEP","reqId":"MPI3J763-M3ENB6","route":"QUOTATION","stage":"TEMPLATE","detail":"render html before pdf","method":"POST","url":"/tpr-quotation/pdf"}
{"ts":"2026-05-23T08:38:14.328Z","level":"INFO","title":"PUPPETEER","message":"launch browser..."}
{"ts":"2026-05-23T08:38:14.646Z","level":"OK","title":"PUPPETEER","message":"browser launched"}
{"ts":"2026-05-23T08:38:14.688Z","level":"STEP","reqId":"MPI3J763-M3ENB6","route":"QUOTATION","stage":"PDF:PAGE_OPEN","detail":"create new page","method":"POST","url":"/tpr-quotation/pdf"}
{"ts":"2026-05-23T08:38:14.691Z","level":"STEP","reqId":"MPI3J763-M3ENB6","route":"QUOTATION","stage":"PDF:SET_CONTENT","detail":"html size 9.04 KB","method":"POST","url":"/tpr-quotation/pdf"}
{"ts":"2026-05-23T08:38:16.778Z","level":"STEP","reqId":"MPI3J763-M3ENB6","route":"QUOTATION","stage":"PDF:FONTS_READY","detail":"waiting document.fonts.ready","method":"POST","url":"/tpr-quotation/pdf"}
{"ts":"2026-05-23T08:38:16.781Z","level":"STEP","reqId":"MPI3J763-M3ENB6","route":"QUOTATION","stage":"PDF:RENDER","detail":"format=A4 media=screen landscape=false","method":"POST","url":"/tpr-quotation/pdf"}
{"ts":"2026-05-23T08:38:16.958Z","level":"STEP","reqId":"MPI3J763-M3ENB6","route":"QUOTATION","stage":"PDF:BUFFER_READY","detail":"pdf size 208 KB","method":"POST","url":"/tpr-quotation/pdf"}
{"ts":"2026-05-23T08:38:16.959Z","level":"STEP","reqId":"MPI3J763-M3ENB6","route":"QUOTATION","stage":"PDF:PAGE_CLOSE","detail":"close page","method":"POST","url":"/tpr-quotation/pdf"}
{"ts":"2026-05-23T08:38:16.976Z","level":"STEP","reqId":"MPI3J763-M3ENB6","route":"QUOTATION","stage":"RESPOND_PDF","detail":"filename=tpr_quotation.pdf","method":"POST","url":"/tpr-quotation/pdf"}
{"ts":"2026-05-23T08:38:16.977Z","level":"PDF_RESPONSE","reqId":"MPI3J763-M3ENB6","route":"QUOTATION","method":"POST","url":"/tpr-quotation/pdf","filename":"tpr_quotation.pdf","pdfBytes":212974}
{"ts":"2026-05-23T08:38:16.980Z","level":"REQUEST_DONE","reqId":"MPI3J763-M3ENB6","route":"QUOTATION","method":"POST","url":"/tpr-quotation/pdf","status":200,"durationMs":2697,"responseSize":"208 KB"}
{"ts":"2026-05-23T08:54:17.363Z","level":"STEP","reqId":"MPI43UAB-UQA37P","route":"QUOTATION","stage":"START","detail":"OPTIONS /tpr-quotation/pdf","method":"OPTIONS","url":"/tpr-quotation/pdf"}
{"ts":"2026-05-23T08:54:17.366Z","level":"REQUEST_START","reqId":"MPI43UAB-UQA37P","route":"QUOTATION","method":"OPTIONS","url":"/tpr-quotation/pdf","ip":"::1","origin":"http://localhost:5174","ua":"Mozilla/5.0 (Windows NT 10.0; Win64; x64) AppleWebKit/537.36 (KHTML, like Gecko) Chrome/148.0.0.0 Safari/537.36","payloadBytes":2}
{"ts":"2026-05-23T08:54:17.368Z","level":"REQUEST_DONE","reqId":"MPI43UAB-UQA37P","route":"QUOTATION","method":"OPTIONS","url":"/tpr-quotation/pdf","status":204,"durationMs":4,"responseSize":"0 B"}
{"ts":"2026-05-23T08:54:17.368Z","level":"STEP","reqId":"MPI43UAG-AN4A84","route":"QUOTATION","stage":"START","detail":"POST /tpr-quotation/pdf","method":"POST","url":"/tpr-quotation/pdf"}
{"ts":"2026-05-23T08:54:17.369Z","level":"REQUEST_START","reqId":"MPI43UAG-AN4A84","route":"QUOTATION","method":"POST","url":"/tpr-quotation/pdf","ip":"::1","origin":"http://localhost:5174","ua":"Mozilla/5.0 (Windows NT 10.0; Win64; x64) AppleWebKit/537.36 (KHTML, like Gecko) Chrome/148.0.0.0 Safari/537.36","payloadBytes":2}
{"ts":"2026-05-23T08:54:17.371Z","level":"STEP","reqId":"MPI43UAG-AN4A84","route":"QUOTATION","stage":"ROUTE","detail":"pdf mode","method":"POST","url":"/tpr-quotation/pdf"}
{"ts":"2026-05-23T08:54:17.371Z","level":"STEP","reqId":"MPI43UAG-AN4A84","route":"QUOTATION","stage":"NORMALIZE","detail":"payload 1.32 KB","method":"POST","url":"/tpr-quotation/pdf"}
{"ts":"2026-05-23T08:54:17.372Z","level":"STEP","reqId":"MPI43UAG-AN4A84","route":"QUOTATION","stage":"TEMPLATE","detail":"render html before pdf","method":"POST","url":"/tpr-quotation/pdf"}
{"ts":"2026-05-23T08:54:17.373Z","level":"INFO","title":"PUPPETEER","message":"reuse existing browser instance"}
{"ts":"2026-05-23T08:54:17.436Z","level":"STEP","reqId":"MPI43UAG-AN4A84","route":"QUOTATION","stage":"PDF:PAGE_OPEN","detail":"create new page","method":"POST","url":"/tpr-quotation/pdf"}
{"ts":"2026-05-23T08:54:17.442Z","level":"STEP","reqId":"MPI43UAG-AN4A84","route":"QUOTATION","stage":"PDF:SET_CONTENT","detail":"html size 9.04 KB","method":"POST","url":"/tpr-quotation/pdf"}
{"ts":"2026-05-23T08:54:19.020Z","level":"STEP","reqId":"MPI43UAG-AN4A84","route":"QUOTATION","stage":"PDF:FONTS_READY","detail":"waiting document.fonts.ready","method":"POST","url":"/tpr-quotation/pdf"}
{"ts":"2026-05-23T08:54:19.031Z","level":"STEP","reqId":"MPI43UAG-AN4A84","route":"QUOTATION","stage":"PDF:RENDER","detail":"format=A4 media=screen landscape=false","method":"POST","url":"/tpr-quotation/pdf"}
{"ts":"2026-05-23T08:54:19.243Z","level":"STEP","reqId":"MPI43UAG-AN4A84","route":"QUOTATION","stage":"PDF:BUFFER_READY","detail":"pdf size 208 KB","method":"POST","url":"/tpr-quotation/pdf"}
{"ts":"2026-05-23T08:54:19.244Z","level":"STEP","reqId":"MPI43UAG-AN4A84","route":"QUOTATION","stage":"PDF:PAGE_CLOSE","detail":"close page","method":"POST","url":"/tpr-quotation/pdf"}
{"ts":"2026-05-23T08:54:19.255Z","level":"STEP","reqId":"MPI43UAG-AN4A84","route":"QUOTATION","stage":"RESPOND_PDF","detail":"filename=tpr_quotation.pdf","method":"POST","url":"/tpr-quotation/pdf"}
{"ts":"2026-05-23T08:54:19.255Z","level":"PDF_RESPONSE","reqId":"MPI43UAG-AN4A84","route":"QUOTATION","method":"POST","url":"/tpr-quotation/pdf","filename":"tpr_quotation.pdf","pdfBytes":212974}
{"ts":"2026-05-23T08:54:19.257Z","level":"REQUEST_DONE","reqId":"MPI43UAG-AN4A84","route":"QUOTATION","method":"POST","url":"/tpr-quotation/pdf","status":200,"durationMs":1888,"responseSize":"208 KB"}
{"ts":"2026-05-23T11:34:14.849Z","level":"STEP","reqId":"MPI9TJR3-ZMLNP7","route":"QUOTATION","stage":"START","detail":"OPTIONS /tpr-quotation/pdf","method":"OPTIONS","url":"/tpr-quotation/pdf"}
{"ts":"2026-05-23T11:34:14.850Z","level":"REQUEST_START","reqId":"MPI9TJR3-ZMLNP7","route":"QUOTATION","method":"OPTIONS","url":"/tpr-quotation/pdf","ip":"::1","origin":"http://localhost:5174","ua":"Mozilla/5.0 (Windows NT 10.0; Win64; x64) AppleWebKit/537.36 (KHTML, like Gecko) Chrome/148.0.0.0 Safari/537.36","payloadBytes":2}
{"ts":"2026-05-23T11:34:14.854Z","level":"REQUEST_DONE","reqId":"MPI9TJR3-ZMLNP7","route":"QUOTATION","method":"OPTIONS","url":"/tpr-quotation/pdf","status":204,"durationMs":6,"responseSize":"0 B"}
{"ts":"2026-05-23T11:34:14.855Z","level":"STEP","reqId":"MPI9TJRB-MESJY0","route":"QUOTATION","stage":"START","detail":"POST /tpr-quotation/pdf","method":"POST","url":"/tpr-quotation/pdf"}
{"ts":"2026-05-23T11:34:14.856Z","level":"REQUEST_START","reqId":"MPI9TJRB-MESJY0","route":"QUOTATION","method":"POST","url":"/tpr-quotation/pdf","ip":"::1","origin":"http://localhost:5174","ua":"Mozilla/5.0 (Windows NT 10.0; Win64; x64) AppleWebKit/537.36 (KHTML, like Gecko) Chrome/148.0.0.0 Safari/537.36","payloadBytes":2}
{"ts":"2026-05-23T11:34:14.858Z","level":"STEP","reqId":"MPI9TJRB-MESJY0","route":"QUOTATION","stage":"ROUTE","detail":"pdf mode","method":"POST","url":"/tpr-quotation/pdf"}
{"ts":"2026-05-23T11:34:14.858Z","level":"STEP","reqId":"MPI9TJRB-MESJY0","route":"QUOTATION","stage":"NORMALIZE","detail":"payload 2.58 KB","method":"POST","url":"/tpr-quotation/pdf"}
{"ts":"2026-05-23T11:34:14.859Z","level":"STEP","reqId":"MPI9TJRB-MESJY0","route":"QUOTATION","stage":"TEMPLATE","detail":"render html before pdf","method":"POST","url":"/tpr-quotation/pdf"}
{"ts":"2026-05-23T11:34:14.862Z","level":"INFO","title":"PUPPETEER","message":"reuse existing browser instance"}
{"ts":"2026-05-23T11:34:14.919Z","level":"STEP","reqId":"MPI9TJRB-MESJY0","route":"QUOTATION","stage":"PDF:PAGE_OPEN","detail":"create new page","method":"POST","url":"/tpr-quotation/pdf"}
{"ts":"2026-05-23T11:34:14.922Z","level":"STEP","reqId":"MPI9TJRB-MESJY0","route":"QUOTATION","stage":"PDF:SET_CONTENT","detail":"html size 11.5 KB","method":"POST","url":"/tpr-quotation/pdf"}
{"ts":"2026-05-23T11:34:16.470Z","level":"STEP","reqId":"MPI9TJRB-MESJY0","route":"QUOTATION","stage":"PDF:FONTS_READY","detail":"waiting document.fonts.ready","method":"POST","url":"/tpr-quotation/pdf"}
{"ts":"2026-05-23T11:34:16.473Z","level":"STEP","reqId":"MPI9TJRB-MESJY0","route":"QUOTATION","stage":"PDF:RENDER","detail":"format=A4 media=screen landscape=false","method":"POST","url":"/tpr-quotation/pdf"}
{"ts":"2026-05-23T11:34:16.665Z","level":"STEP","reqId":"MPI9TJRB-MESJY0","route":"QUOTATION","stage":"PDF:BUFFER_READY","detail":"pdf size 231 KB","method":"POST","url":"/tpr-quotation/pdf"}
{"ts":"2026-05-23T11:34:16.666Z","level":"STEP","reqId":"MPI9TJRB-MESJY0","route":"QUOTATION","stage":"PDF:PAGE_CLOSE","detail":"close page","method":"POST","url":"/tpr-quotation/pdf"}
{"ts":"2026-05-23T11:34:16.679Z","level":"STEP","reqId":"MPI9TJRB-MESJY0","route":"QUOTATION","stage":"RESPOND_PDF","detail":"filename=tpr_quotation.pdf","method":"POST","url":"/tpr-quotation/pdf"}
{"ts":"2026-05-23T11:34:16.679Z","level":"PDF_RESPONSE","reqId":"MPI9TJRB-MESJY0","route":"QUOTATION","method":"POST","url":"/tpr-quotation/pdf","filename":"tpr_quotation.pdf","pdfBytes":236614}
{"ts":"2026-05-23T11:34:16.683Z","level":"REQUEST_DONE","reqId":"MPI9TJRB-MESJY0","route":"QUOTATION","method":"POST","url":"/tpr-quotation/pdf","status":200,"durationMs":1827,"responseSize":"231 KB"}
{"ts":"2026-05-23T11:35:27.631Z","level":"STEP","reqId":"MPI9V3WU-9ZHQWR","route":"QUOTATION","stage":"START","detail":"OPTIONS /tpr-quotation/pdf","method":"OPTIONS","url":"/tpr-quotation/pdf"}
{"ts":"2026-05-23T11:35:27.631Z","level":"REQUEST_START","reqId":"MPI9V3WU-9ZHQWR","route":"QUOTATION","method":"OPTIONS","url":"/tpr-quotation/pdf","ip":"::1","origin":"http://localhost:5174","ua":"Mozilla/5.0 (Windows NT 10.0; Win64; x64) AppleWebKit/537.36 (KHTML, like Gecko) Chrome/148.0.0.0 Safari/537.36","payloadBytes":2}
{"ts":"2026-05-23T11:35:27.633Z","level":"REQUEST_DONE","reqId":"MPI9V3WU-9ZHQWR","route":"QUOTATION","method":"OPTIONS","url":"/tpr-quotation/pdf","status":204,"durationMs":2,"responseSize":"0 B"}
{"ts":"2026-05-23T11:35:27.634Z","level":"STEP","reqId":"MPI9V3WY-TLYURI","route":"QUOTATION","stage":"START","detail":"POST /tpr-quotation/pdf","method":"POST","url":"/tpr-quotation/pdf"}
{"ts":"2026-05-23T11:35:27.634Z","level":"REQUEST_START","reqId":"MPI9V3WY-TLYURI","route":"QUOTATION","method":"POST","url":"/tpr-quotation/pdf","ip":"::1","origin":"http://localhost:5174","ua":"Mozilla/5.0 (Windows NT 10.0; Win64; x64) AppleWebKit/537.36 (KHTML, like Gecko) Chrome/148.0.0.0 Safari/537.36","payloadBytes":2}
{"ts":"2026-05-23T11:35:27.636Z","level":"STEP","reqId":"MPI9V3WY-TLYURI","route":"QUOTATION","stage":"ROUTE","detail":"pdf mode","method":"POST","url":"/tpr-quotation/pdf"}
{"ts":"2026-05-23T11:35:27.636Z","level":"STEP","reqId":"MPI9V3WY-TLYURI","route":"QUOTATION","stage":"NORMALIZE","detail":"payload 2.58 KB","method":"POST","url":"/tpr-quotation/pdf"}
{"ts":"2026-05-23T11:35:27.637Z","level":"STEP","reqId":"MPI9V3WY-TLYURI","route":"QUOTATION","stage":"TEMPLATE","detail":"render html before pdf","method":"POST","url":"/tpr-quotation/pdf"}
{"ts":"2026-05-23T11:35:27.638Z","level":"INFO","title":"PUPPETEER","message":"reuse existing browser instance"}
{"ts":"2026-05-23T11:35:27.675Z","level":"STEP","reqId":"MPI9V3WY-TLYURI","route":"QUOTATION","stage":"PDF:PAGE_OPEN","detail":"create new page","method":"POST","url":"/tpr-quotation/pdf"}
{"ts":"2026-05-23T11:35:27.679Z","level":"STEP","reqId":"MPI9V3WY-TLYURI","route":"QUOTATION","stage":"PDF:SET_CONTENT","detail":"html size 11.5 KB","method":"POST","url":"/tpr-quotation/pdf"}
{"ts":"2026-05-23T11:35:29.598Z","level":"STEP","reqId":"MPI9V3WY-TLYURI","route":"QUOTATION","stage":"PDF:FONTS_READY","detail":"waiting document.fonts.ready","method":"POST","url":"/tpr-quotation/pdf"}
{"ts":"2026-05-23T11:35:29.600Z","level":"STEP","reqId":"MPI9V3WY-TLYURI","route":"QUOTATION","stage":"PDF:RENDER","detail":"format=A4 media=screen landscape=false","method":"POST","url":"/tpr-quotation/pdf"}
{"ts":"2026-05-23T11:35:29.778Z","level":"STEP","reqId":"MPI9V3WY-TLYURI","route":"QUOTATION","stage":"PDF:BUFFER_READY","detail":"pdf size 231 KB","method":"POST","url":"/tpr-quotation/pdf"}
{"ts":"2026-05-23T11:35:29.778Z","level":"STEP","reqId":"MPI9V3WY-TLYURI","route":"QUOTATION","stage":"PDF:PAGE_CLOSE","detail":"close page","method":"POST","url":"/tpr-quotation/pdf"}
{"ts":"2026-05-23T11:35:29.790Z","level":"STEP","reqId":"MPI9V3WY-TLYURI","route":"QUOTATION","stage":"RESPOND_PDF","detail":"filename=tpr_quotation.pdf","method":"POST","url":"/tpr-quotation/pdf"}
{"ts":"2026-05-23T11:35:29.790Z","level":"PDF_RESPONSE","reqId":"MPI9V3WY-TLYURI","route":"QUOTATION","method":"POST","url":"/tpr-quotation/pdf","filename":"tpr_quotation.pdf","pdfBytes":236614}
{"ts":"2026-05-23T11:35:29.792Z","level":"REQUEST_DONE","reqId":"MPI9V3WY-TLYURI","route":"QUOTATION","method":"POST","url":"/tpr-quotation/pdf","status":200,"durationMs":2158,"responseSize":"231 KB"}
{"ts":"2026-05-23T11:41:22.653Z","level":"STEP","reqId":"MPIA2PUL-ZJJH0U","route":"QUOTATION","stage":"START","detail":"OPTIONS /tpr-quotation/pdf","method":"OPTIONS","url":"/tpr-quotation/pdf"}
{"ts":"2026-05-23T11:41:22.654Z","level":"REQUEST_START","reqId":"MPIA2PUL-ZJJH0U","route":"QUOTATION","method":"OPTIONS","url":"/tpr-quotation/pdf","ip":"::1","origin":"http://localhost:5174","ua":"Mozilla/5.0 (Windows NT 10.0; Win64; x64) AppleWebKit/537.36 (KHTML, like Gecko) Chrome/148.0.0.0 Safari/537.36","payloadBytes":2}
{"ts":"2026-05-23T11:41:22.657Z","level":"REQUEST_DONE","reqId":"MPIA2PUL-ZJJH0U","route":"QUOTATION","method":"OPTIONS","url":"/tpr-quotation/pdf","status":204,"durationMs":2,"responseSize":"0 B"}
{"ts":"2026-05-23T11:41:22.658Z","level":"STEP","reqId":"MPIA2PUQ-T1NU1S","route":"QUOTATION","stage":"START","detail":"POST /tpr-quotation/pdf","method":"POST","url":"/tpr-quotation/pdf"}
{"ts":"2026-05-23T11:41:22.658Z","level":"REQUEST_START","reqId":"MPIA2PUQ-T1NU1S","route":"QUOTATION","method":"POST","url":"/tpr-quotation/pdf","ip":"::1","origin":"http://localhost:5174","ua":"Mozilla/5.0 (Windows NT 10.0; Win64; x64) AppleWebKit/537.36 (KHTML, like Gecko) Chrome/148.0.0.0 Safari/537.36","payloadBytes":2}
{"ts":"2026-05-23T11:41:22.660Z","level":"STEP","reqId":"MPIA2PUQ-T1NU1S","route":"QUOTATION","stage":"ROUTE","detail":"pdf mode","method":"POST","url":"/tpr-quotation/pdf"}
{"ts":"2026-05-23T11:41:22.660Z","level":"STEP","reqId":"MPIA2PUQ-T1NU1S","route":"QUOTATION","stage":"NORMALIZE","detail":"payload 1.88 KB","method":"POST","url":"/tpr-quotation/pdf"}
{"ts":"2026-05-23T11:41:22.661Z","level":"STEP","reqId":"MPIA2PUQ-T1NU1S","route":"QUOTATION","stage":"TEMPLATE","detail":"render html before pdf","method":"POST","url":"/tpr-quotation/pdf"}
{"ts":"2026-05-23T11:41:22.663Z","level":"INFO","title":"PUPPETEER","message":"reuse existing browser instance"}
{"ts":"2026-05-23T11:41:22.703Z","level":"STEP","reqId":"MPIA2PUQ-T1NU1S","route":"QUOTATION","stage":"PDF:PAGE_OPEN","detail":"create new page","method":"POST","url":"/tpr-quotation/pdf"}
{"ts":"2026-05-23T11:41:22.706Z","level":"STEP","reqId":"MPIA2PUQ-T1NU1S","route":"QUOTATION","stage":"PDF:SET_CONTENT","detail":"html size 9.52 KB","method":"POST","url":"/tpr-quotation/pdf"}
{"ts":"2026-05-23T11:41:24.675Z","level":"STEP","reqId":"MPIA2PUQ-T1NU1S","route":"QUOTATION","stage":"PDF:FONTS_READY","detail":"waiting document.fonts.ready","method":"POST","url":"/tpr-quotation/pdf"}
{"ts":"2026-05-23T11:41:24.677Z","level":"STEP","reqId":"MPIA2PUQ-T1NU1S","route":"QUOTATION","stage":"PDF:RENDER","detail":"format=A4 media=screen landscape=false","method":"POST","url":"/tpr-quotation/pdf"}
{"ts":"2026-05-23T11:41:24.850Z","level":"STEP","reqId":"MPIA2PUQ-T1NU1S","route":"QUOTATION","stage":"PDF:BUFFER_READY","detail":"pdf size 213 KB","method":"POST","url":"/tpr-quotation/pdf"}
{"ts":"2026-05-23T11:41:24.851Z","level":"STEP","reqId":"MPIA2PUQ-T1NU1S","route":"QUOTATION","stage":"PDF:PAGE_CLOSE","detail":"close page","method":"POST","url":"/tpr-quotation/pdf"}
{"ts":"2026-05-23T11:41:24.862Z","level":"STEP","reqId":"MPIA2PUQ-T1NU1S","route":"QUOTATION","stage":"RESPOND_PDF","detail":"filename=tpr_quotation.pdf","method":"POST","url":"/tpr-quotation/pdf"}
{"ts":"2026-05-23T11:41:24.862Z","level":"PDF_RESPONSE","reqId":"MPIA2PUQ-T1NU1S","route":"QUOTATION","method":"POST","url":"/tpr-quotation/pdf","filename":"tpr_quotation.pdf","pdfBytes":218535}
{"ts":"2026-05-23T11:41:24.864Z","level":"REQUEST_DONE","reqId":"MPIA2PUQ-T1NU1S","route":"QUOTATION","method":"POST","url":"/tpr-quotation/pdf","status":200,"durationMs":2206,"responseSize":"213 KB"}
{"ts":"2026-05-23T11:47:20.810Z","level":"INFO","title":"TEMPLATE","message":"compile templates\\tpr_quotation.hbs","templatePath":"C:\\Projcet TPR\\report-server\\templates\\tpr_quotation.hbs"}
{"ts":"2026-05-23T11:47:20.812Z","level":"INFO","title":"TEMPLATE","message":"compile templates\\tpr_credit_note.hbs","templatePath":"C:\\Projcet TPR\\report-server\\templates\\tpr_credit_note.hbs"}
{"ts":"2026-05-23T11:47:20.813Z","level":"INFO","title":"TEMPLATE","message":"compile templates\\tpr_invoice.hbs","templatePath":"C:\\Projcet TPR\\report-server\\templates\\tpr_invoice.hbs"}
{"ts":"2026-05-23T11:47:20.814Z","level":"INFO","title":"TEMPLATE","message":"compile templates\\tpr_purchase_order.hbs","templatePath":"C:\\Projcet TPR\\report-server\\templates\\tpr_purchase_order.hbs"}
{"ts":"2026-05-23T11:47:20.815Z","level":"INFO","title":"TEMPLATE","message":"compile templates\\tpr_receipt.hbs","templatePath":"C:\\Projcet TPR\\report-server\\templates\\tpr_receipt.hbs"}
{"ts":"2026-05-23T11:47:20.816Z","level":"INFO","title":"TEMPLATE","message":"compile templates\\tpr_tax_receipt.hbs","templatePath":"C:\\Projcet TPR\\report-server\\templates\\tpr_tax_receipt.hbs"}
{"ts":"2026-05-23T11:47:20.817Z","level":"INFO","title":"TEMPLATE","message":"compile templates\\tpr_withholding_tax_certificate.hbs","templatePath":"C:\\Projcet TPR\\report-server\\templates\\tpr_withholding_tax_certificate.hbs"}
{"ts":"2026-05-23T11:47:20.820Z","level":"INFO","title":"TEMPLATE","message":"compile templates\\tpr_payment_voucher.hbs","templatePath":"C:\\Projcet TPR\\report-server\\templates\\tpr_payment_voucher.hbs"}
{"ts":"2026-05-23T11:47:20.821Z","level":"INFO","title":"TEMPLATE","message":"compile templates\\tpr_receipt_voucher.hbs","templatePath":"C:\\Projcet TPR\\report-server\\templates\\tpr_receipt_voucher.hbs"}
{"ts":"2026-05-23T11:47:20.822Z","level":"INFO","title":"TEMPLATE","message":"compile templates\\tpr_petty_cash_voucher.hbs","templatePath":"C:\\Projcet TPR\\report-server\\templates\\tpr_petty_cash_voucher.hbs"}
{"ts":"2026-05-23T11:47:20.823Z","level":"INFO","title":"TEMPLATE","message":"compile templates\\tpr_petty_cash_request.hbs","templatePath":"C:\\Projcet TPR\\report-server\\templates\\tpr_petty_cash_request.hbs"}
{"ts":"2026-05-23T11:47:20.824Z","level":"INFO","title":"TEMPLATE","message":"compile templates\\tpr_petty_cash_payment_report.hbs","templatePath":"C:\\Projcet TPR\\report-server\\templates\\tpr_petty_cash_payment_report.hbs"}
{"ts":"2026-05-23T11:47:20.825Z","level":"INFO","title":"TEMPLATE","message":"compile templates\\tpr_receipt_certification.hbs","templatePath":"C:\\Projcet TPR\\report-server\\templates\\tpr_receipt_certification.hbs"}
{"ts":"2026-05-23T11:47:20.826Z","level":"INFO","title":"TEMPLATE","message":"compile templates\\tpr_payroll_slip.hbs","templatePath":"C:\\Projcet TPR\\report-server\\templates\\tpr_payroll_slip.hbs"}
{"ts":"2026-05-23T11:47:20.828Z","level":"WARN","title":"CSS","message":"inline missing: C:\\Projcet TPR\\report-server\\public\\css\\quotation.css (ไม่จำเป็นถ้า CSS อยู่ใน hbs แล้ว)","cssPath":"C:\\Projcet TPR\\report-server\\public\\css\\quotation.css"}
{"ts":"2026-05-23T11:47:20.848Z","level":"OK","title":"READY","message":"PDF server is running","port":4100,"logFile":"C:\\Projcet TPR\\report-server\\logs\\server-2026-05-23.log"}
{"ts":"2026-05-23T11:47:20.849Z","level":"BOOT","message":"PDF server is running","port":4100,"logFile":"C:\\Projcet TPR\\report-server\\logs\\server-2026-05-23.log"}
{"ts":"2026-05-23T11:47:52.070Z","level":"STEP","reqId":"MPIAB2BQ-MP5AAY","route":"QUOTATION","stage":"START","detail":"OPTIONS /tpr-quotation/pdf","method":"OPTIONS","url":"/tpr-quotation/pdf"}
{"ts":"2026-05-23T11:47:52.071Z","level":"REQUEST_START","reqId":"MPIAB2BQ-MP5AAY","route":"QUOTATION","method":"OPTIONS","url":"/tpr-quotation/pdf","ip":"::1","origin":"http://localhost:5174","ua":"Mozilla/5.0 (Windows NT 10.0; Win64; x64) AppleWebKit/537.36 (KHTML, like Gecko) Chrome/148.0.0.0 Safari/537.36","payloadBytes":2}
{"ts":"2026-05-23T11:47:52.075Z","level":"REQUEST_DONE","reqId":"MPIAB2BQ-MP5AAY","route":"QUOTATION","method":"OPTIONS","url":"/tpr-quotation/pdf","status":204,"durationMs":4,"responseSize":"0 B"}
{"ts":"2026-05-23T11:47:52.077Z","level":"STEP","reqId":"MPIAB2BX-R64ZPB","route":"QUOTATION","stage":"START","detail":"POST /tpr-quotation/pdf","method":"POST","url":"/tpr-quotation/pdf"}
{"ts":"2026-05-23T11:47:52.078Z","level":"REQUEST_START","reqId":"MPIAB2BX-R64ZPB","route":"QUOTATION","method":"POST","url":"/tpr-quotation/pdf","ip":"::1","origin":"http://localhost:5174","ua":"Mozilla/5.0 (Windows NT 10.0; Win64; x64) AppleWebKit/537.36 (KHTML, like Gecko) Chrome/148.0.0.0 Safari/537.36","payloadBytes":2}
{"ts":"2026-05-23T11:47:52.096Z","level":"STEP","reqId":"MPIAB2BX-R64ZPB","route":"QUOTATION","stage":"ROUTE","detail":"pdf mode","method":"POST","url":"/tpr-quotation/pdf"}
{"ts":"2026-05-23T11:47:52.097Z","level":"STEP","reqId":"MPIAB2BX-R64ZPB","route":"QUOTATION","stage":"NORMALIZE","detail":"payload 1.88 KB","method":"POST","url":"/tpr-quotation/pdf"}
{"ts":"2026-05-23T11:47:52.098Z","level":"STEP","reqId":"MPIAB2BX-R64ZPB","route":"QUOTATION","stage":"TEMPLATE","detail":"render html before pdf","method":"POST","url":"/tpr-quotation/pdf"}
{"ts":"2026-05-23T11:47:52.117Z","level":"INFO","title":"PUPPETEER","message":"launch browser..."}
{"ts":"2026-05-23T11:47:52.568Z","level":"OK","title":"PUPPETEER","message":"browser launched"}
{"ts":"2026-05-23T11:47:52.615Z","level":"STEP","reqId":"MPIAB2BX-R64ZPB","route":"QUOTATION","stage":"PDF:PAGE_OPEN","detail":"create new page","method":"POST","url":"/tpr-quotation/pdf"}
{"ts":"2026-05-23T11:47:52.623Z","level":"STEP","reqId":"MPIAB2BX-R64ZPB","route":"QUOTATION","stage":"PDF:SET_CONTENT","detail":"html size 9.67 KB","method":"POST","url":"/tpr-quotation/pdf"}
{"ts":"2026-05-23T11:47:54.423Z","level":"STEP","reqId":"MPIAB2BX-R64ZPB","route":"QUOTATION","stage":"PDF:FONTS_READY","detail":"waiting document.fonts.ready","method":"POST","url":"/tpr-quotation/pdf"}
{"ts":"2026-05-23T11:47:54.425Z","level":"STEP","reqId":"MPIAB2BX-R64ZPB","route":"QUOTATION","stage":"PDF:RENDER","detail":"format=A4 media=screen landscape=false","method":"POST","url":"/tpr-quotation/pdf"}
{"ts":"2026-05-23T11:47:54.598Z","level":"STEP","reqId":"MPIAB2BX-R64ZPB","route":"QUOTATION","stage":"PDF:BUFFER_READY","detail":"pdf size 215 KB","method":"POST","url":"/tpr-quotation/pdf"}
{"ts":"2026-05-23T11:47:54.598Z","level":"STEP","reqId":"MPIAB2BX-R64ZPB","route":"QUOTATION","stage":"PDF:PAGE_CLOSE","detail":"close page","method":"POST","url":"/tpr-quotation/pdf"}
{"ts":"2026-05-23T11:47:54.611Z","level":"STEP","reqId":"MPIAB2BX-R64ZPB","route":"QUOTATION","stage":"RESPOND_PDF","detail":"filename=tpr_quotation.pdf","method":"POST","url":"/tpr-quotation/pdf"}
{"ts":"2026-05-23T11:47:54.612Z","level":"PDF_RESPONSE","reqId":"MPIAB2BX-R64ZPB","route":"QUOTATION","method":"POST","url":"/tpr-quotation/pdf","filename":"tpr_quotation.pdf","pdfBytes":220019}
{"ts":"2026-05-23T11:47:54.615Z","level":"REQUEST_DONE","reqId":"MPIAB2BX-R64ZPB","route":"QUOTATION","method":"POST","url":"/tpr-quotation/pdf","status":200,"durationMs":2537,"responseSize":"215 KB"}
{"ts":"2026-05-23T11:49:21.026Z","level":"STEP","reqId":"MPIACYYQ-RUE3JY","route":"QUOTATION","stage":"START","detail":"OPTIONS /tpr-quotation/pdf","method":"OPTIONS","url":"/tpr-quotation/pdf"}
{"ts":"2026-05-23T11:49:21.028Z","level":"REQUEST_START","reqId":"MPIACYYQ-RUE3JY","route":"QUOTATION","method":"OPTIONS","url":"/tpr-quotation/pdf","ip":"::1","origin":"http://localhost:5174","ua":"Mozilla/5.0 (Windows NT 10.0; Win64; x64) AppleWebKit/537.36 (KHTML, like Gecko) Chrome/148.0.0.0 Safari/537.36","payloadBytes":2}
{"ts":"2026-05-23T11:49:21.029Z","level":"REQUEST_DONE","reqId":"MPIACYYQ-RUE3JY","route":"QUOTATION","method":"OPTIONS","url":"/tpr-quotation/pdf","status":204,"durationMs":3,"responseSize":"0 B"}
{"ts":"2026-05-23T11:49:21.031Z","level":"STEP","reqId":"MPIACYYV-95QFFP","route":"QUOTATION","stage":"START","detail":"POST /tpr-quotation/pdf","method":"POST","url":"/tpr-quotation/pdf"}
{"ts":"2026-05-23T11:49:21.032Z","level":"REQUEST_START","reqId":"MPIACYYV-95QFFP","route":"QUOTATION","method":"POST","url":"/tpr-quotation/pdf","ip":"::1","origin":"http://localhost:5174","ua":"Mozilla/5.0 (Windows NT 10.0; Win64; x64) AppleWebKit/537.36 (KHTML, like Gecko) Chrome/148.0.0.0 Safari/537.36","payloadBytes":2}
{"ts":"2026-05-23T11:49:21.034Z","level":"STEP","reqId":"MPIACYYV-95QFFP","route":"QUOTATION","stage":"ROUTE","detail":"pdf mode","method":"POST","url":"/tpr-quotation/pdf"}
{"ts":"2026-05-23T11:49:21.035Z","level":"STEP","reqId":"MPIACYYV-95QFFP","route":"QUOTATION","stage":"NORMALIZE","detail":"payload 1.88 KB","method":"POST","url":"/tpr-quotation/pdf"}
{"ts":"2026-05-23T11:49:21.037Z","level":"STEP","reqId":"MPIACYYV-95QFFP","route":"QUOTATION","stage":"TEMPLATE","detail":"render html before pdf","method":"POST","url":"/tpr-quotation/pdf"}
{"ts":"2026-05-23T11:49:21.038Z","level":"INFO","title":"PUPPETEER","message":"reuse existing browser instance"}
{"ts":"2026-05-23T11:49:21.114Z","level":"STEP","reqId":"MPIACYYV-95QFFP","route":"QUOTATION","stage":"PDF:PAGE_OPEN","detail":"create new page","method":"POST","url":"/tpr-quotation/pdf"}
{"ts":"2026-05-23T11:49:21.117Z","level":"STEP","reqId":"MPIACYYV-95QFFP","route":"QUOTATION","stage":"PDF:SET_CONTENT","detail":"html size 9.67 KB","method":"POST","url":"/tpr-quotation/pdf"}
{"ts":"2026-05-23T11:49:22.792Z","level":"STEP","reqId":"MPIACYYV-95QFFP","route":"QUOTATION","stage":"PDF:FONTS_READY","detail":"waiting document.fonts.ready","method":"POST","url":"/tpr-quotation/pdf"}
{"ts":"2026-05-23T11:49:22.794Z","level":"STEP","reqId":"MPIACYYV-95QFFP","route":"QUOTATION","stage":"PDF:RENDER","detail":"format=A4 media=screen landscape=false","method":"POST","url":"/tpr-quotation/pdf"}
{"ts":"2026-05-23T11:49:22.970Z","level":"STEP","reqId":"MPIACYYV-95QFFP","route":"QUOTATION","stage":"PDF:BUFFER_READY","detail":"pdf size 215 KB","method":"POST","url":"/tpr-quotation/pdf"}
{"ts":"2026-05-23T11:49:22.970Z","level":"STEP","reqId":"MPIACYYV-95QFFP","route":"QUOTATION","stage":"PDF:PAGE_CLOSE","detail":"close page","method":"POST","url":"/tpr-quotation/pdf"}
{"ts":"2026-05-23T11:49:22.981Z","level":"STEP","reqId":"MPIACYYV-95QFFP","route":"QUOTATION","stage":"RESPOND_PDF","detail":"filename=tpr_quotation.pdf","method":"POST","url":"/tpr-quotation/pdf"}
{"ts":"2026-05-23T11:49:22.982Z","level":"PDF_RESPONSE","reqId":"MPIACYYV-95QFFP","route":"QUOTATION","method":"POST","url":"/tpr-quotation/pdf","filename":"tpr_quotation.pdf","pdfBytes":220019}
{"ts":"2026-05-23T11:49:22.984Z","level":"REQUEST_DONE","reqId":"MPIACYYV-95QFFP","route":"QUOTATION","method":"POST","url":"/tpr-quotation/pdf","status":200,"durationMs":1952,"responseSize":"215 KB"}
{"ts":"2026-05-23T11:49:30.121Z","level":"WARN","title":"SHUTDOWN","message":"received SIGINT, closing server resources...","signal":"SIGINT"}
{"ts":"2026-05-23T11:49:30.123Z","level":"INFO","title":"PUPPETEER","message":"closing browser..."}
{"ts":"2026-05-23T11:49:33.826Z","level":"INFO","title":"TEMPLATE","message":"compile templates\\tpr_quotation.hbs","templatePath":"C:\\Projcet TPR\\report-server\\templates\\tpr_quotation.hbs"}
{"ts":"2026-05-23T11:49:33.827Z","level":"INFO","title":"TEMPLATE","message":"compile templates\\tpr_credit_note.hbs","templatePath":"C:\\Projcet TPR\\report-server\\templates\\tpr_credit_note.hbs"}
{"ts":"2026-05-23T11:49:33.828Z","level":"INFO","title":"TEMPLATE","message":"compile templates\\tpr_invoice.hbs","templatePath":"C:\\Projcet TPR\\report-server\\templates\\tpr_invoice.hbs"}
{"ts":"2026-05-23T11:49:33.829Z","level":"INFO","title":"TEMPLATE","message":"compile templates\\tpr_purchase_order.hbs","templatePath":"C:\\Projcet TPR\\report-server\\templates\\tpr_purchase_order.hbs"}
{"ts":"2026-05-23T11:49:33.830Z","level":"INFO","title":"TEMPLATE","message":"compile templates\\tpr_receipt.hbs","templatePath":"C:\\Projcet TPR\\report-server\\templates\\tpr_receipt.hbs"}
{"ts":"2026-05-23T11:49:33.831Z","level":"INFO","title":"TEMPLATE","message":"compile templates\\tpr_tax_receipt.hbs","templatePath":"C:\\Projcet TPR\\report-server\\templates\\tpr_tax_receipt.hbs"}
{"ts":"2026-05-23T11:49:33.831Z","level":"INFO","title":"TEMPLATE","message":"compile templates\\tpr_withholding_tax_certificate.hbs","templatePath":"C:\\Projcet TPR\\report-server\\templates\\tpr_withholding_tax_certificate.hbs"}
{"ts":"2026-05-23T11:49:33.832Z","level":"INFO","title":"TEMPLATE","message":"compile templates\\tpr_payment_voucher.hbs","templatePath":"C:\\Projcet TPR\\report-server\\templates\\tpr_payment_voucher.hbs"}
{"ts":"2026-05-23T11:49:33.832Z","level":"INFO","title":"TEMPLATE","message":"compile templates\\tpr_receipt_voucher.hbs","templatePath":"C:\\Projcet TPR\\report-server\\templates\\tpr_receipt_voucher.hbs"}
{"ts":"2026-05-23T11:49:33.833Z","level":"INFO","title":"TEMPLATE","message":"compile templates\\tpr_petty_cash_voucher.hbs","templatePath":"C:\\Projcet TPR\\report-server\\templates\\tpr_petty_cash_voucher.hbs"}
{"ts":"2026-05-23T11:49:33.833Z","level":"INFO","title":"TEMPLATE","message":"compile templates\\tpr_petty_cash_request.hbs","templatePath":"C:\\Projcet TPR\\report-server\\templates\\tpr_petty_cash_request.hbs"}
{"ts":"2026-05-23T11:49:33.834Z","level":"INFO","title":"TEMPLATE","message":"compile templates\\tpr_petty_cash_payment_report.hbs","templatePath":"C:\\Projcet TPR\\report-server\\templates\\tpr_petty_cash_payment_report.hbs"}
{"ts":"2026-05-23T11:49:33.834Z","level":"INFO","title":"TEMPLATE","message":"compile templates\\tpr_receipt_certification.hbs","templatePath":"C:\\Projcet TPR\\report-server\\templates\\tpr_receipt_certification.hbs"}
{"ts":"2026-05-23T11:49:33.835Z","level":"INFO","title":"TEMPLATE","message":"compile templates\\tpr_payroll_slip.hbs","templatePath":"C:\\Projcet TPR\\report-server\\templates\\tpr_payroll_slip.hbs"}
{"ts":"2026-05-23T11:49:33.835Z","level":"WARN","title":"CSS","message":"inline missing: C:\\Projcet TPR\\report-server\\public\\css\\quotation.css (ไม่จำเป็นถ้า CSS อยู่ใน hbs แล้ว)","cssPath":"C:\\Projcet TPR\\report-server\\public\\css\\quotation.css"}
{"ts":"2026-05-23T11:49:33.855Z","level":"OK","title":"READY","message":"PDF server is running","port":4100,"logFile":"C:\\Projcet TPR\\report-server\\logs\\server-2026-05-23.log"}
{"ts":"2026-05-23T11:49:33.855Z","level":"BOOT","message":"PDF server is running","port":4100,"logFile":"C:\\Projcet TPR\\report-server\\logs\\server-2026-05-23.log"}
{"ts":"2026-05-23T11:49:37.276Z","level":"STEP","reqId":"MPIADBI3-T2U60X","route":"QUOTATION","stage":"START","detail":"OPTIONS /tpr-quotation/pdf","method":"OPTIONS","url":"/tpr-quotation/pdf"}
{"ts":"2026-05-23T11:49:37.276Z","level":"REQUEST_START","reqId":"MPIADBI3-T2U60X","route":"QUOTATION","method":"OPTIONS","url":"/tpr-quotation/pdf","ip":"::1","origin":"http://localhost:5174","ua":"Mozilla/5.0 (Windows NT 10.0; Win64; x64) AppleWebKit/537.36 (KHTML, like Gecko) Chrome/148.0.0.0 Safari/537.36","payloadBytes":2}
{"ts":"2026-05-23T11:49:37.281Z","level":"REQUEST_DONE","reqId":"MPIADBI3-T2U60X","route":"QUOTATION","method":"OPTIONS","url":"/tpr-quotation/pdf","status":204,"durationMs":6,"responseSize":"0 B"}
{"ts":"2026-05-23T11:49:37.282Z","level":"STEP","reqId":"MPIADBIA-8Q8HOE","route":"QUOTATION","stage":"START","detail":"POST /tpr-quotation/pdf","method":"POST","url":"/tpr-quotation/pdf"}
{"ts":"2026-05-23T11:49:37.283Z","level":"REQUEST_START","reqId":"MPIADBIA-8Q8HOE","route":"QUOTATION","method":"POST","url":"/tpr-quotation/pdf","ip":"::1","origin":"http://localhost:5174","ua":"Mozilla/5.0 (Windows NT 10.0; Win64; x64) AppleWebKit/537.36 (KHTML, like Gecko) Chrome/148.0.0.0 Safari/537.36","payloadBytes":2}
{"ts":"2026-05-23T11:49:37.294Z","level":"STEP","reqId":"MPIADBIA-8Q8HOE","route":"QUOTATION","stage":"ROUTE","detail":"pdf mode","method":"POST","url":"/tpr-quotation/pdf"}
{"ts":"2026-05-23T11:49:37.295Z","level":"STEP","reqId":"MPIADBIA-8Q8HOE","route":"QUOTATION","stage":"NORMALIZE","detail":"payload 1.88 KB","method":"POST","url":"/tpr-quotation/pdf"}
{"ts":"2026-05-23T11:49:37.297Z","level":"STEP","reqId":"MPIADBIA-8Q8HOE","route":"QUOTATION","stage":"TEMPLATE","detail":"render html before pdf","method":"POST","url":"/tpr-quotation/pdf"}
{"ts":"2026-05-23T11:49:37.313Z","level":"INFO","title":"PUPPETEER","message":"launch browser..."}
{"ts":"2026-05-23T11:49:37.667Z","level":"OK","title":"PUPPETEER","message":"browser launched"}
{"ts":"2026-05-23T11:49:37.708Z","level":"STEP","reqId":"MPIADBIA-8Q8HOE","route":"QUOTATION","stage":"PDF:PAGE_OPEN","detail":"create new page","method":"POST","url":"/tpr-quotation/pdf"}
{"ts":"2026-05-23T11:49:37.712Z","level":"STEP","reqId":"MPIADBIA-8Q8HOE","route":"QUOTATION","stage":"PDF:SET_CONTENT","detail":"html size 9.52 KB","method":"POST","url":"/tpr-quotation/pdf"}
{"ts":"2026-05-23T11:49:39.196Z","level":"STEP","reqId":"MPIADBIA-8Q8HOE","route":"QUOTATION","stage":"PDF:FONTS_READY","detail":"waiting document.fonts.ready","method":"POST","url":"/tpr-quotation/pdf"}
{"ts":"2026-05-23T11:49:39.199Z","level":"STEP","reqId":"MPIADBIA-8Q8HOE","route":"QUOTATION","stage":"PDF:RENDER","detail":"format=A4 media=screen landscape=false","method":"POST","url":"/tpr-quotation/pdf"}
{"ts":"2026-05-23T11:49:39.353Z","level":"STEP","reqId":"MPIADBIA-8Q8HOE","route":"QUOTATION","stage":"PDF:BUFFER_READY","detail":"pdf size 213 KB","method":"POST","url":"/tpr-quotation/pdf"}
{"ts":"2026-05-23T11:49:39.354Z","level":"STEP","reqId":"MPIADBIA-8Q8HOE","route":"QUOTATION","stage":"PDF:PAGE_CLOSE","detail":"close page","method":"POST","url":"/tpr-quotation/pdf"}
{"ts":"2026-05-23T11:49:39.365Z","level":"STEP","reqId":"MPIADBIA-8Q8HOE","route":"QUOTATION","stage":"RESPOND_PDF","detail":"filename=tpr_quotation.pdf","method":"POST","url":"/tpr-quotation/pdf"}
{"ts":"2026-05-23T11:49:39.365Z","level":"PDF_RESPONSE","reqId":"MPIADBIA-8Q8HOE","route":"QUOTATION","method":"POST","url":"/tpr-quotation/pdf","filename":"tpr_quotation.pdf","pdfBytes":218535}
{"ts":"2026-05-23T11:49:39.368Z","level":"REQUEST_DONE","reqId":"MPIADBIA-8Q8HOE","route":"QUOTATION","method":"POST","url":"/tpr-quotation/pdf","status":200,"durationMs":2085,"responseSize":"213 KB"}
{"ts":"2026-05-23T11:51:28.877Z","level":"WARN","title":"SHUTDOWN","message":"received SIGINT, closing server resources...","signal":"SIGINT"}
{"ts":"2026-05-23T11:51:28.877Z","level":"INFO","title":"PUPPETEER","message":"closing browser..."}
{"ts":"2026-05-23T11:51:32.536Z","level":"INFO","title":"TEMPLATE","message":"compile templates\\tpr_quotation.hbs","templatePath":"C:\\Projcet TPR\\report-server\\templates\\tpr_quotation.hbs"}
{"ts":"2026-05-23T11:51:32.538Z","level":"INFO","title":"TEMPLATE","message":"compile templates\\tpr_credit_note.hbs","templatePath":"C:\\Projcet TPR\\report-server\\templates\\tpr_credit_note.hbs"}
{"ts":"2026-05-23T11:51:32.539Z","level":"INFO","title":"TEMPLATE","message":"compile templates\\tpr_invoice.hbs","templatePath":"C:\\Projcet TPR\\report-server\\templates\\tpr_invoice.hbs"}
{"ts":"2026-05-23T11:51:32.540Z","level":"INFO","title":"TEMPLATE","message":"compile templates\\tpr_purchase_order.hbs","templatePath":"C:\\Projcet TPR\\report-server\\templates\\tpr_purchase_order.hbs"}
{"ts":"2026-05-23T11:51:32.541Z","level":"INFO","title":"TEMPLATE","message":"compile templates\\tpr_receipt.hbs","templatePath":"C:\\Projcet TPR\\report-server\\templates\\tpr_receipt.hbs"}
{"ts":"2026-05-23T11:51:32.541Z","level":"INFO","title":"TEMPLATE","message":"compile templates\\tpr_tax_receipt.hbs","templatePath":"C:\\Projcet TPR\\report-server\\templates\\tpr_tax_receipt.hbs"}
{"ts":"2026-05-23T11:51:32.542Z","level":"INFO","title":"TEMPLATE","message":"compile templates\\tpr_withholding_tax_certificate.hbs","templatePath":"C:\\Projcet TPR\\report-server\\templates\\tpr_withholding_tax_certificate.hbs"}
{"ts":"2026-05-23T11:51:32.542Z","level":"INFO","title":"TEMPLATE","message":"compile templates\\tpr_payment_voucher.hbs","templatePath":"C:\\Projcet TPR\\report-server\\templates\\tpr_payment_voucher.hbs"}
{"ts":"2026-05-23T11:51:32.544Z","level":"INFO","title":"TEMPLATE","message":"compile templates\\tpr_receipt_voucher.hbs","templatePath":"C:\\Projcet TPR\\report-server\\templates\\tpr_receipt_voucher.hbs"}
{"ts":"2026-05-23T11:51:32.545Z","level":"INFO","title":"TEMPLATE","message":"compile templates\\tpr_petty_cash_voucher.hbs","templatePath":"C:\\Projcet TPR\\report-server\\templates\\tpr_petty_cash_voucher.hbs"}
{"ts":"2026-05-23T11:51:32.545Z","level":"INFO","title":"TEMPLATE","message":"compile templates\\tpr_petty_cash_request.hbs","templatePath":"C:\\Projcet TPR\\report-server\\templates\\tpr_petty_cash_request.hbs"}
{"ts":"2026-05-23T11:51:32.547Z","level":"INFO","title":"TEMPLATE","message":"compile templates\\tpr_petty_cash_payment_report.hbs","templatePath":"C:\\Projcet TPR\\report-server\\templates\\tpr_petty_cash_payment_report.hbs"}
{"ts":"2026-05-23T11:51:32.548Z","level":"INFO","title":"TEMPLATE","message":"compile templates\\tpr_receipt_certification.hbs","templatePath":"C:\\Projcet TPR\\report-server\\templates\\tpr_receipt_certification.hbs"}
{"ts":"2026-05-23T11:51:32.550Z","level":"INFO","title":"TEMPLATE","message":"compile templates\\tpr_payroll_slip.hbs","templatePath":"C:\\Projcet TPR\\report-server\\templates\\tpr_payroll_slip.hbs"}
{"ts":"2026-05-23T11:51:32.553Z","level":"WARN","title":"CSS","message":"inline missing: C:\\Projcet TPR\\report-server\\public\\css\\quotation.css (ไม่จำเป็นถ้า CSS อยู่ใน hbs แล้ว)","cssPath":"C:\\Projcet TPR\\report-server\\public\\css\\quotation.css"}
{"ts":"2026-05-23T11:51:32.576Z","level":"OK","title":"READY","message":"PDF server is running","port":4100,"logFile":"C:\\Projcet TPR\\report-server\\logs\\server-2026-05-23.log"}
{"ts":"2026-05-23T11:51:32.576Z","level":"BOOT","message":"PDF server is running","port":4100,"logFile":"C:\\Projcet TPR\\report-server\\logs\\server-2026-05-23.log"}
{"ts":"2026-05-23T11:51:36.661Z","level":"STEP","reqId":"MPIAFVMC-L1WRP6","route":"QUOTATION","stage":"START","detail":"OPTIONS /tpr-quotation/pdf","method":"OPTIONS","url":"/tpr-quotation/pdf"}
{"ts":"2026-05-23T11:51:36.662Z","level":"REQUEST_START","reqId":"MPIAFVMC-L1WRP6","route":"QUOTATION","method":"OPTIONS","url":"/tpr-quotation/pdf","ip":"::1","origin":"http://localhost:5174","ua":"Mozilla/5.0 (Windows NT 10.0; Win64; x64) AppleWebKit/537.36 (KHTML, like Gecko) Chrome/148.0.0.0 Safari/537.36","payloadBytes":2}
{"ts":"2026-05-23T11:51:36.666Z","level":"REQUEST_DONE","reqId":"MPIAFVMC-L1WRP6","route":"QUOTATION","method":"OPTIONS","url":"/tpr-quotation/pdf","status":204,"durationMs":6,"responseSize":"0 B"}
{"ts":"2026-05-23T11:51:36.667Z","level":"STEP","reqId":"MPIAFVMJ-65C765","route":"QUOTATION","stage":"START","detail":"POST /tpr-quotation/pdf","method":"POST","url":"/tpr-quotation/pdf"}
{"ts":"2026-05-23T11:51:36.668Z","level":"REQUEST_START","reqId":"MPIAFVMJ-65C765","route":"QUOTATION","method":"POST","url":"/tpr-quotation/pdf","ip":"::1","origin":"http://localhost:5174","ua":"Mozilla/5.0 (Windows NT 10.0; Win64; x64) AppleWebKit/537.36 (KHTML, like Gecko) Chrome/148.0.0.0 Safari/537.36","payloadBytes":2}
{"ts":"2026-05-23T11:51:36.679Z","level":"STEP","reqId":"MPIAFVMJ-65C765","route":"QUOTATION","stage":"ROUTE","detail":"pdf mode","method":"POST","url":"/tpr-quotation/pdf"}
{"ts":"2026-05-23T11:51:36.680Z","level":"STEP","reqId":"MPIAFVMJ-65C765","route":"QUOTATION","stage":"NORMALIZE","detail":"payload 1.68 KB","method":"POST","url":"/tpr-quotation/pdf"}
{"ts":"2026-05-23T11:51:36.681Z","level":"STEP","reqId":"MPIAFVMJ-65C765","route":"QUOTATION","stage":"TEMPLATE","detail":"render html before pdf","method":"POST","url":"/tpr-quotation/pdf"}
{"ts":"2026-05-23T11:51:36.698Z","level":"INFO","title":"PUPPETEER","message":"launch browser..."}
{"ts":"2026-05-23T11:51:37.149Z","level":"OK","title":"PUPPETEER","message":"browser launched"}
{"ts":"2026-05-23T11:51:37.234Z","level":"STEP","reqId":"MPIAFVMJ-65C765","route":"QUOTATION","stage":"PDF:PAGE_OPEN","detail":"create new page","method":"POST","url":"/tpr-quotation/pdf"}
{"ts":"2026-05-23T11:51:37.238Z","level":"STEP","reqId":"MPIAFVMJ-65C765","route":"QUOTATION","stage":"PDF:SET_CONTENT","detail":"html size 9.58 KB","method":"POST","url":"/tpr-quotation/pdf"}
{"ts":"2026-05-23T11:51:38.858Z","level":"STEP","reqId":"MPIAFVMJ-65C765","route":"QUOTATION","stage":"PDF:FONTS_READY","detail":"waiting document.fonts.ready","method":"POST","url":"/tpr-quotation/pdf"}
{"ts":"2026-05-23T11:51:38.861Z","level":"STEP","reqId":"MPIAFVMJ-65C765","route":"QUOTATION","stage":"PDF:RENDER","detail":"format=A4 media=screen landscape=false","method":"POST","url":"/tpr-quotation/pdf"}
{"ts":"2026-05-23T11:51:39.026Z","level":"STEP","reqId":"MPIAFVMJ-65C765","route":"QUOTATION","stage":"PDF:BUFFER_READY","detail":"pdf size 215 KB","method":"POST","url":"/tpr-quotation/pdf"}
{"ts":"2026-05-23T11:51:39.026Z","level":"STEP","reqId":"MPIAFVMJ-65C765","route":"QUOTATION","stage":"PDF:PAGE_CLOSE","detail":"close page","method":"POST","url":"/tpr-quotation/pdf"}
{"ts":"2026-05-23T11:51:39.039Z","level":"STEP","reqId":"MPIAFVMJ-65C765","route":"QUOTATION","stage":"RESPOND_PDF","detail":"filename=tpr_quotation.pdf","method":"POST","url":"/tpr-quotation/pdf"}
{"ts":"2026-05-23T11:51:39.039Z","level":"PDF_RESPONSE","reqId":"MPIAFVMJ-65C765","route":"QUOTATION","method":"POST","url":"/tpr-quotation/pdf","filename":"tpr_quotation.pdf","pdfBytes":220625}
{"ts":"2026-05-23T11:51:39.043Z","level":"REQUEST_DONE","reqId":"MPIAFVMJ-65C765","route":"QUOTATION","method":"POST","url":"/tpr-quotation/pdf","status":200,"durationMs":2376,"responseSize":"215 KB"}
{"ts":"2026-05-23T11:53:02.805Z","level":"WARN","title":"SHUTDOWN","message":"received SIGINT, closing server resources...","signal":"SIGINT"}
{"ts":"2026-05-23T11:53:06.069Z","level":"INFO","title":"TEMPLATE","message":"compile templates\\tpr_quotation.hbs","templatePath":"C:\\Projcet TPR\\report-server\\templates\\tpr_quotation.hbs"}
{"ts":"2026-05-23T11:53:06.071Z","level":"INFO","title":"TEMPLATE","message":"compile templates\\tpr_credit_note.hbs","templatePath":"C:\\Projcet TPR\\report-server\\templates\\tpr_credit_note.hbs"}
{"ts":"2026-05-23T11:53:06.072Z","level":"INFO","title":"TEMPLATE","message":"compile templates\\tpr_invoice.hbs","templatePath":"C:\\Projcet TPR\\report-server\\templates\\tpr_invoice.hbs"}
{"ts":"2026-05-23T11:53:06.072Z","level":"INFO","title":"TEMPLATE","message":"compile templates\\tpr_purchase_order.hbs","templatePath":"C:\\Projcet TPR\\report-server\\templates\\tpr_purchase_order.hbs"}
{"ts":"2026-05-23T11:53:06.073Z","level":"INFO","title":"TEMPLATE","message":"compile templates\\tpr_receipt.hbs","templatePath":"C:\\Projcet TPR\\report-server\\templates\\tpr_receipt.hbs"}
{"ts":"2026-05-23T11:53:06.074Z","level":"INFO","title":"TEMPLATE","message":"compile templates\\tpr_tax_receipt.hbs","templatePath":"C:\\Projcet TPR\\report-server\\templates\\tpr_tax_receipt.hbs"}
{"ts":"2026-05-23T11:53:06.075Z","level":"INFO","title":"TEMPLATE","message":"compile templates\\tpr_withholding_tax_certificate.hbs","templatePath":"C:\\Projcet TPR\\report-server\\templates\\tpr_withholding_tax_certificate.hbs"}
{"ts":"2026-05-23T11:53:06.075Z","level":"INFO","title":"TEMPLATE","message":"compile templates\\tpr_payment_voucher.hbs","templatePath":"C:\\Projcet TPR\\report-server\\templates\\tpr_payment_voucher.hbs"}
{"ts":"2026-05-23T11:53:06.076Z","level":"INFO","title":"TEMPLATE","message":"compile templates\\tpr_receipt_voucher.hbs","templatePath":"C:\\Projcet TPR\\report-server\\templates\\tpr_receipt_voucher.hbs"}
{"ts":"2026-05-23T11:53:06.077Z","level":"INFO","title":"TEMPLATE","message":"compile templates\\tpr_petty_cash_voucher.hbs","templatePath":"C:\\Projcet TPR\\report-server\\templates\\tpr_petty_cash_voucher.hbs"}
{"ts":"2026-05-23T11:53:06.077Z","level":"INFO","title":"TEMPLATE","message":"compile templates\\tpr_petty_cash_request.hbs","templatePath":"C:\\Projcet TPR\\report-server\\templates\\tpr_petty_cash_request.hbs"}
{"ts":"2026-05-23T11:53:06.078Z","level":"INFO","title":"TEMPLATE","message":"compile templates\\tpr_petty_cash_payment_report.hbs","templatePath":"C:\\Projcet TPR\\report-server\\templates\\tpr_petty_cash_payment_report.hbs"}
{"ts":"2026-05-23T11:53:06.078Z","level":"INFO","title":"TEMPLATE","message":"compile templates\\tpr_receipt_certification.hbs","templatePath":"C:\\Projcet TPR\\report-server\\templates\\tpr_receipt_certification.hbs"}
{"ts":"2026-05-23T11:53:06.078Z","level":"INFO","title":"TEMPLATE","message":"compile templates\\tpr_payroll_slip.hbs","templatePath":"C:\\Projcet TPR\\report-server\\templates\\tpr_payroll_slip.hbs"}
{"ts":"2026-05-23T11:53:06.079Z","level":"WARN","title":"CSS","message":"inline missing: C:\\Projcet TPR\\report-server\\public\\css\\quotation.css (ไม่จำเป็นถ้า CSS อยู่ใน hbs แล้ว)","cssPath":"C:\\Projcet TPR\\report-server\\public\\css\\quotation.css"}
{"ts":"2026-05-23T11:53:06.097Z","level":"OK","title":"READY","message":"PDF server is running","port":4100,"logFile":"C:\\Projcet TPR\\report-server\\logs\\server-2026-05-23.log"}
{"ts":"2026-05-23T11:53:06.098Z","level":"BOOT","message":"PDF server is running","port":4100,"logFile":"C:\\Projcet TPR\\report-server\\logs\\server-2026-05-23.log"}
{"ts":"2026-05-23T11:53:11.639Z","level":"STEP","reqId":"MPIAHWWM-QSC1CL","route":"QUOTATION","stage":"START","detail":"OPTIONS /tpr-quotation/pdf","method":"OPTIONS","url":"/tpr-quotation/pdf"}
{"ts":"2026-05-23T11:53:11.640Z","level":"REQUEST_START","reqId":"MPIAHWWM-QSC1CL","route":"QUOTATION","method":"OPTIONS","url":"/tpr-quotation/pdf","ip":"::1","origin":"http://localhost:5174","ua":"Mozilla/5.0 (Windows NT 10.0; Win64; x64) AppleWebKit/537.36 (KHTML, like Gecko) Chrome/148.0.0.0 Safari/537.36","payloadBytes":2}
{"ts":"2026-05-23T11:53:11.644Z","level":"REQUEST_DONE","reqId":"MPIAHWWM-QSC1CL","route":"QUOTATION","method":"OPTIONS","url":"/tpr-quotation/pdf","status":204,"durationMs":6,"responseSize":"0 B"}
{"ts":"2026-05-23T11:53:11.645Z","level":"STEP","reqId":"MPIAHWWT-LPHDKH","route":"QUOTATION","stage":"START","detail":"POST /tpr-quotation/pdf","method":"POST","url":"/tpr-quotation/pdf"}
{"ts":"2026-05-23T11:53:11.646Z","level":"REQUEST_START","reqId":"MPIAHWWT-LPHDKH","route":"QUOTATION","method":"POST","url":"/tpr-quotation/pdf","ip":"::1","origin":"http://localhost:5174","ua":"Mozilla/5.0 (Windows NT 10.0; Win64; x64) AppleWebKit/537.36 (KHTML, like Gecko) Chrome/148.0.0.0 Safari/537.36","payloadBytes":2}
{"ts":"2026-05-23T11:53:11.656Z","level":"STEP","reqId":"MPIAHWWT-LPHDKH","route":"QUOTATION","stage":"ROUTE","detail":"pdf mode","method":"POST","url":"/tpr-quotation/pdf"}
{"ts":"2026-05-23T11:53:11.657Z","level":"STEP","reqId":"MPIAHWWT-LPHDKH","route":"QUOTATION","stage":"NORMALIZE","detail":"payload 1.68 KB","method":"POST","url":"/tpr-quotation/pdf"}
{"ts":"2026-05-23T11:53:11.658Z","level":"STEP","reqId":"MPIAHWWT-LPHDKH","route":"QUOTATION","stage":"TEMPLATE","detail":"render html before pdf","method":"POST","url":"/tpr-quotation/pdf"}
{"ts":"2026-05-23T11:53:11.676Z","level":"INFO","title":"PUPPETEER","message":"launch browser..."}
{"ts":"2026-05-23T11:53:12.021Z","level":"OK","title":"PUPPETEER","message":"browser launched"}
{"ts":"2026-05-23T11:53:12.066Z","level":"STEP","reqId":"MPIAHWWT-LPHDKH","route":"QUOTATION","stage":"PDF:PAGE_OPEN","detail":"create new page","method":"POST","url":"/tpr-quotation/pdf"}
{"ts":"2026-05-23T11:53:12.070Z","level":"STEP","reqId":"MPIAHWWT-LPHDKH","route":"QUOTATION","stage":"PDF:SET_CONTENT","detail":"html size 9.58 KB","method":"POST","url":"/tpr-quotation/pdf"}
{"ts":"2026-05-23T11:53:13.813Z","level":"STEP","reqId":"MPIAHWWT-LPHDKH","route":"QUOTATION","stage":"PDF:FONTS_READY","detail":"waiting document.fonts.ready","method":"POST","url":"/tpr-quotation/pdf"}
{"ts":"2026-05-23T11:53:13.815Z","level":"STEP","reqId":"MPIAHWWT-LPHDKH","route":"QUOTATION","stage":"PDF:RENDER","detail":"format=A4 media=screen landscape=false","method":"POST","url":"/tpr-quotation/pdf"}
{"ts":"2026-05-23T11:53:13.969Z","level":"STEP","reqId":"MPIAHWWT-LPHDKH","route":"QUOTATION","stage":"PDF:BUFFER_READY","detail":"pdf size 215 KB","method":"POST","url":"/tpr-quotation/pdf"}
{"ts":"2026-05-23T11:53:13.969Z","level":"STEP","reqId":"MPIAHWWT-LPHDKH","route":"QUOTATION","stage":"PDF:PAGE_CLOSE","detail":"close page","method":"POST","url":"/tpr-quotation/pdf"}
{"ts":"2026-05-23T11:53:13.982Z","level":"STEP","reqId":"MPIAHWWT-LPHDKH","route":"QUOTATION","stage":"RESPOND_PDF","detail":"filename=tpr_quotation.pdf","method":"POST","url":"/tpr-quotation/pdf"}
{"ts":"2026-05-23T11:53:13.983Z","level":"PDF_RESPONSE","reqId":"MPIAHWWT-LPHDKH","route":"QUOTATION","method":"POST","url":"/tpr-quotation/pdf","filename":"tpr_quotation.pdf","pdfBytes":220625}
{"ts":"2026-05-23T11:53:13.987Z","level":"REQUEST_DONE","reqId":"MPIAHWWT-LPHDKH","route":"QUOTATION","method":"POST","url":"/tpr-quotation/pdf","status":200,"durationMs":2340,"responseSize":"215 KB"}
{"ts":"2026-05-23T11:57:53.772Z","level":"STEP","reqId":"MPIANYLO-VLSNAV","route":"QUOTATION","stage":"START","detail":"OPTIONS /tpr-quotation/pdf","method":"OPTIONS","url":"/tpr-quotation/pdf"}
{"ts":"2026-05-23T11:57:53.773Z","level":"REQUEST_START","reqId":"MPIANYLO-VLSNAV","route":"QUOTATION","method":"OPTIONS","url":"/tpr-quotation/pdf","ip":"::1","origin":"http://localhost:5174","ua":"Mozilla/5.0 (Windows NT 10.0; Win64; x64) AppleWebKit/537.36 (KHTML, like Gecko) Chrome/148.0.0.0 Safari/537.36","payloadBytes":2}
{"ts":"2026-05-23T11:57:53.775Z","level":"REQUEST_DONE","reqId":"MPIANYLO-VLSNAV","route":"QUOTATION","method":"OPTIONS","url":"/tpr-quotation/pdf","status":204,"durationMs":2,"responseSize":"0 B"}
{"ts":"2026-05-23T11:57:53.776Z","level":"STEP","reqId":"MPIANYLR-HNMMQ0","route":"QUOTATION","stage":"START","detail":"POST /tpr-quotation/pdf","method":"POST","url":"/tpr-quotation/pdf"}
{"ts":"2026-05-23T11:57:53.776Z","level":"REQUEST_START","reqId":"MPIANYLR-HNMMQ0","route":"QUOTATION","method":"POST","url":"/tpr-quotation/pdf","ip":"::1","origin":"http://localhost:5174","ua":"Mozilla/5.0 (Windows NT 10.0; Win64; x64) AppleWebKit/537.36 (KHTML, like Gecko) Chrome/148.0.0.0 Safari/537.36","payloadBytes":2}
{"ts":"2026-05-23T11:57:53.778Z","level":"STEP","reqId":"MPIANYLR-HNMMQ0","route":"QUOTATION","stage":"ROUTE","detail":"pdf mode","method":"POST","url":"/tpr-quotation/pdf"}
{"ts":"2026-05-23T11:57:53.779Z","level":"STEP","reqId":"MPIANYLR-HNMMQ0","route":"QUOTATION","stage":"NORMALIZE","detail":"payload 1.68 KB","method":"POST","url":"/tpr-quotation/pdf"}
{"ts":"2026-05-23T11:57:53.779Z","level":"STEP","reqId":"MPIANYLR-HNMMQ0","route":"QUOTATION","stage":"TEMPLATE","detail":"render html before pdf","method":"POST","url":"/tpr-quotation/pdf"}
{"ts":"2026-05-23T11:57:53.781Z","level":"INFO","title":"PUPPETEER","message":"reuse existing browser instance"}
{"ts":"2026-05-23T11:57:53.844Z","level":"STEP","reqId":"MPIANYLR-HNMMQ0","route":"QUOTATION","stage":"PDF:PAGE_OPEN","detail":"create new page","method":"POST","url":"/tpr-quotation/pdf"}
{"ts":"2026-05-23T11:57:53.848Z","level":"STEP","reqId":"MPIANYLR-HNMMQ0","route":"QUOTATION","stage":"PDF:SET_CONTENT","detail":"html size 9.58 KB","method":"POST","url":"/tpr-quotation/pdf"}
{"ts":"2026-05-23T11:57:56.618Z","level":"STEP","reqId":"MPIANYLR-HNMMQ0","route":"QUOTATION","stage":"PDF:FONTS_READY","detail":"waiting document.fonts.ready","method":"POST","url":"/tpr-quotation/pdf"}
{"ts":"2026-05-23T11:57:56.620Z","level":"STEP","reqId":"MPIANYLR-HNMMQ0","route":"QUOTATION","stage":"PDF:RENDER","detail":"format=A4 media=screen landscape=false","method":"POST","url":"/tpr-quotation/pdf"}
{"ts":"2026-05-23T11:57:56.791Z","level":"STEP","reqId":"MPIANYLR-HNMMQ0","route":"QUOTATION","stage":"PDF:BUFFER_READY","detail":"pdf size 215 KB","method":"POST","url":"/tpr-quotation/pdf"}
{"ts":"2026-05-23T11:57:56.792Z","level":"STEP","reqId":"MPIANYLR-HNMMQ0","route":"QUOTATION","stage":"PDF:PAGE_CLOSE","detail":"close page","method":"POST","url":"/tpr-quotation/pdf"}
{"ts":"2026-05-23T11:57:56.805Z","level":"STEP","reqId":"MPIANYLR-HNMMQ0","route":"QUOTATION","stage":"RESPOND_PDF","detail":"filename=tpr_quotation.pdf","method":"POST","url":"/tpr-quotation/pdf"}
{"ts":"2026-05-23T11:57:56.806Z","level":"PDF_RESPONSE","reqId":"MPIANYLR-HNMMQ0","route":"QUOTATION","method":"POST","url":"/tpr-quotation/pdf","filename":"tpr_quotation.pdf","pdfBytes":220625}
{"ts":"2026-05-23T11:57:56.809Z","level":"REQUEST_DONE","reqId":"MPIANYLR-HNMMQ0","route":"QUOTATION","method":"POST","url":"/tpr-quotation/pdf","status":200,"durationMs":3032,"responseSize":"215 KB"}
{"ts":"2026-05-23T11:59:09.374Z","level":"INFO","title":"TEMPLATE","message":"compile templates\\tpr_quotation.hbs","templatePath":"C:\\Projcet TPR\\report-server\\templates\\tpr_quotation.hbs"}
{"ts":"2026-05-23T11:59:09.376Z","level":"INFO","title":"TEMPLATE","message":"compile templates\\tpr_credit_note.hbs","templatePath":"C:\\Projcet TPR\\report-server\\templates\\tpr_credit_note.hbs"}
{"ts":"2026-05-23T11:59:09.376Z","level":"INFO","title":"TEMPLATE","message":"compile templates\\tpr_invoice.hbs","templatePath":"C:\\Projcet TPR\\report-server\\templates\\tpr_invoice.hbs"}
{"ts":"2026-05-23T11:59:09.377Z","level":"INFO","title":"TEMPLATE","message":"compile templates\\tpr_purchase_order.hbs","templatePath":"C:\\Projcet TPR\\report-server\\templates\\tpr_purchase_order.hbs"}
{"ts":"2026-05-23T11:59:09.378Z","level":"INFO","title":"TEMPLATE","message":"compile templates\\tpr_receipt.hbs","templatePath":"C:\\Projcet TPR\\report-server\\templates\\tpr_receipt.hbs"}
{"ts":"2026-05-23T11:59:09.378Z","level":"INFO","title":"TEMPLATE","message":"compile templates\\tpr_tax_receipt.hbs","templatePath":"C:\\Projcet TPR\\report-server\\templates\\tpr_tax_receipt.hbs"}
{"ts":"2026-05-23T11:59:09.379Z","level":"INFO","title":"TEMPLATE","message":"compile templates\\tpr_withholding_tax_certificate.hbs","templatePath":"C:\\Projcet TPR\\report-server\\templates\\tpr_withholding_tax_certificate.hbs"}
{"ts":"2026-05-23T11:59:09.380Z","level":"INFO","title":"TEMPLATE","message":"compile templates\\tpr_payment_voucher.hbs","templatePath":"C:\\Projcet TPR\\report-server\\templates\\tpr_payment_voucher.hbs"}
{"ts":"2026-05-23T11:59:09.381Z","level":"INFO","title":"TEMPLATE","message":"compile templates\\tpr_receipt_voucher.hbs","templatePath":"C:\\Projcet TPR\\report-server\\templates\\tpr_receipt_voucher.hbs"}
{"ts":"2026-05-23T11:59:09.381Z","level":"INFO","title":"TEMPLATE","message":"compile templates\\tpr_petty_cash_voucher.hbs","templatePath":"C:\\Projcet TPR\\report-server\\templates\\tpr_petty_cash_voucher.hbs"}
{"ts":"2026-05-23T11:59:09.383Z","level":"INFO","title":"TEMPLATE","message":"compile templates\\tpr_petty_cash_request.hbs","templatePath":"C:\\Projcet TPR\\report-server\\templates\\tpr_petty_cash_request.hbs"}
{"ts":"2026-05-23T11:59:09.383Z","level":"INFO","title":"TEMPLATE","message":"compile templates\\tpr_petty_cash_payment_report.hbs","templatePath":"C:\\Projcet TPR\\report-server\\templates\\tpr_petty_cash_payment_report.hbs"}
{"ts":"2026-05-23T11:59:09.384Z","level":"INFO","title":"TEMPLATE","message":"compile templates\\tpr_receipt_certification.hbs","templatePath":"C:\\Projcet TPR\\report-server\\templates\\tpr_receipt_certification.hbs"}
{"ts":"2026-05-23T11:59:09.384Z","level":"INFO","title":"TEMPLATE","message":"compile templates\\tpr_payroll_slip.hbs","templatePath":"C:\\Projcet TPR\\report-server\\templates\\tpr_payroll_slip.hbs"}
{"ts":"2026-05-23T11:59:09.385Z","level":"WARN","title":"CSS","message":"inline missing: C:\\Projcet TPR\\report-server\\public\\css\\quotation.css (ไม่จำเป็นถ้า CSS อยู่ใน hbs แล้ว)","cssPath":"C:\\Projcet TPR\\report-server\\public\\css\\quotation.css"}
{"ts":"2026-05-23T11:59:09.407Z","level":"OK","title":"READY","message":"PDF server is running","port":4100,"logFile":"C:\\Projcet TPR\\report-server\\logs\\server-2026-05-23.log"}
{"ts":"2026-05-23T11:59:09.408Z","level":"BOOT","message":"PDF server is running","port":4100,"logFile":"C:\\Projcet TPR\\report-server\\logs\\server-2026-05-23.log"}
{"ts":"2026-05-23T11:59:57.645Z","level":"WARN","title":"SHUTDOWN","message":"received SIGINT, closing server resources...","signal":"SIGINT"}
{"ts":"2026-05-23T12:00:02.272Z","level":"INFO","title":"TEMPLATE","message":"compile templates\\tpr_quotation.hbs","templatePath":"C:\\Projcet TPR\\report-server\\templates\\tpr_quotation.hbs"}
{"ts":"2026-05-23T12:00:02.274Z","level":"INFO","title":"TEMPLATE","message":"compile templates\\tpr_credit_note.hbs","templatePath":"C:\\Projcet TPR\\report-server\\templates\\tpr_credit_note.hbs"}
{"ts":"2026-05-23T12:00:02.274Z","level":"INFO","title":"TEMPLATE","message":"compile templates\\tpr_invoice.hbs","templatePath":"C:\\Projcet TPR\\report-server\\templates\\tpr_invoice.hbs"}
{"ts":"2026-05-23T12:00:02.275Z","level":"INFO","title":"TEMPLATE","message":"compile templates\\tpr_purchase_order.hbs","templatePath":"C:\\Projcet TPR\\report-server\\templates\\tpr_purchase_order.hbs"}
{"ts":"2026-05-23T12:00:02.276Z","level":"INFO","title":"TEMPLATE","message":"compile templates\\tpr_receipt.hbs","templatePath":"C:\\Projcet TPR\\report-server\\templates\\tpr_receipt.hbs"}
{"ts":"2026-05-23T12:00:02.277Z","level":"INFO","title":"TEMPLATE","message":"compile templates\\tpr_tax_receipt.hbs","templatePath":"C:\\Projcet TPR\\report-server\\templates\\tpr_tax_receipt.hbs"}
{"ts":"2026-05-23T12:00:02.277Z","level":"INFO","title":"TEMPLATE","message":"compile templates\\tpr_withholding_tax_certificate.hbs","templatePath":"C:\\Projcet TPR\\report-server\\templates\\tpr_withholding_tax_certificate.hbs"}
{"ts":"2026-05-23T12:00:02.278Z","level":"INFO","title":"TEMPLATE","message":"compile templates\\tpr_payment_voucher.hbs","templatePath":"C:\\Projcet TPR\\report-server\\templates\\tpr_payment_voucher.hbs"}
{"ts":"2026-05-23T12:00:02.279Z","level":"INFO","title":"TEMPLATE","message":"compile templates\\tpr_receipt_voucher.hbs","templatePath":"C:\\Projcet TPR\\report-server\\templates\\tpr_receipt_voucher.hbs"}
{"ts":"2026-05-23T12:00:02.280Z","level":"INFO","title":"TEMPLATE","message":"compile templates\\tpr_petty_cash_voucher.hbs","templatePath":"C:\\Projcet TPR\\report-server\\templates\\tpr_petty_cash_voucher.hbs"}
{"ts":"2026-05-23T12:00:02.282Z","level":"INFO","title":"TEMPLATE","message":"compile templates\\tpr_petty_cash_request.hbs","templatePath":"C:\\Projcet TPR\\report-server\\templates\\tpr_petty_cash_request.hbs"}
{"ts":"2026-05-23T12:00:02.283Z","level":"INFO","title":"TEMPLATE","message":"compile templates\\tpr_petty_cash_payment_report.hbs","templatePath":"C:\\Projcet TPR\\report-server\\templates\\tpr_petty_cash_payment_report.hbs"}
{"ts":"2026-05-23T12:00:02.283Z","level":"INFO","title":"TEMPLATE","message":"compile templates\\tpr_receipt_certification.hbs","templatePath":"C:\\Projcet TPR\\report-server\\templates\\tpr_receipt_certification.hbs"}
{"ts":"2026-05-23T12:00:02.284Z","level":"INFO","title":"TEMPLATE","message":"compile templates\\tpr_payroll_slip.hbs","templatePath":"C:\\Projcet TPR\\report-server\\templates\\tpr_payroll_slip.hbs"}
{"ts":"2026-05-23T12:00:02.285Z","level":"WARN","title":"CSS","message":"inline missing: C:\\Projcet TPR\\report-server\\public\\css\\quotation.css (ไม่จำเป็นถ้า CSS อยู่ใน hbs แล้ว)","cssPath":"C:\\Projcet TPR\\report-server\\public\\css\\quotation.css"}
{"ts":"2026-05-23T12:00:02.306Z","level":"OK","title":"READY","message":"PDF server is running","port":4100,"logFile":"C:\\Projcet TPR\\report-server\\logs\\server-2026-05-23.log"}
{"ts":"2026-05-23T12:00:02.307Z","level":"BOOT","message":"PDF server is running","port":4100,"logFile":"C:\\Projcet TPR\\report-server\\logs\\server-2026-05-23.log"}
{"ts":"2026-05-23T12:00:06.556Z","level":"STEP","reqId":"MPIAQT24-37MNK8","route":"QUOTATION","stage":"START","detail":"OPTIONS /tpr-quotation/pdf","method":"OPTIONS","url":"/tpr-quotation/pdf"}
{"ts":"2026-05-23T12:00:06.558Z","level":"REQUEST_START","reqId":"MPIAQT24-37MNK8","route":"QUOTATION","method":"OPTIONS","url":"/tpr-quotation/pdf","ip":"::1","origin":"http://localhost:5174","ua":"Mozilla/5.0 (Windows NT 10.0; Win64; x64) AppleWebKit/537.36 (KHTML, like Gecko) Chrome/148.0.0.0 Safari/537.36","payloadBytes":2}
{"ts":"2026-05-23T12:00:06.561Z","level":"REQUEST_DONE","reqId":"MPIAQT24-37MNK8","route":"QUOTATION","method":"OPTIONS","url":"/tpr-quotation/pdf","status":204,"durationMs":5,"responseSize":"0 B"}
{"ts":"2026-05-23T12:00:06.562Z","level":"STEP","reqId":"MPIAQT2A-4V3XK6","route":"QUOTATION","stage":"START","detail":"POST /tpr-quotation/pdf","method":"POST","url":"/tpr-quotation/pdf"}
{"ts":"2026-05-23T12:00:06.563Z","level":"REQUEST_START","reqId":"MPIAQT2A-4V3XK6","route":"QUOTATION","method":"POST","url":"/tpr-quotation/pdf","ip":"::1","origin":"http://localhost:5174","ua":"Mozilla/5.0 (Windows NT 10.0; Win64; x64) AppleWebKit/537.36 (KHTML, like Gecko) Chrome/148.0.0.0 Safari/537.36","payloadBytes":2}
{"ts":"2026-05-23T12:00:06.575Z","level":"STEP","reqId":"MPIAQT2A-4V3XK6","route":"QUOTATION","stage":"ROUTE","detail":"pdf mode","method":"POST","url":"/tpr-quotation/pdf"}
{"ts":"2026-05-23T12:00:06.576Z","level":"STEP","reqId":"MPIAQT2A-4V3XK6","route":"QUOTATION","stage":"NORMALIZE","detail":"payload 1.68 KB","method":"POST","url":"/tpr-quotation/pdf"}
{"ts":"2026-05-23T12:00:06.577Z","level":"STEP","reqId":"MPIAQT2A-4V3XK6","route":"QUOTATION","stage":"TEMPLATE","detail":"render html before pdf","method":"POST","url":"/tpr-quotation/pdf"}
{"ts":"2026-05-23T12:00:06.595Z","level":"INFO","title":"PUPPETEER","message":"launch browser..."}
{"ts":"2026-05-23T12:00:06.962Z","level":"OK","title":"PUPPETEER","message":"browser launched"}
{"ts":"2026-05-23T12:00:07.010Z","level":"STEP","reqId":"MPIAQT2A-4V3XK6","route":"QUOTATION","stage":"PDF:PAGE_OPEN","detail":"create new page","method":"POST","url":"/tpr-quotation/pdf"}
{"ts":"2026-05-23T12:00:07.015Z","level":"STEP","reqId":"MPIAQT2A-4V3XK6","route":"QUOTATION","stage":"PDF:SET_CONTENT","detail":"html size 9.22 KB","method":"POST","url":"/tpr-quotation/pdf"}
{"ts":"2026-05-23T12:00:08.565Z","level":"STEP","reqId":"MPIAQT2A-4V3XK6","route":"QUOTATION","stage":"PDF:FONTS_READY","detail":"waiting document.fonts.ready","method":"POST","url":"/tpr-quotation/pdf"}
{"ts":"2026-05-23T12:00:08.568Z","level":"STEP","reqId":"MPIAQT2A-4V3XK6","route":"QUOTATION","stage":"PDF:RENDER","detail":"format=A4 media=screen landscape=false","method":"POST","url":"/tpr-quotation/pdf"}
{"ts":"2026-05-23T12:00:08.722Z","level":"STEP","reqId":"MPIAQT2A-4V3XK6","route":"QUOTATION","stage":"PDF:BUFFER_READY","detail":"pdf size 209 KB","method":"POST","url":"/tpr-quotation/pdf"}
{"ts":"2026-05-23T12:00:08.722Z","level":"STEP","reqId":"MPIAQT2A-4V3XK6","route":"QUOTATION","stage":"PDF:PAGE_CLOSE","detail":"close page","method":"POST","url":"/tpr-quotation/pdf"}
{"ts":"2026-05-23T12:00:08.735Z","level":"STEP","reqId":"MPIAQT2A-4V3XK6","route":"QUOTATION","stage":"RESPOND_PDF","detail":"filename=tpr_quotation.pdf","method":"POST","url":"/tpr-quotation/pdf"}
{"ts":"2026-05-23T12:00:08.736Z","level":"PDF_RESPONSE","reqId":"MPIAQT2A-4V3XK6","route":"QUOTATION","method":"POST","url":"/tpr-quotation/pdf","filename":"tpr_quotation.pdf","pdfBytes":214364}
{"ts":"2026-05-23T12:00:08.738Z","level":"REQUEST_DONE","reqId":"MPIAQT2A-4V3XK6","route":"QUOTATION","method":"POST","url":"/tpr-quotation/pdf","status":200,"durationMs":2176,"responseSize":"209 KB"}
{"ts":"2026-05-23T12:01:10.283Z","level":"INFO","title":"TEMPLATE","message":"compile templates\\tpr_quotation.hbs","templatePath":"C:\\Projcet TPR\\report-server\\templates\\tpr_quotation.hbs"}
{"ts":"2026-05-23T12:01:10.284Z","level":"INFO","title":"TEMPLATE","message":"compile templates\\tpr_credit_note.hbs","templatePath":"C:\\Projcet TPR\\report-server\\templates\\tpr_credit_note.hbs"}
{"ts":"2026-05-23T12:01:10.285Z","level":"INFO","title":"TEMPLATE","message":"compile templates\\tpr_invoice.hbs","templatePath":"C:\\Projcet TPR\\report-server\\templates\\tpr_invoice.hbs"}
{"ts":"2026-05-23T12:01:10.285Z","level":"INFO","title":"TEMPLATE","message":"compile templates\\tpr_purchase_order.hbs","templatePath":"C:\\Projcet TPR\\report-server\\templates\\tpr_purchase_order.hbs"}
{"ts":"2026-05-23T12:01:10.286Z","level":"INFO","title":"TEMPLATE","message":"compile templates\\tpr_receipt.hbs","templatePath":"C:\\Projcet TPR\\report-server\\templates\\tpr_receipt.hbs"}
{"ts":"2026-05-23T12:01:10.287Z","level":"INFO","title":"TEMPLATE","message":"compile templates\\tpr_tax_receipt.hbs","templatePath":"C:\\Projcet TPR\\report-server\\templates\\tpr_tax_receipt.hbs"}
{"ts":"2026-05-23T12:01:10.288Z","level":"INFO","title":"TEMPLATE","message":"compile templates\\tpr_withholding_tax_certificate.hbs","templatePath":"C:\\Projcet TPR\\report-server\\templates\\tpr_withholding_tax_certificate.hbs"}
{"ts":"2026-05-23T12:01:10.289Z","level":"INFO","title":"TEMPLATE","message":"compile templates\\tpr_payment_voucher.hbs","templatePath":"C:\\Projcet TPR\\report-server\\templates\\tpr_payment_voucher.hbs"}
{"ts":"2026-05-23T12:01:10.289Z","level":"INFO","title":"TEMPLATE","message":"compile templates\\tpr_receipt_voucher.hbs","templatePath":"C:\\Projcet TPR\\report-server\\templates\\tpr_receipt_voucher.hbs"}
{"ts":"2026-05-23T12:01:10.290Z","level":"INFO","title":"TEMPLATE","message":"compile templates\\tpr_petty_cash_voucher.hbs","templatePath":"C:\\Projcet TPR\\report-server\\templates\\tpr_petty_cash_voucher.hbs"}
{"ts":"2026-05-23T12:01:10.291Z","level":"INFO","title":"TEMPLATE","message":"compile templates\\tpr_petty_cash_request.hbs","templatePath":"C:\\Projcet TPR\\report-server\\templates\\tpr_petty_cash_request.hbs"}
{"ts":"2026-05-23T12:01:10.291Z","level":"INFO","title":"TEMPLATE","message":"compile templates\\tpr_petty_cash_payment_report.hbs","templatePath":"C:\\Projcet TPR\\report-server\\templates\\tpr_petty_cash_payment_report.hbs"}
{"ts":"2026-05-23T12:01:10.291Z","level":"INFO","title":"TEMPLATE","message":"compile templates\\tpr_receipt_certification.hbs","templatePath":"C:\\Projcet TPR\\report-server\\templates\\tpr_receipt_certification.hbs"}
{"ts":"2026-05-23T12:01:10.292Z","level":"INFO","title":"TEMPLATE","message":"compile templates\\tpr_payroll_slip.hbs","templatePath":"C:\\Projcet TPR\\report-server\\templates\\tpr_payroll_slip.hbs"}
{"ts":"2026-05-23T12:01:10.292Z","level":"WARN","title":"CSS","message":"inline missing: C:\\Projcet TPR\\report-server\\public\\css\\quotation.css (ไม่จำเป็นถ้า CSS อยู่ใน hbs แล้ว)","cssPath":"C:\\Projcet TPR\\report-server\\public\\css\\quotation.css"}
{"ts":"2026-05-23T12:01:10.311Z","level":"OK","title":"READY","message":"PDF server is running","port":4100,"logFile":"C:\\Projcet TPR\\report-server\\logs\\server-2026-05-23.log"}
{"ts":"2026-05-23T12:01:10.311Z","level":"BOOT","message":"PDF server is running","port":4100,"logFile":"C:\\Projcet TPR\\report-server\\logs\\server-2026-05-23.log"}
